,N0,N1,N2
0,-0.9252718260191142,-0.32224041656392116,0.02080549846570471
1,0.343892725400942,-0.43134621006549034,-0.3861181115962683
2,0.9861015732739091,0.8964444235004244,-1.654245168165973
3,0.5959114706788027,-0.24088647781553757,1.1671147985768484
4,0.2839922169142028,-0.13786580590598024,0.962640121921262
5,0.18155975388058415,-0.5392223521504063,-0.8799821254297998
6,-0.5497061258242996,0.34524806984125783,-2.650534006901615
7,2.1906042895726148,1.1990809490255836,1.629914998161229
8,0.0059072619493470944,-1.264248873964765,0.09117369256152406
9,-1.7265579940954914,-0.5725503837152378,-0.70825278504902
10,-1.4723886786328004,0.9277744906510473,-1.2683530392481333
11,-0.8633751419231737,-2.1379927383109485,1.9838107833987522
12,0.5562302486738842,0.7902526326027348,-1.2207038889821924
13,1.2188063276594199,-1.0682740228914074,-1.3482728155571417
14,-1.511490118731326,1.3279844272373158,-0.5857817128845815
15,0.7791406755193295,0.9170178809274103,1.5601298184251648
16,-0.18398539323285554,0.9880796339283312,-0.04300835503623212
17,-0.8814588044976823,0.28818263949696826,-1.3593751187014396
18,-0.16118029804626047,-0.3146715099533006,-0.14696596701289205
19,0.34015270897457883,-0.012739318233196238,-1.0930866271304205
20,0.3771308426465433,-1.0832739953725083,0.11978763192836507
21,-0.3881802258512742,-1.0887070744797465,-1.0645437153429504
22,-0.7129321893789446,1.4897868581305704,0.6517591611661592
23,-1.0507401731337376,-1.533278315806174,0.6333581783254576
24,0.13020083205245478,-0.9575006956859663,-1.595030042681476
25,0.8846805059149907,-1.833564433474876,1.3906464475295757
26,0.9191368755740408,2.132772822615272,-0.4806463884630199
27,0.5866873460040608,-0.1482187214848648,-0.9749336857704889
28,1.341269641108243,-0.3431748334608051,0.23947648065922442
29,-1.058765964768365,0.6374789457599037,-1.9178395078577315
30,-0.2554044360640704,0.5365953037398754,-0.4850471263387938
31,1.8754766641686555,0.1713247353415064,-0.39940758872378457
32,-0.19542976351566158,-3.654362921128271,0.807677339767701
33,-1.9160623494636377,-0.873204208032721,-0.3743888641653308
34,0.823180456633138,0.01709178093189414,-1.6003259954518296
35,0.4810513365388145,-0.40535487964742056,-1.0115452423733244
36,-1.8682959476907268,0.03674159415957599,-2.385521902861636
37,0.47683088392819023,1.7223829770423662,-0.6535239359630027
38,0.8884543357296917,-1.4755345104661475,-0.5357274808079666
39,-0.0907417912468287,-2.1949066662554437,0.5248028029486592
40,1.3073633106639044,-0.5887816914911398,1.2676162165393567
41,0.5773367738616169,0.856019482262245,1.487026276968907
42,1.2466697391206785,0.005471851287525194,-0.09324367733186185
43,0.3663943065043895,0.901295370499186,-0.18326523010712997
44,-0.24983965457402038,-1.0750012171841796,0.3580314015730167
45,-0.5480332243974916,-0.8843956133415611,0.33541119181158574
46,-0.8274709976714493,-0.4996431054212809,1.1805011672194474
47,-0.25171196021474307,1.1063503372685755,0.10393858929858549
48,-0.21268486896515312,-0.24894080031603935,0.935747814150004
49,-0.19926448725842533,0.3618432821956539,-0.028871688784439995
50,1.1494985156847795,0.8095782749043718,0.09231059283252026
51,0.4765217035833537,-0.6914200655759529,-0.515644400749381
52,0.6714229762692085,-0.23092118459413297,-0.04567237103849086
53,-0.8229593881188584,-1.0543305630023145,0.23484922697197702
54,-0.010276774088459544,-0.4821106730638414,-0.07033355383296772
55,1.071659611521221,1.4977426842700432,-0.05224341578280117
56,0.7527052070955779,0.9804393717913403,1.519089258520278
57,0.37802773108501436,0.8291387147658273,-0.9691636331635786
58,1.233392039248133,0.05846325378250699,-1.0219590102838594
59,1.2985243458754605,0.5336622199664393,1.3958441640769337
60,-0.13470855578697083,-0.4536512068789122,-0.639053637064899
61,0.9270571805117089,-2.2341443471296722,0.23620692456668527
62,0.054882666138432734,0.4512791343397975,0.6704765571786779
63,0.17398767319248284,-1.2329232035669095,0.4500172877713729
64,-0.08111754212028312,0.96175297816314,-1.828772451563643
65,-0.13469831141222052,-0.4730898324501798,-0.6804062721443661
66,-0.6176360029278055,-0.012934004544149561,1.429336463958179
67,0.12420029535366062,-0.4633201207480067,-2.1478345464025934
68,1.3896629285437054,-1.2212699013178856,0.9736802932831328
69,0.4755659053056377,-0.38942582482536786,-1.2959239056126584
70,-0.6618372658186708,-1.0398847450187256,0.9327534765407078
71,-0.049395735484243114,0.4359431795237271,-0.22774078959205907
72,1.0927745516409195,0.853160096625634,-0.7609819845944757
73,1.3989380035622754,0.6792697820109347,-0.5455807475801486
74,0.31250323673754354,-2.1351816483396884,0.07829268282202133
75,0.7825075589797311,0.2994014917777905,1.1672073457403653
76,-2.318157223465576,1.5863072249026415,-1.4595932785858061
77,2.900588601528672,0.6735876634267504,-0.25170827595063605
78,-1.7177617563546204,1.04923774942191,0.004593744433418934
79,0.6253983435797271,0.06755472395746986,0.44508351891819525
80,-1.2227661224781365,1.1080749926529223,-0.011304312690033744
81,-0.74540574905487,0.05288707273210328,0.5391972211658488
82,-0.9765333917391694,-0.24771858557207369,0.6547880165433784
83,-0.4117910352818376,1.5238747793636387,0.3645777482929007
84,-3.0774079296622747,-0.9718028402234173,0.5924664600291898
85,-1.313052502778668,-0.23732645224253968,-0.7307190595865105
86,-0.6551662893694311,-0.45506851744349514,1.1650933772956626
87,-0.3782364470130723,-1.1119221729347242,0.7291482488865288
88,0.5162377358833024,0.31669088705090803,-0.58336014070341
89,-1.0990095899349432,-0.804369084809016,1.3396415659616143
90,0.5983002550489869,0.42066931504704025,0.4205079226461393
91,0.553313788613516,-0.4216765984393797,-0.07745573277493584
92,-1.1609503230754386,-1.0904608792636343,-0.1988969095300983
93,-0.66279404555991,0.5811077402523234,-0.7077589082387596
94,1.0540738599798327,-0.797864737529042,1.0530915169709738
95,1.9950533975688356,1.2819252711689915,-1.439862884301744
96,0.599510999787174,1.5118712022162604,-0.4836715653237659
97,-1.8861866106721996,1.2527027985082606,0.7472735569097696
98,1.944938067833584,-2.016734722785654,-0.06911833672447669
99,0.8451588206064629,-0.2191253209943141,1.2601521956549855
100,-0.15690907493317346,1.7948785189839767,2.228946985735416
101,-0.31555129247050856,0.1492826983233157,1.3443679287909678
102,1.8678701324960332,0.9270923643717623,-0.11553405239733286
103,-1.4553704826474212,-0.5735461642007195,0.4773061804119785
104,-0.7469455206532248,1.2359543070197563,0.9102661872111084
105,-1.6875875242699883,1.103849156042915,-0.8823650477408187
106,-0.24794191821686457,-0.11660265912112287,0.1291082563659552
107,0.08623023969184984,1.335005134485757,1.7875380479880159
108,1.284820928446315,-0.07772352957755392,0.40416004167449876
109,-0.16934058259669857,0.6518205774103732,0.08065465669643727
110,0.1838444239747936,0.6177304215588427,0.2045257986081595
111,-0.972051968642528,-0.37618847678648804,-0.8116174318209705
112,0.7241629636190364,2.054843948417648,0.9393918624642412
113,0.33305791941822427,1.6863699319423964,-1.1636149369904942
114,0.98102413737396,0.49365803331787117,0.014736226796368877
115,0.7362987787118451,1.0733349842937832,0.2604743470069957
116,0.5237733511687901,-1.4853707921923764,1.4143301794729117
117,-0.442386199464476,0.7342251094140669,-0.44573291786641395
118,0.1329269426270729,1.3772220553846939,0.48111819128052863
119,1.1728433949836936,0.5490905893313746,-0.3564467149812066
120,1.1529265644640763,-0.1552908762105772,1.0247839031794832
121,0.03333523343461754,1.9450693551653435,-1.5939029154434061
122,-1.4094638525164105,-0.11916459175032063,0.8259236302341695
123,0.1977008794581743,-0.5057030386802723,0.8635503494717204
124,0.5192172060087228,0.8021440500346416,0.05914372169794542
125,-0.20006129923198493,1.481093995608049,0.42117354673059765
126,1.2081233045486888,-0.0729522713253751,-1.628127427909266
127,-1.4224585311372808,-0.36457435203235516,1.2441472718139004
128,-1.0965254646097864,0.10423362257090434,0.26557284718508845
129,0.7447665964776424,0.9074515399870207,-0.42398891814214734
130,-0.6370352396873127,1.3790555267236257,-0.5562800047793328
131,-0.1962868786059544,-0.2808074139697044,-0.1687630365039929
132,-1.1403139484465528,0.5439692457814969,1.1136082819975426
133,0.032277782514647864,0.1302457198937758,1.1231002871915237
134,1.12492044426712,-1.494071832256823,-0.07845597278262717
135,0.7628939130731907,1.0355616887060173,-0.2962603733459542
136,-1.7951365981249328,-0.26834857968680104,0.7995869914620712
137,0.17821828082041294,0.013895028849520189,-1.204527865280189
138,-0.49984309471921373,0.32699271648765743,0.20307586384039855
139,0.2749579474277121,-1.045070211986053,0.8801865483762514
140,0.030868388072803944,1.0749642625482274,1.925117758840837
141,-1.5435728576760854,-0.15046889776186115,-0.4730444326373656
142,0.7484479886401322,0.4576586584945013,-1.810986989525389
143,-1.1144900125455546,0.37615148055605196,0.3774235428351846
144,-0.26232917565244396,-0.2958024272860146,-0.7511831152413297
145,1.7234789461745033,0.2549642664372461,-0.11446951378631454
146,1.0177648345887762,1.3508410192141802,-0.7510945677868622
147,-1.3102814284763022,-1.12382578845628,-0.39785910745483927
148,0.4138674754252557,-0.663186133385883,-0.23297336686293119
149,-1.6919388146368883,1.0064961118943447,0.21726469442633942
150,0.3582962086085529,0.11898013241514953,-1.4828944636287813
151,1.8143495251867963,0.2567879952484456,0.6553904427427469
152,0.4144767118576595,-0.37334516878525703,-0.5196185236651607
153,2.8117198037296816,0.6097436401784794,-2.337877136568549
154,0.08012836912082792,0.2199214777097386,0.5163265098234224
155,0.5806078174669985,0.756765810161703,-0.759341474990308
156,0.6005677722098806,0.26798614261092996,2.1289960750324455
157,-0.8651099552358773,-0.41174839959492837,0.12371206824776615
158,1.2496031702999877,0.18510317904546478,-0.043910972680487007
159,1.0082327866845882,0.8004600759059151,-1.6952685374749044
160,-2.359225383217619,0.7898056839014646,0.6506164386297262
161,-1.6227753089675923,0.08000875653482892,0.5700302902770764
162,0.9860885974188573,-1.7511018898163195,0.24052522909282226
163,0.560098279505525,0.02910170087690606,-0.8364693004587325
164,-0.6263424017337488,-0.06958779100579425,-1.3005805118060523
165,-1.880975949686015,-0.47764315781103245,0.15478386655391907
166,0.8514399703623342,2.7362891321658664,-0.5223301498191527
167,-0.24809494835768164,-1.0689995643598125,-0.13153340743226632
168,-0.5446043552208037,0.8517315240113448,0.6423347488718905
169,0.10343758925807678,0.2637386949490116,-0.10689614828276944
170,-0.43926300023453124,1.2749583133715525,-0.0023145681276421862
171,1.4531963928340212,-0.9452145120670892,-0.4913909227714072
172,-0.8843087613896936,0.5448463249545059,-2.086478034530514
173,0.4609207693278219,1.0589555835110245,0.12951232055371775
174,-0.7756171862224154,-0.9101189274198614,-1.3113644768421868
175,0.6896863997506842,-0.9106555701317739,0.20348868961091357
176,-0.6881010552153783,-0.6857786806139591,0.16291848857462393
177,0.2905457969573158,0.16274342438002504,-0.08442111183837196
178,1.131857923851426,0.013235110193880323,0.5046121519090143
179,-0.2666160281411809,0.5131567580824336,1.2079678461696344
180,1.3665293405247037,0.30234707571763436,-0.36982197085589175
181,1.2402947308269632,0.1441463098703902,0.023133612544934574
182,-0.8176243784599653,-1.3916343969494986,-0.7530275057537078
183,0.1282060590187876,-2.1475385153036184,1.6852410599873735
184,0.885489593723467,2.551280140626146,0.16777165792816082
185,-0.400717348245823,-0.13237817332367513,0.37122424364359075
186,0.7479988600067331,-0.8695089242812646,0.5645314828901468
187,-0.764929830682242,0.7663655444641866,0.3777940368563877
188,-0.885767145461738,-0.8657477728326799,-0.2366203684750407
189,-1.8522647367089797,0.2182313528192039,0.9884735943038564
190,1.584825252021244,1.702343281652025,1.2148603648362852
191,-0.9648859321940519,0.42788911649303396,-1.0058331449972882
192,-0.4464362577879539,-0.6275171436933679,-0.027982640643986076
193,0.8755078155328918,-0.8771028397200488,1.4867082933111422
194,-1.7647686444548838,-1.4753319182650453,0.5640557605112103
195,0.22818057196898364,-0.6281980880933333,-0.011117287956634154
196,1.1649539430112905,-1.0611413863923753,-1.2577451923933358
197,-0.6829545350916943,-1.3504204836495945,0.19977524987126372
198,0.5635676911115869,0.5173304055862902,0.1574959587463274
199,1.1363633580656982,0.7546809252750343,-1.079559455820454
200,-0.808624990664283,-0.31996443352343196,0.08171052887571748
201,0.4487917492019672,-0.32084202111620164,1.0798895120176308
202,0.33564313176746585,-1.4597371435198336,1.5027139023409681
203,-0.0655093271150954,0.7775270014198875,0.9372793788370121
204,-0.6213650849005253,-1.2592121575750246,-1.1049132496110448
205,0.00660719675384178,-1.9026213828907668,-1.7283681891848748
206,2.1018089364490233,2.433059121470146,1.1821441664147196
207,1.856630912799362,0.8663747216875696,-0.16533661830429913
208,-1.3945838403534858,0.2621479353552281,0.7788564971448975
209,-0.9755632470514053,-0.3610251818289888,-0.5710247394668857
210,0.8557865912739893,0.6108141222801589,-0.5552255860694737
211,0.16070230916627534,-0.86461307675455,0.09091574719601353
212,0.0615725314889239,0.8261874453335468,0.43299101869737994
213,-0.379769480374893,-1.0759691300260705,0.11814856955553425
214,-0.32458599777389907,0.8830939836110169,-1.6638292972463438
215,-0.7878066543253617,0.19128737170279794,-0.005944184874598829
216,-1.2692358543154727,-2.0235626357247116,0.6487891295250647
217,0.7870093425217839,0.07194747068117047,0.5137444995943878
218,0.557403936545417,-1.0789299470921003,-0.645638912228615
219,0.39128819917801677,-2.0292142899757124,-0.6103741260517555
220,-0.02121933525969653,0.6619223205431461,0.6030006703178683
221,0.05668272192925542,0.62560186025925,-0.7567721891004632
222,0.7792992554085049,-1.3581248599674158,-0.7679959290197645
223,0.27320488555535694,0.4661470288570207,1.04565893656251
224,1.1819788023287563,0.7053352879108983,1.0677941979778591
225,-1.3603690984577574,0.22525556971809782,0.45587922670661846
226,0.35809479310125136,-0.44682153163062255,-0.36894302232646964
227,-0.9276530455112549,0.23078122501315815,-0.30937205032238
228,0.5387652193490038,-1.4813949422428876,0.9334295063909375
229,1.0483106359452066,-1.0614948168813076,-0.897637415803377
230,-0.2317135285445022,-0.7632564086209966,-2.191104366773278
231,-0.8015126821332971,2.010415459161055,0.2542670601857811
232,1.462085325167845,0.9878488086815436,-0.660774244262194
233,-1.972997032490659,0.37889650845823736,-0.061997602812728314
234,1.2607925158769104,-0.7358928065656588,0.6331727281990122
235,1.554704668243461,-0.391452973589618,-1.1555061864193732
236,0.7479028919974726,-0.2876316559146667,-0.8191312339439187
237,0.9977131325580346,1.5632545411475838,-0.31716298771984003
238,0.5971174510181377,-0.02442046550216403,0.15381136261537465
239,0.2623061898720835,0.22366712028795382,-2.334744568037534
240,-0.7237204924054815,1.6108207694601635,-0.3518429016142537
241,-1.1099999345296985,-0.4440940274755741,-0.09683229716345595
242,-0.7698926817166639,0.801905992275684,-0.2255713885130178
243,-2.235246146139021,0.10459068042197717,1.0530503891438638
244,0.9546910800801361,-0.7007030937769081,0.9478499434407118
245,-0.6920719042017796,0.942332234401143,0.12658291482321773
246,-1.117375286228351,-2.134406084916652,2.012931925352125
247,0.5435891849020977,-0.9005376139350101,-0.0769506901638514
248,1.9905091766759804,-0.27321465070567974,0.5115837222174227
249,-0.7303396052965685,0.7250999395418422,1.5794124323666314
250,-0.37609015729556244,-1.3329088316869457,-1.0371392204370855
251,0.5486491141604529,-0.6448986281074501,-1.1342984456243257
252,-0.8524316307155652,0.8733994154467523,-0.16093538402628474
253,2.004342781972425,0.7518596000372736,1.0653871097696803
254,-0.4329935718011921,-0.6172593095126688,-0.03519604360399852
255,1.1406102812499275,0.7214949957299669,-0.8596604614951133
256,0.4697420199979013,0.2781795812302511,0.8813361083351566
257,-1.3188222979188988,0.27939372715188004,-0.3447523451074658
258,-1.0458040761299694,0.9006072304821455,-0.2574730196286684
259,-1.2947516651924955,1.2731577355934485,-1.4745026422854481
260,-0.05765014415962945,0.33193936727033635,0.619212412443558
261,-0.05127639211850682,0.4287230091103438,1.6126574986667253
262,2.12375745706759,-1.366242907403993,0.14877634718245178
263,-2.123153011542665,-1.7554750250020248,0.65514190916123
264,-1.4557910428287786,-0.45408627497946147,-0.3749130183715708
265,-0.4058740203917897,0.5462605430160338,1.5032592810040406
266,1.1011745590921458,1.3749033985287764,-0.8500400666587853
267,-2.0744333199765994,0.5532114583223884,0.6364068019636068
268,0.4007910106249556,-0.5959123622322777,-0.5207183721054124
269,-0.9874429795955068,-1.7155735383373254,-0.4316120136169303
270,-0.9554630985405062,-0.5106081367714306,0.1885300351948304
271,1.5108251903709182,-0.5800054956864849,-0.15234546135148377
272,-1.4547531128101252,3.246215471413557,0.1553232923225764
273,-1.4878473900562619,0.353959820633816,0.12622896581016194
274,-2.2181954022492794,0.8324380338017682,0.8306016949045042
275,0.3344731606892153,-1.2601756599028489,-1.9644979928525754
276,0.8101947351408787,0.5258761107111426,-1.0830503159083509
277,0.4302471441815495,-1.6988238297492921,1.0289241802400304
278,0.42739047029139493,0.4192057528385195,0.17426919060148333
279,0.3146942784974215,1.2003595368522977,-0.8664770959627838
280,0.12445314914859006,-1.0414469331799376,0.24081857000464751
281,0.7029134252220859,-0.20445705435747302,1.29667567651414
282,0.2549456581578491,-2.517956372232842,0.4689915821319372
283,-0.9040750721461791,0.7480745254795251,1.235300485640987
284,-0.7430066552682081,-0.28535269285370307,0.8275662877029211
285,-0.6307657135982119,-0.30439105677231065,1.1211006197527629
286,-0.038150532959188355,0.3295519178445073,-0.006559489182938283
287,0.5515907670521666,-0.7788441798948325,1.47845397938433
288,0.700170706243838,0.318420630357523,0.17025806026812168
289,1.8066113690835552,-0.16811964851595734,1.3753704563827878
290,-0.5702578639751142,-0.5936873119052837,0.24997733410960826
291,0.7859787555793786,-0.5051396206848269,-0.26331102221736885
292,0.9642473933079261,0.0083490607504629,0.6948531540691235
293,-1.8859998712702248,-0.1224285633474951,-0.3164178145351234
294,-1.4262812056179939,-1.1967782066948007,-0.5271410251536969
295,0.6810388684635195,-1.040719424875324,0.7252006880891725
296,0.10569602605186779,0.39910583078004597,0.3593591465823395
297,-1.5451565980584958,0.7917317085882396,1.063151403977553
298,0.8486267591823108,-0.2794874781582395,-1.0318654685391475
299,-2.2935628000839303,1.0101324212828875,1.93232104842821
300,0.25739178783048383,1.6347433449986732,-1.175844603174568
301,0.9683746196357964,-1.3259075363935662,-1.4712534194638565
302,1.3156266919365471,-0.13015957836540443,1.092587234069544
303,-0.14507482034396643,-0.8512973416271885,-0.42696787286731136
304,-0.2499863082753954,1.5466752249754951,0.7594024449721781
305,-1.749211960522183,0.21038232421496103,1.157038734315718
306,0.46704032122050604,-0.7631184042032139,0.19269039412084552
307,0.1768061008359161,0.6986041194095657,1.8495124373877274
308,-0.04106570333806068,1.0482242287989458,-1.234866413184619
309,0.14518626620210714,0.25310860191362,-1.9206743892265983
310,-1.7391242493191021,-0.4791385072211564,0.31699041753400625
311,1.6626096743296521,0.006174514995635944,-0.0036670359560068695
312,1.0262718326623443,-0.35343026278027406,-0.7394486510042072
313,-0.028259144504927905,-1.4296244189386353,1.5779998545056788
314,-0.964377006360161,-1.6214191510804168,1.0646566528563426
315,0.8120164948870352,-0.18808914935970544,-0.13941247671492782
316,-1.2251834294060404,-0.2841927117803869,0.9595238365266476
317,1.0713357229280946,-1.442908613334827,-0.17541769084166356
318,0.019842903691601316,0.5809603530524545,1.934118757712062
319,-0.9534613709625077,1.6048393898872804,0.702208553270172
320,0.4823988596545918,-1.1643340778974056,-1.0659902214496795
321,-2.103754797011409,-0.4553271669452532,-0.6268886098927113
322,-0.40072542956711804,0.1774686981243672,-0.36477768264896165
323,1.742559069340923,0.2425419093643605,0.9166817069733977
324,0.25553880217254876,0.7584264828697692,-0.17968499446933286
325,-0.1740818928242318,-0.9083548375817555,0.2509526900701316
326,-0.7951429562167834,1.0832963832189966,-0.6440355430671124
327,0.3710177519705898,-0.4960138725346927,-0.2924602940620136
328,0.025082489956086845,0.9266064697965772,1.4432450264751735
329,0.1869369381007935,0.1406122136379221,-0.40222161615096597
330,0.787203832257248,-0.3254791307085671,0.3894150158994725
331,-1.890245183449053,-0.6932828558373203,-0.4333766031581268
332,1.2931882702580644,1.2185600000833037,0.6612722325701567
333,0.8562602307419297,-0.8767950793422088,1.0840148578974889
334,0.10969326681098975,-0.9805099723874134,0.9145143748310988
335,-0.40756804122828033,0.01157340771648022,0.6389166373635736
336,0.11205100800769137,-1.5178489382886067,-0.03766207598531352
337,-1.6870714337547528,-0.3039155232600034,-1.0153141761994218
338,2.6738144730718707,-1.0084840572271,0.04481930835053626
339,-0.5996969640870171,-1.668717696291067,0.22498151751827072
340,0.0974483957141735,-1.0238938876815706,0.027817550427206635
341,-0.3314964157109399,-0.6718971223848467,0.8384938878929794
342,0.9280605545757724,-1.2389610189653246,-1.6605743610409334
343,0.06365995729905166,0.32630140336017105,-0.8536102353998622
344,0.4959070871065679,1.5098949392471648,-0.7023211265735938
345,-0.46890834119246977,-0.14637896227416455,-0.7894301464351428
346,1.4167862894272418,0.12723278118945633,0.683715562472607
347,-0.1413754989562215,0.5895063566820956,0.9877000801317192
348,1.4207846616743112,-0.22051994579837636,1.1376240594321327
349,-0.01985597284217268,-1.2659432015705805,-0.6533328884244798
350,0.9897216702928144,1.067573723678402,-1.4241218576323973
351,-0.6084032979949174,0.3553169707615018,0.8414067053361418
352,0.6558081142479691,0.592879789671638,-0.7359691803479074
353,-1.0142006532266084,0.7450608425405549,-1.3503077201690343
354,-1.3641169296236366,-0.736682958290186,-1.6451865327633501
355,0.4396776236480546,-0.4876379142915052,-0.05220662252391874
356,0.03562914055477549,0.829419161456076,-1.2017373486626877
357,-0.4394365857880258,1.1877221195197079,0.2311538248377602
358,-0.05894895761841028,-1.740985014706159,0.6669158469165284
359,1.0032887719411896,2.2793693567513693,0.24564970506581635
360,0.16879413775743107,0.647901614540832,-0.3430319325687855
361,1.6815557410718522,-0.4537087953901015,-0.8081215597892077
362,0.39360263491956193,0.5910165839239778,-0.19987212449266373
363,1.9809388186616008,-1.0914032900007724,0.5681881940127337
364,-0.7263592198210251,-1.9779154508623003,1.3444908261788284
365,0.41826320981698506,-1.1236788479544346,0.483963462365971
366,-1.908885725583939,-1.9134764449873054,0.20765028548454903
367,-0.6175882308252852,0.40845555278725404,-0.8924765009785949
368,-0.13916139505650937,-0.2830936678682606,1.5001224077315671
369,-1.3786414307032737,-1.1247942072657664,-0.2816946079436916
370,1.767689517213107,-0.2642501776648201,-0.809525697737758
371,-1.0576493499247681,-0.011229999833386609,0.17725434573801524
372,-0.6613846006621318,1.3751902989634424,-0.09498104849402152
373,1.2575479573007473,0.5919826340192613,-1.5321977696361342
374,-2.1970773337234926,1.174086334507122,-0.5915793513705909
375,-0.5915430040708809,1.3381914804489148,1.0800918741192065
376,-0.7299333159729745,0.6564000480305121,1.1750023740876754
377,0.8217909868655823,-0.8988599628112603,0.6826221080232752
378,0.3331647465279318,1.2019436697918482,-1.5135912207368776
379,-0.7183487508909101,1.2980785729669801,0.63503928374028
380,-1.175519191948955,-1.530516739117223,-0.06470039552223004
381,0.922692495032814,-0.2032271740718581,0.3464867100747985
382,0.16636421745973773,-0.8117367987496505,2.226223257760705
383,2.5419987842885083,-1.4970556871670984,0.48350777002937007
384,0.6986626895222869,2.7410335454560495,1.2751553645765294
385,-0.20577725266837213,-0.43297651037374674,0.7348860799292873
386,-2.2374377142036934,0.20755899671543482,0.9570888299836231
387,-0.9134766172174968,1.9821438377292042,0.5413832794421534
388,0.33820367761326225,-1.0547151385963005,-0.0010086119032246663
389,-0.7845528434298796,-0.09676709551479803,0.7077262592963564
390,1.837993486024857,-1.5018285796856765,-0.16438460538594263
391,1.6175933544175867,0.1883083889823328,0.994212753137532
392,-1.031257370907825,1.139847584807465,1.013824028290698
393,0.12560580265050866,-1.9199753722672677,-1.2598997159127336
394,1.3742685571055715,-0.05010774213602734,1.0592351218439466
395,0.8591849005057002,-1.4730807538798778,2.6251516825289203
396,-0.6347316476270789,1.1234714887771318,1.1680513270880009
397,-1.4526060068513345,0.0695943652847469,-0.06742064291151555
398,-1.2973569702449714,-1.006791231656653,-0.8909341011550596
399,0.005289876938197222,-0.1561382365139886,0.5288634204919321
400,-0.2619871446563997,0.7099467182261932,-0.3534225809016513
401,-1.872850377182236,-1.165176547642667,-1.7176667955149556
402,1.8282586680603636,0.44234308205848116,-0.5170103608417108
403,-1.3564247950541266,-0.885215930954017,-0.9070494591080133
404,-2.2297717244731103,1.4610587905676886,-1.7594373204361329
405,0.11655281081918555,0.6132614596396434,0.9781015064210157
406,0.8137447661768422,-1.110332397228842,0.9092180421748088
407,0.464310673000223,1.8777543282424292,-0.21767272191599324
408,1.236907975951068,1.5772538064293582,0.6427445260901881
409,1.1625330710365092,-0.5047798377391739,-1.2391624264069048
410,-0.2862526019359011,-1.5947540567934118,0.016029024377763507
411,-1.6031197421156986,0.24136748020062138,0.7758429166873153
412,-0.7945910817011257,0.5997945388906007,-0.06008641608608309
413,1.4800155934343555,0.860273888687988,0.15017997186594906
414,-1.3447667877491345,-1.7888833629191512,-0.7174132784570578
415,-0.3981975750365727,-2.178737758957049,0.5262217359910933
416,-0.34212723336901046,-0.38625431649602016,0.19519453771302092
417,-1.220458695328552,0.5881191015123615,0.7732093061969456
418,0.7602267799539384,1.5788833900362422,-1.4027661496902606
419,1.064061730550597,1.4350713638313117,-1.9671744268080071
420,-1.1068254075534316,0.4386731253953633,-0.24669611073489223
421,-0.19634556369987918,-0.2555064339435507,-0.228202284968801
422,-0.1162898060958232,0.2015956697556283,0.2991073919351857
423,0.2513617402701844,-0.28605212843866834,0.5718423595565998
424,-0.5189916926656744,-1.265517694803238,-0.8926357964908889
425,0.11478776370415612,0.19010592138633717,0.21950821399891618
426,-1.0572142920788148,-0.8247142262095919,-0.34111171819786734
427,0.306455262711357,-0.7624084339796752,1.7007684064124056
428,2.3618244113060833,-0.2451818753558622,-1.659667105448861
429,-0.8203729792932674,-1.0690084252317897,-0.7247881534543692
430,1.0941875298590116,0.16437224286500587,0.3790642086608499
431,0.5067902190743101,-1.0513725794252136,1.591346537231347
432,-1.5620282075254879,0.042782544843337586,-1.5118911217085196
433,-1.2148450856488688,0.7394473647249283,-1.2121146551270618
434,2.020906622220224,-0.7384871377545081,-1.2077575182936822
435,-1.577437095249633,0.9107477955650451,0.8239491171252117
436,-0.635840735153968,0.6257516268515029,-0.07692180157134103
437,-0.08311658811682301,-2.6260730210859373,2.052462440134691
438,-0.26514324641878256,-0.5758770798831563,-0.3072510132683444
439,-2.159140717999429,1.1803776916594826,-0.521539021234102
440,0.4566550238122966,-0.05249914000018618,-2.1678506962379025
441,0.5330562720828371,-1.8656630173808404,1.969733829519503
442,0.8513485907699572,0.3936003393185205,0.15893941112248114
443,1.5741642091942774,-1.3773458319051204,0.43713065959999214
444,0.48765370203101416,0.6232954855533208,0.12311797270269023
445,0.64335609363409,-0.9188218094063055,-0.3271213336115448
446,-1.8475848943867528,-1.6761922407927068,-0.13455158900682815
447,-0.26155170754877843,0.1665442607132942,0.4537715186764113
448,0.5821595724936937,-1.1580810223052298,-1.330460169971235
449,-0.5368099707668049,1.1242387239175682,-1.3118232899214806
450,-0.27328034133484563,-0.2083167623512289,1.8203400945808335
451,1.8351228015793215,-1.2452540924292554,-0.654814982854298
452,-0.729978269153771,0.8802143136404902,0.7918191168140672
453,-0.05376427878261871,1.0874688823663325,0.7200119014779045
454,0.8066064068662661,-0.12308034931405465,1.4060388884600172
455,1.7025441486164585,-0.8417262644805716,0.11806191426317184
456,1.031500544803443,0.08935328452751312,-0.3573637867989109
457,-0.32449432931881056,0.159446749151453,-1.4783554016191371
458,0.5365428285959676,0.29841202439643527,-1.4564388341453922
459,0.671569858882155,0.7086428368490315,-1.0686069043530508
460,-2.07794536865873,1.1185513788449448,0.5680955966507438
461,1.688589312468258,-1.5069630901036033,0.6059203656135608
462,-1.4794822956228684,0.8567102356920565,0.7833334774142273
463,1.0322778628848168,0.2334433229675032,0.980030888314504
464,0.07724727601381944,-3.1613747818990148,0.7565114428643709
465,-2.2244900318878678,-0.13803083154285836,-0.10056175859772791
466,-0.18963824452865333,0.938863303626626,0.26517060405397175
467,2.450923335261642,-0.31076625501484895,-0.8511309564090256
468,-0.13990439644327832,1.4261121368145235,0.8472265023917531
469,-1.881790991011203,0.04268958696768113,-0.5831675663333212
470,2.4890584052338984,-0.46877850869378296,1.9321099909437043
471,0.3457663634928625,-0.6651177774936317,-0.6050923022838766
472,0.2751354962086123,-1.010988528589384,0.1754031437292294
473,1.9807787867701292,-0.48055143656701566,-0.1337332521628287
474,-0.45373279648469983,-1.2666328345032962,0.41469591295360664
475,-1.7326158136197387,0.03162634018583215,-1.0738193715552204
476,1.042284074436085,0.04753956810785835,-0.5249755264858829
477,-1.602134283714774,-0.048366393339207614,-1.4965310571707011
478,-0.11978561827851326,-2.099724505668272,0.6198609966209896
479,0.628713495276271,-0.16540583525762356,1.3352138914187308
480,-0.339458163422834,2.286634760206895,0.5417302215676854
481,-0.3774450498660718,-0.05110177628533676,2.6575659709142383
482,0.2753471167504918,-0.8937476823668361,-0.02869829224280803
483,-0.06732918401208389,2.500963723341853,-0.2612906852326547
484,0.4040913381908021,2.7283886224512495,2.281062455300854
485,0.7233389531358305,2.0147649128157212,-0.5224178891957427
486,0.1242976083035209,0.2621027061109165,0.4608968385948286
487,-0.7056601280157634,-1.2526622037993362,-1.4530055015338157
488,0.12006620900302381,2.4737073354865418,0.09618433096240604
489,-0.16108827272082477,0.38709465087526224,-1.4653419722165089
490,0.9293171401175124,-0.06409897967996005,-0.20588338726213753
491,-0.12899749172895966,-0.30343545110132697,-0.5003666499845946
492,-0.9504631652903373,0.17435645397797406,0.24755362364842665
493,-0.09857883509905975,0.6576908108910803,0.6878473553289468
494,0.23276950872106852,-0.30277278127556767,-0.12576120694919646
495,0.3723350405699172,-1.0392620148323042,-1.2568377874843122
496,1.1617885242935344,-0.4071724850168714,-0.9897986976168348
497,-0.7146684213970337,-0.17546980631909478,0.28894113873239896
498,0.00010371752060548562,-1.4379361847916572,1.2752999742170095
499,0.10818963062963435,2.6083943874499425,0.11251911792297144
500,-1.005818629100405,0.7134505814497932,-0.005343186140473602
501,-1.627240188316116,-0.9384333500184933,-1.553145980724205
502,-0.028758049056875415,-0.6194821463372266,1.4826922586313458
503,1.1400562386823359,0.2587302198792489,0.47064138541319966
504,-2.1768858373043742,0.040225574350445215,0.12445839510440397
505,-2.185618965657747,2.8037422153576266,0.5018983713438664
506,0.15179813290691313,-1.2045751077215447,-1.1391240493262045
507,1.5864255880543807,-0.06767718300708826,-0.8331794572215911
508,-0.8619338810760345,0.3659019758087217,-2.2769464137035027
509,-0.21218451907062502,0.8399866270819436,0.26809702108248357
510,-0.4471973676248711,0.5465331950855067,0.03054727127555139
511,1.4459743550637938,-0.7959579050506453,-0.9456962566075813
512,0.6632493182380297,-0.16140687875889873,-0.969207353406105
513,0.5783520007108344,-2.2458146224930364,-0.43140879332473636
514,2.7517931914423297,0.3164103351685583,-0.03922472660061112
515,0.20262766726102205,0.11091896351219084,-0.9648604974657344
516,0.6954737598772867,-0.5214814818574505,0.8270715877189714
517,-2.2855761474137584,1.0905854035984448,-0.6298357602931192
518,0.49986238473758254,-0.01517546972162218,-0.002084736882463903
519,0.12617655286022758,-0.9642449150976135,0.005344958354579304
520,1.654490432540879,-1.7761684347235873,-0.6706938521634364
521,1.1753545909250478,1.1464161504536605,1.1098941825263942
522,-0.5745454674807985,0.15127669009640848,0.5512208430904072
523,-0.06266609680875126,1.154648547645015,0.954118858908851
524,0.002774140503338087,-1.0476301405909982,0.3133393886494715
525,0.42104412898626453,-0.02795124266112397,-1.5070983714710633
526,-1.4187817224186696,-1.3275089260367214,-0.6705420642641
527,1.0110176241725222,0.46441269609590147,-0.9193792620424909
528,-0.6010959391605408,-1.282317162763237,2.3716829785967226
529,1.027580230128008,0.47613997545264913,-1.3707584809724018
530,-1.2666203448749662,1.0667738041208283,-2.2571568833029567
531,-0.37787351482644643,2.103741208718732,-1.3164596944915625
532,0.742058882054838,0.5253769328448858,0.0956157905685185
533,1.8852613236550133,1.607452420458393,1.1427404510622259
534,-1.323706686515638,-0.11710847494609165,-0.9211215698499263
535,0.9647381433276981,-1.2082922345560463,1.9574419741469506
536,0.37058729093819737,1.680837206855356,1.5163587434064287
537,0.27761412861752954,-0.26174300311062165,0.2442183763927172
538,-0.04035175106661704,-0.08081452918616401,-1.0592980142335964
539,-1.0934221218658886,0.8788108052612178,1.192589564647872
540,0.622348966907886,-0.4944795450126421,-1.920040017373741
541,0.2301616754520357,-0.7013372045576635,-0.4956038625655215
542,0.7416388116337407,0.015756216286256345,0.1346051277846974
543,1.1025887674877464,-0.25434259958800987,0.10779897994421037
544,-0.19108108148678787,1.4025958631735231,1.1853859895075118
545,-0.6525849047434714,0.968932745132325,0.04853614384558313
546,-0.5622400750424145,0.9637377609777832,-0.11840214768586739
547,-0.04286217443157318,0.22257159572873877,0.7321097401981609
548,0.3152981812418782,2.9002502828064105,-0.6462550331980197
549,0.008883944573657538,0.4620183955799365,1.2313395799785347
550,1.2468475926566713,-0.5097197383164036,0.4943456796738515
551,0.5161497720186122,0.6035376808409788,-0.06965167438540021
552,-0.11332453685463353,0.4587400044687198,-0.17079850875903246
553,1.0259589830049758,-0.23408744472152607,-0.7023826671888908
554,-1.3804295259878858,0.32044642814473545,1.0756984381645918
555,0.6594771470953521,0.10603657272367682,0.4089596795149439
556,0.5280640897018363,-2.485682621976264,0.5133529239470361
557,-0.4930617414774203,-0.8836455228689886,-1.5303614929149782
558,0.9876524710880291,1.5192691744498568,-1.1747892884621542
559,0.1020694180360236,0.7896161876559373,-0.4173261448220431
560,-0.156457727690051,-0.7959760976042736,-0.05587301165702898
561,0.6680025150709342,-1.1049777275310224,-0.18892373168147256
562,0.32298718907560753,0.05738153433556239,0.2988917062661709
563,0.9189958717324579,-1.9884133222237552,-1.6691109882733524
564,-0.6747338239178953,-2.2263175567689575,0.36877676602677995
565,-0.3355522337781321,0.9243965961681029,1.0925649012243253
566,-0.2677647077253781,1.1531896104533286,1.0735616637755754
567,0.029146800058945904,-1.007398936795407,-1.1637951401512714
568,0.44303527127408787,-0.1322685436720356,0.5596225769950566
569,-0.5849878062270752,-1.078238513833069,0.9669361068738347
570,1.5141758215553343,0.23484715846388446,0.4729988820155362
571,-1.2535468175770716,0.37555470468109864,-0.45735148956161875
572,0.5233427016978504,-2.2281822226006023,0.8557287174482865
573,1.9090688196902355,1.6405423971528366,1.3555417483722676
574,0.1297804574183289,-0.468022155045799,1.1782332043232142
575,-0.3460627664421111,0.43166336103832226,0.09017342149105291
576,0.32142740557630783,0.28850581893836597,-1.0556551660216509
577,-0.06416724570928593,-0.30388590003244054,-0.8731278699032393
578,-1.4643542678860886,-0.23879711753994917,-0.6416563512011723
579,0.8186431296767092,-0.2702870749716791,-1.1942024667527034
580,1.4112872360889397,-1.1523630933134699,-0.9780469011353504
581,2.1178779927779936,-0.43802828429215396,0.6218197690232996
582,0.13830904532784336,-0.6230038251125593,-0.4548003817032545
583,-0.21312001905667005,-0.4694458333717348,0.5168632922672017
584,0.345182735560072,1.3450092775751112,-0.46859169431703396
585,0.35005470712546244,-0.04215534117318162,0.3311992229922131
586,1.7526542529020506,0.2746910571137043,0.3589820622824593
587,0.2709616123134205,-0.26228190464293943,1.3340421483311675
588,1.5084106523947212,0.0630799257474109,-1.3867466662817922
589,-0.32255893064659624,-1.4206263268930537,-0.1074244261174043
590,0.46857813703138246,0.7943765336634079,1.322439272832938
591,-0.5116741956793421,-1.2175114225557082,0.3083917128459398
592,-0.5470616788532886,1.9966444675490795,-1.4038946003147594
593,-1.8463695416422534,-0.805694821523267,0.8859986641444301
594,-0.4892015352525285,-0.7786363706312212,-0.983158006841671
595,0.19187417805434848,1.1877772910185127,-0.6402706383404151
596,0.049648607564659684,1.3085570463183187,-0.16053928092460112
597,2.0881312076275917,1.8664617272418602,0.2873328146644549
598,1.4208955628575846,0.1322962213479173,0.6867155212940672
599,-1.189740812976929,1.9976173850002659,-0.19534808164187886
600,0.18338448480452582,0.8115611446089359,-1.9631190758300527
601,0.7145181927100769,-0.19713903105417083,-0.6825523869108946
602,-0.22583371567679036,-0.4980825505347997,-0.3386989017373252
603,0.5127394823554848,0.5579097523401081,0.03508948063723945
604,0.5485045216402641,0.7668948964032762,0.883067406969063
605,-0.7775664479951955,-0.5480940902863445,1.768802368249358
606,-1.6573395264941888,-0.9815061556355617,0.6539294209850899
607,-0.4142699400469829,0.3093402113894906,1.1680297487850053
608,0.724299540161911,0.4494600003655852,-0.19803534494956396
609,-2.1689667089668463,-0.3592503732508343,-1.4004235571718033
610,-0.3952246872237678,0.7946483892316311,0.004732240216815595
611,-2.548644849745264,0.45834988727812054,-1.7159395199433378
612,-1.7036543710725522,-0.6547192987040394,0.8543822579089285
613,0.8041995676615389,-1.1751310843354488,-0.7808325070036775
614,0.6378727939833182,-0.5256823512140008,0.9917394437088346
615,1.0831489504267242,-0.17183673584421572,0.6378630905776912
616,-0.3882039185082441,0.6686147473430668,-1.2086171009091502
617,-2.5627078953528106,1.386673795300613,-0.18636455727095116
618,0.5439174195546547,-0.046569336485725206,-0.8593265457491819
619,2.763265610480278,-0.5366916882538398,2.3029992579898706
620,-0.5512798282707888,1.754325658429488,-1.2017562961635109
621,0.4478815780634391,0.9771612542410069,1.1980938682610625
622,0.027784665482189712,1.090276359428539,0.3745115665087015
623,-0.10758102716545967,-0.5403609786514735,0.34323044234161093
624,1.2131846553223171,0.7220142163498496,0.6494896768285031
625,-0.3383534152972651,2.0407216340689374,0.7234284813047426
626,-1.93888965138713,0.2955881817513167,1.3454241904786801
627,0.22302917917028334,0.5755241479057502,-0.2329819789350664
628,0.18266172454659715,0.965937685652573,0.49449572638670575
629,1.160439156879993,-0.18770104408488544,0.15562884930770204
630,-0.18413684143707165,-1.7812651684445295,-1.4967669801070083
631,-0.22364979366052215,1.288412180876483,-0.813897773319288
632,0.6993533434833343,0.345176203279649,1.6490776824661295
633,-1.5890743216050167,-1.5495530674601068,0.4687633238133221
634,0.059411322356336616,1.141641495050633,-0.26833036373123886
635,0.24887113327863844,-0.7796295284682145,-0.9865951689947552
636,-0.042518833546392076,0.16353131329931492,0.03741935516739453
637,-1.1918112003262245,0.6859656511760428,-0.5910132096993143
638,-0.23132375412567532,0.19792600840592275,-0.31399145008886675
639,0.10963074152308121,0.6931157081547512,1.7374602343699945
640,0.5767428530491794,0.49361204768397604,-0.4285558685865512
641,0.6081954420212073,-1.0413617100175894,-0.2922261198224092
642,-0.8206200966045476,-0.2907384775225607,-1.935232397420568
643,-0.509444208575629,0.5924639558225903,1.6381083736879607
644,0.7058917153741036,-0.2467633461504828,-0.07696922005111306
645,0.005846259574738517,0.26130301580083,0.23920256590449246
646,1.761379591427227,-0.407279897968586,-0.16173771801394835
647,1.4740127565631205,-0.4931698995658972,0.1871638676502217
648,1.9815576078676935,-0.45539710903302194,-0.0661561484715439
649,-1.111316239467781,0.8775740100230692,0.18400701731841412
650,-0.8066616041149282,0.1057756995931148,2.4382932275361875
651,-0.9649556965077948,0.17888829563278263,-0.7550971404629598
652,0.1031520211637955,0.5755897771388604,-0.9149443581131503
653,1.3719462915889848,-2.128529042362917,0.027311099261928713
654,-1.1153466462680222,1.339092937031141,-0.840146902960033
655,-0.8197232915525074,1.5389428742741458,-0.6270547550653089
656,-1.0833829011922016,-1.2697791969860068,0.1908602809534036
657,-0.15021970590145486,1.1127841650904209,0.8798976214398955
658,0.15413112473987664,-0.8012047239212985,1.0308164719274595
659,-0.22593452239741563,-0.7667155295662329,-0.46604011960839137
660,1.0247684343948549,0.4304377737346304,-0.12096314267074493
661,1.4450633000797342,0.5703340190936569,0.06613449362609598
662,0.8871299590805662,-1.3595936252291039,0.13540988308582935
663,-2.329067006688523,1.6157577616694394,0.2565800135810311
664,-0.3053742932542968,-0.14127159066251435,1.4577550473800098
665,0.829313866852603,0.4446482380438041,0.2763941315364057
666,-1.0006668456422152,0.311291838049331,0.010938773802697347
667,-0.285257136171823,-0.07606774884357516,0.21737196365463032
668,-0.9202017599669108,-1.443504937247808,0.594074655868803
669,2.271025969459502,-0.26822269564726314,-0.2195690133437291
670,2.5421373662514175,-0.49280091610006743,1.2322883928989103
671,0.85195779622781,0.2937612632799711,1.4584967997756273
672,0.6773294049879761,0.45253356034625847,0.005206905612031647
673,0.8516679226296584,0.09059897273179734,0.1397921795939217
674,-1.1855169058696184,0.7865178497092147,0.6580837064078333
675,-2.3797588273266905,-0.5880361689098396,-1.5297040684702237
676,-0.6897634017532958,-0.019116909273236497,0.6160541656983609
677,0.4156614341819098,-0.6475230461491359,-0.8709384678670304
678,-0.17251924472471653,0.4338294103277462,-0.023926832765236692
679,0.7660261602800399,0.31142180009163134,0.47774166598328976
680,-0.7170168140110903,0.5802407232157853,1.174558041622739
681,0.29565219114772,-1.5015251332602482,-0.3273918340577892
682,-0.006685001913793235,-0.21919078194393443,-0.4578591567833904
683,-1.2392088968496324,-0.5653322269287251,0.7262506672011296
684,-1.4927851740108715,-0.09749165826704152,-0.2560088544118013
685,0.22151185005615043,-0.21753723857072252,0.5574066400605732
686,0.6404583012905374,-0.5954177750629588,0.7099458830128205
687,0.40897344632492855,-1.3949542640021064,-0.43449902054982453
688,0.8896310777523294,-0.40750651261223336,0.6391996655677453
689,0.33619408810138235,-0.09027062964538074,-0.9713915561350323
690,-0.7062771653969798,0.7137287806396498,-0.4208461268530441
691,-1.398019051809755,0.639585915691194,-0.5198129706918648
692,-0.9135588482478821,-1.2374287325834046,-0.37848668257965956
693,-0.04159967721503803,-0.3515595919814627,-0.5197259511572951
694,0.15261000354181536,0.12411804553698963,-0.2127947702481588
695,0.016049870531451075,-1.4791769935644299,1.8445957645008377
696,1.3717660263390907,-0.9684374366615484,0.7588686215859675
697,0.6083923506295658,-0.34308932508267714,-2.344632235024363
698,-0.1753940604355262,0.9931395510727462,0.006141656641462565
699,-1.4300250090321107,-0.11679029298102858,0.577865507608555
700,0.4905594034700671,-1.976901234947262,0.4942448248105188
701,1.4323365091110345,-0.043366245976085134,-0.12375781595378915
702,-0.18424668926247648,0.875242779818022,0.15851566704808545
703,0.1388812277162488,-1.729408384729007,-0.34077196112564845
704,-0.10706724719742113,-0.7568533421484508,0.43987661315593285
705,0.5225036529794681,-0.4716685193829974,-0.41125658956642763
706,-0.017789421318924067,0.929721701902498,1.113313629247479
707,0.45166948947307456,1.4643804778460259,-0.49218234962910695
708,-0.4327209979360342,-0.4248551721666942,-0.1837110018282954
709,-1.1212503366012974,-2.4197101013212334,-0.6365858123015766
710,-0.06441012514497295,0.6615080355656123,1.2474437178488205
711,0.39450597459039227,-2.302625149471824,0.25489511513053775
712,-0.24857685398695104,1.361017045112428,-1.103667033972766
713,-1.0787489548537297,1.0306431680134682,0.88452791583538
714,0.8385221690149118,0.654503315684451,-0.7439454374263432
715,-0.3436694524296358,-2.0375662240711265,0.26291400377081936
716,-0.015893373519038065,-0.8712523214535859,0.7990336981897738
717,0.5979136066911589,-0.8680654087116473,-0.29510906435507495
718,-0.6082674931954231,-1.9285602350278732,-1.1344272497419678
719,0.9090706484505631,-0.4804264143370676,0.1982295336668272
720,0.5077433051374937,0.32907019217170297,-0.34299042962716975
721,0.730777622854439,-1.2206624153658165,-0.07933550157509062
722,1.366366063230458,0.2905906156164678,0.16036576418473084
723,0.5592365299369167,1.4343655746823194,-0.0025575069713150984
724,-1.7131406794665502,2.2205147687836653,0.43497023562547976
725,-0.5915332029102578,0.06983448844582633,-0.6598890965079798
726,1.5847473409139377,-0.29166067483821906,0.7275314383995624
727,1.607114830525227,-1.7647646439744304,-0.39877349039741505
728,-0.14854773093291943,0.29140380192225285,-0.012397928101424786
729,-0.27524060865082073,1.4372335595003143,0.37753639694991664
730,-0.40171441177970285,-0.005897562982489674,1.8793411519662009
731,0.43180774664489124,-0.6114513832923074,0.33040486100564587
732,1.019043140491227,0.9228611180123687,0.22287539336744036
733,-0.7248245559052034,-0.35043014433069586,-0.772930175346949
734,0.4026210013453858,-2.1225759104880724,-1.6247198430505205
735,-0.6561609792522317,-0.6924741889623188,0.6526462076655348
736,1.4227215534128752,0.0064679281519023175,-1.4818027363381008
737,-0.7448386856030675,-0.4236054583030405,1.163459700450788
738,-0.7217713190499981,0.0015014142679067898,-0.29189650349404445
739,0.05749717859969139,-0.13478077145013845,0.19803390190616807
740,-2.2236525916276184,-1.482256820523204,1.3947957683371994
741,-0.8087109028837086,0.39562405159867536,0.026610979267071132
742,-2.189611820339764,-0.8922267566796118,1.6612983718095566
743,0.13635556634010024,-0.05190588171307296,1.8942426072554637
744,-2.8299642504294567,-1.6460849349784215,0.6197999794006571
745,-1.2132461221063628,-1.2437451582362438,-0.4610915473700405
746,-0.14153032950716987,1.8766287166121678,1.5422009223688464
747,1.0969116619671093,-1.0244705429921548,0.8599408138263512
748,-0.8652467166815566,1.3077148722756247,0.5106855898904766
749,-0.906959976028432,0.513892506731367,1.48375655510055
750,1.3370601681672134,1.436118979861329,0.9055689845152951
751,0.9840795600992203,0.3761725797908776,0.8240696313850259
752,1.0830604820758087,1.6531050022199085,0.08236310479834126
753,-0.4125578758638447,0.7428079449719956,1.7093646277635004
754,1.4804120511974446,0.6019371107041663,0.846054328454768
755,-0.7855125417063298,-0.079332793949076,-2.056533912286011
756,-1.670508562554764,2.1528591280850753,0.3629101657317466
757,-0.7399255804587959,1.8954126546771106,-0.3541029631503459
758,-0.5525246585586858,0.12188422965710602,-2.2571525178887737
759,0.5008240051460578,1.3415801807257794,-0.9828485873142722
760,-1.2105280302148587,0.09112443994468512,-0.4206364830550552
761,0.13502905993897577,-0.5396109260445271,-1.3477605919706512
762,-0.31738405308244316,1.4083189982281916,-1.1499411685950618
763,0.9429501887677336,0.13912081211248167,-0.24635222590822117
764,1.9558384015164598,0.13703486737585194,-0.259629912209282
765,-1.1856904365435328,-0.2729492260354705,0.04039156382789402
766,-0.1326732430657711,0.0997530791396018,0.9979204871300604
767,2.714277352535945,-1.6455223492180695,0.2793516013344148
768,-0.27867819346119077,-0.3985183979609903,0.8888059804933579
769,-0.43443484290800066,0.9294382003595908,-0.06037727796504235
770,0.2794064424427253,-0.7686946062246677,0.06787613903784462
771,-0.8459801007123504,-1.5561456343554654,0.6530715864805762
772,-0.49296086501096137,1.236039561869162,-0.31396001627063314
773,0.27662630000378985,-1.1804509813986759,-1.2790115498107333
774,0.37089316285006213,0.8820515105002786,-1.7702532617755167
775,-0.16216252139468587,0.11052873055256075,-1.3702422747010043
776,0.5333572061852709,-0.5936301265409273,0.7542628780144751
777,-1.5070657413972388,-0.755775977378898,-0.8131985829801246
778,1.067507062302354,-0.428271828085909,-0.7926570043177572
779,-2.3849213745578886,-1.095786068558694,-0.3070992551369629
780,-0.042885327841648106,2.175550615028104,0.8514313337141023
781,-0.9095195691910737,-1.226023449548366,-0.22714919516884816
782,2.6659413684450377,2.7484855913544846,-0.07780086613546917
783,-0.6278554666738208,-1.710514327560125,-0.8317901409549661
784,0.6755137722573582,0.4705208329518438,-1.1371406851458556
785,-0.5355873655647905,0.202418920088998,-0.6121366666571483
786,0.4964932547602052,0.12727936227263864,2.9984059466594215
787,0.0691111723174134,-0.389400040872221,1.9434706126624441
788,0.8237539022775373,-1.7715867182631502,-0.16524160955016187
789,-0.11185290275041467,-0.2835943912670701,0.5144753376483983
790,-0.4561553677449201,-0.1277856920344831,-0.6857860058747627
791,0.9307580237974794,-0.9505475592895902,-0.9478119398335554
792,0.6221541667660794,0.02054538507087796,-2.5369232871645107
793,0.4031740005209966,-0.45864268559014165,-0.15218009365615748
794,2.40057990907022,0.6037457647976969,-1.1030485198619824
795,0.7656679795509544,-1.2039696732916843,0.70912192374909
796,-1.5028939729526467,1.9331505512957157,-0.05022445936743466
797,0.664848947606782,-0.9024574812232273,0.19936110123616696
798,0.7135571260530612,0.7536484745011237,-0.07385368392571645
799,0.31345909428295127,0.9465441415234871,-1.1420315565409207
800,-0.026010480502151274,-0.9100774796477485,0.006026790228539335
801,0.5593653697414454,-0.18325098187127084,-1.0749152957802486
802,0.8433776330662658,-0.14208938395168694,-0.8489609470262094
803,0.7185300810382672,1.6331515584358236,-1.4934746189999477
804,-0.9103238044898404,-0.07244021507210373,0.9737449011473183
805,0.5219750544044574,0.2339595013498698,1.6042859112117738
806,0.5846128081551071,-1.1118034880707932,0.28540127103878576
807,0.6003577158835681,-0.2131763982860106,0.4770620944611824
808,0.30883639059981277,0.20324893715569384,0.4889582229728504
809,-1.3142807019099483,-0.7965286146540639,-1.2353619919728542
810,-0.42419217448492885,-0.6173869547193419,-1.4313311144092857
811,1.1623796419441648,-0.2267496439898357,0.15847960956146295
812,-1.1573034727216038,-0.3131436404973008,-1.3546939014635477
813,0.3558912383638176,-2.3581370291449164,-0.36794113183790345
814,1.601632927899912,-0.47669810166840965,-0.48161515708866764
815,-1.4714282667342458,1.465331655325803,1.7964687622512963
816,-0.298901929977252,-0.468892193389444,-0.7176695483407911
817,-1.0709760608396985,1.4705735185071782,0.3432607865601079
818,1.1045952624366489,0.0675317165330567,-1.7251148147604898
819,-0.9619502308870906,-0.28662677634080685,-0.3522725806251812
820,-0.30178591444330255,0.16256204172495972,-1.0387526603860167
821,2.1416130501034543,0.34105971426918635,-1.4106864322051702
822,0.9716238447856218,-0.1622956228370844,-1.7603421462544908
823,0.18231764387226354,-0.6038983190390498,-1.0343321954117815
824,-1.4904027881922544,-0.06321467064182158,0.29574950975864917
825,-0.889329320352985,1.8549415487376826,-0.5675110780413315
826,1.242907786315973,-1.6048825377646911,-0.2631703652603484
827,-1.32841933119055,-0.0767632510458975,0.0781355819316609
828,-0.9346967875539586,0.5153747221963245,-0.6919051373631442
829,-0.6014161905233146,-0.019725252886476422,-1.567556590305884
830,-0.5046360474830112,1.0157802525276567,-0.020771012884480307
831,-0.026777423313285007,-1.0531682790343664,-0.3773472456019081
832,-0.5230957566670265,1.2341796582857272,-0.7486861486572183
833,1.0213627265490932,0.5531804790356061,-1.6161726173247315
834,-1.4372620597037489,0.38474283679065036,-0.07780772571993703
835,-0.10851974670506008,1.1098862952583557,0.14419173378341374
836,0.19088130167238093,1.2741448316431834,-1.5366932853260398
837,0.1266036492655893,-1.971777883352226,-0.15069470157591158
838,-0.7242561382357317,0.7801992384381383,0.367440697566379
839,1.217353596132359,-1.3749068033952367,-0.47922520633104243
840,-1.0374666979045344,-0.006356932167243574,-1.4677849585299076
841,-2.420188680483115,0.6569509051634648,0.10280872192499267
842,-0.7190657585403557,-0.5310427953406015,-0.16804566782626607
843,-0.31481523635758024,0.39493595658896735,0.1017924957413415
844,-0.43746909599771266,0.11603701211881563,0.18083332212292946
845,-0.5365810545145683,1.5575547816310396,1.3731828945621454
846,-0.20971483350697026,0.20566851696651225,0.6500986902804049
847,0.840974055812225,-0.33702116963776474,-1.2236661495322352
848,-0.5939711449812589,-0.15801411898698386,1.2757834991970407
849,-0.11689193853667032,-1.9374560437148467,0.3313824077730032
850,-0.06638948694769038,0.183803800260402,-0.5116411204415373
851,0.6668294614861348,-1.0137269998370655,1.0008460257706244
852,0.006736034997888882,1.1269228269389502,-0.00881032528184647
853,-0.37848922470667146,-1.1307657996262461,0.06325338591245847
854,0.8698901320221992,0.17339524966354533,0.3600349477111552
855,-0.5337576361951967,1.2882484565731025,2.2708792622813996
856,-0.2080281053251173,0.8119764880665024,-0.3102179829074819
857,0.13116649342930572,0.22236887188047424,0.20798107819489633
858,0.8809702167451989,-0.735888090082158,0.8900061679467246
859,-0.3889643259555134,-1.308599712517104,1.474028508545955
860,-0.2168297995554455,1.0813145866057827,0.5064281074201662
861,0.4193985470917863,-1.7268854998484349,0.4898574343751304
862,0.86790613447229,1.946825607535661,0.40393588758837967
863,0.2022843642924161,1.0981128605291175,-0.9695026433903233
864,-0.2749624494367666,2.1507979469468297,1.102512693671585
865,-0.8051198852371362,0.9814677027943151,-0.49367343754320636
866,0.959671677993577,-2.2717747330815907,-0.6164086007789894
867,1.3724060062445833,-1.2461762441233804,0.08385954999725874
868,-0.190944652083702,1.6663295658918094,0.4180250935329644
869,-0.3435563125599884,-0.4922164196009308,1.1098696211796057
870,0.2878026105526117,-1.482459258449382,-1.1201953706463104
871,-0.35889328873964693,1.1411249337176304,-1.3093619096938627
872,-0.7991694571850508,-1.16000575314197,-0.030297525008799977
873,1.8950137987547457,0.3736811489545731,1.0532510911440605
874,-0.5903474922320486,1.3771482116327296,1.3294537188010347
875,0.9404661642002271,-1.0876161080548032,1.99521112322849
876,0.8686382439657717,0.08693486582495208,-0.43056331153608535
877,-0.622673301052886,0.06038264740226301,0.8366895529865184
878,-1.171736148984925,0.6826038936151282,-1.2585676218952941
879,-0.6795853044753757,0.14832712191811623,1.0257239075363564
880,1.0462060097882107,0.9937869364940874,-2.1328487590581164
881,0.7317031192675701,-0.3544301711241853,-1.0027295837334096
882,-1.4995965965699283,1.0692773263078628,-1.8898080938103516
883,0.6609040675356384,0.5448057876297571,-0.09469704350667817
884,0.5401034954686825,-1.422555142594334,-1.021706027020249
885,-0.5035753391641412,0.22168392008265256,0.7974859065787278
886,0.12464880087493067,0.5877560810562459,-1.266095013957982
887,-0.8158534170340067,-0.6109284440848376,-1.0918866284012294
888,-0.797873842015399,1.6025806669300116,-0.2490136277924789
889,0.9037046086475028,0.706910195912528,1.5174588645409957
890,-0.5851300731043848,-0.39077150608060585,-0.09323768247990241
891,0.46009874646286814,-1.1739183273769662,-0.10411773048926995
892,-0.25281108066306146,-0.7455903527509934,-0.7045416763376996
893,1.0503048403780815,0.9114098708832251,0.13500201322521355
894,0.4263173228506783,-1.546791242342506,-0.2911784239095135
895,0.8073490724276995,-0.2592282880625922,-0.8805647237477158
896,-0.8702593223419816,-2.5526140178662535,-2.340888722034124
897,-1.750458714880629,0.5536351339882475,-0.6069378510403826
898,0.9156783300010725,1.3259334902465603,0.9720442262137602
899,0.5448982942348625,-0.2570677572180033,0.405176964529429
900,-1.4687573792928512,-0.018942974386979203,-1.8850222621520585
901,0.49712640288692195,-0.026653759892020568,-0.3801418125469099
902,1.6972011717842361,2.1322899172989684,1.595907532149493
903,-0.34805837838619125,-0.3495432998104218,0.20457471409306152
904,-1.269853452579781,0.21950693943189356,0.15011169625952508
905,0.11019367292047812,-0.20618474763830708,-0.6777738601479235
906,-0.17514178387237378,1.954896929639335,-0.9448486043816546
907,-2.114704466462685,-0.7295362102847305,0.7097138252675605
908,-0.5769396977764226,0.638047811862914,0.023318696419748416
909,-0.9975668791395185,0.3194184049267491,0.3788167486786438
910,-2.1792035291540497,0.6765141363153915,0.49764617187028964
911,-0.011754431308957236,-0.9576250863864146,-0.2215186970797187
912,0.5491696388598826,-0.04375325541765275,-0.028098581033308707
913,-1.7249573291885811,-0.42104709729972634,-1.379489092168125
914,0.9776382424199305,0.8854542907995133,-2.2065841325631643
915,2.2643795781315585,-0.6929482622983086,0.47434610840068875
916,-0.9614656153255342,-0.803849031930972,-2.1388875833516425
917,-2.1061329565888998,-0.5559677534764434,-0.24518541618111536
918,-1.1489616538440184,-1.147701829497973,-1.3504598732490236
919,0.8079576130744928,-0.4801296580284402,-0.019778150331935765
920,-0.6918162424887944,-0.8678314769199414,-1.1863632308628276
921,0.012392004697605964,0.2571555035518466,-0.10118340476733552
922,0.274311059260927,0.19735495302813105,1.0658109514626584
923,1.0082414505734272,-0.11164925158230661,0.7272883989995312
924,-0.5527052593210174,-1.0492908963542902,-0.5806562291026276
925,0.6049072104018857,-0.2961005679308968,1.0231980524397717
926,-0.2666892349347112,-0.15185185355766487,0.9438091797068338
927,0.0628771494980567,0.7061584996948587,0.3891635277276504
928,-0.8419237839550352,1.2760151649665952,0.432684237105056
929,0.29714144866832265,1.6227909854383773,-0.5528089564362529
930,0.1002406081839861,1.0205857784707841,1.4363606123778598
931,1.460232798636787,-0.3847312996869478,-0.4962169734256184
932,-0.006832537927166242,-0.2576219789202773,0.8809746903639191
933,-0.09057515770717403,1.5361730749698328,0.6078369581525026
934,1.4128409890169116,0.6046759378722588,0.17765168053049374
935,-1.1050155141220452,1.8132284218604742,0.7870461178930845
936,-0.7974456837903684,-0.7462825299436656,0.8590590539217948
937,0.31556715387338174,0.8755313979637398,-0.09754289735635516
938,-0.3012312546263868,2.867293294489769,0.8636154790321278
939,-1.1985656847000332,0.35885822324663574,-0.6411878092937233
940,0.6558543081281638,-0.9346098661472856,0.32394035808089017
941,-1.4080893039562954,0.3269349631863015,0.11598661636494056
942,0.05058254252761157,-1.5914743734718027,-0.5344251984903516
943,0.8201598094425903,-1.629210486282987,1.810812315390286
944,-0.6655974167420745,0.4416460054543745,-0.7737307395722102
945,0.7711109894730589,-1.5934890650628395,0.4625803293025045
946,0.10221398582614866,0.08269490769043135,0.1992046873735633
947,0.42982640154341567,-0.3740654000325489,-0.7056063649847801
948,1.1081853294132624,-1.1488906622108936,-1.2521370215626617
949,0.17039116060023501,-0.6541337957195911,-0.02086004627021863
950,0.9829894988217316,-0.005726764583108054,0.676714803107652
951,-0.44802570655071305,-0.1808842700833631,0.2939156521448268
952,-0.03618710308074095,-0.8692527294865287,-1.4840642114200726
953,0.24108252444481032,2.2397010860917117,-1.7553647273320687
954,0.5516501481011254,0.7525375786325892,-0.05508219623002406
955,-0.03989460548526942,-0.6840511139553153,0.07119151343066038
956,-0.2699832633308431,1.6107631654935526,1.1062074264027109
957,-1.1252946890715698,0.2960487681211593,0.3324031306140671
958,-1.2963304932727386,-0.15583241097918984,0.564774840334689
959,-1.6330305085041135,-0.2304373593426339,-0.3023802861577404
960,0.6380479511403614,1.1026687541305178,-0.3293786369504706
961,0.34450267437486315,-0.4366549396280073,0.30568686584383153
962,0.4219152571096208,-2.107450439569672,1.2283004601138605
963,0.7918694843852383,-0.7298173568576876,1.0461732246080804
964,-0.3310605000211388,-0.2794136855547351,1.6761854963264866
965,0.41749284748752546,0.3111674643448703,-1.8651621928972753
966,1.6902537999573712,0.7441093892484709,-0.04077010927412514
967,0.1856531196810153,-0.6622911372567073,0.1849875464136248
968,-0.44289077329137067,1.6693527705433722,-0.3209157276716776
969,-0.6729721652054368,-0.14165045634752668,-0.6847588174040821
970,0.08398666580467147,-1.4186577678391568,-0.3159211951307934
971,-0.027394441467636674,-0.5067310582050468,1.2078920516814036
972,-0.41399370190364293,-1.345753808895393,0.532171489566947
973,1.7290609892313356,-0.9748238374697376,0.06042053791915666
974,-1.5823370413095403,0.28232643320042583,0.2502394252011003
975,-1.2685200831049506,-0.5186658780471134,0.32367508579819976
976,-0.8749838431080968,-1.1121414689774218,-1.2209956064275027
977,-0.049300304737631764,1.0827501720818917,-1.1970583745784495
978,-0.5804343784283281,0.3202236068987392,0.2937051271460041
979,-1.4865374371009845,1.0185156044225359,-0.35080483881951374
980,0.379677524123172,-1.02002864607584,-0.4650245893616444
981,0.5063722922229085,0.06077669162105841,0.6762403649505445
982,-2.2466616575446294,-0.4852982013684324,-0.13502217847224038
983,0.39712550410681596,-1.3428289377725595,-1.8694171960305719
984,1.6975467071130363,-0.013786259161983127,0.1499668318745692
985,0.14690490869117256,-0.3642322684618868,-0.7021237891463262
986,-0.38701097698572995,0.49151177917668604,-0.6171589274348523
987,-0.8986029089543104,-0.12421734283935547,-1.062454496349656
988,0.7076383464247088,-0.21462321945806412,-0.22867690177373032
989,1.8566016839112056,0.4444447269958391,0.5905698781712047
990,-1.368559066718906,0.23582352540372792,-0.6810985587634484
991,0.030203612934430808,-0.5324304065924024,-1.8510758889971606
992,-0.423258163638602,1.4064790097466788,-1.3414797804802978
993,-1.114426760199407,-1.5445183369606221,-0.6828557903662689
994,-0.17983534519545383,-1.4321777274954357,0.6246875122891065
995,-0.7464560891610816,0.4591258357185405,-1.2422453407019336
996,-0.5102403456827894,0.7597492613006773,-0.7567189513178698
997,-0.6575180093564841,-1.0842300007804204,-0.872042580236615
998,1.204968417551222,1.4079418255227147,-0.8684046666796322
999,-0.9404329580784765,-0.9621889448576244,-0.208539780801717
