,0,2,3,4,5,6,7,8,10,11,12,13,14,15,16,17,18,19
0,8.774690418121391,1.7308465765828496,-1.7390137330420872,0.5622912008260568,2.9176577567454345,9.671021698538834,-0.22982713803810317,2.7615185310389117,1.3600402790988082,-6.333793104543632,6.328538432260205,-1.869110640265045,8.366223687896316,-0.4551211881972749,5.248979668621899,5.737398108421351,7.746022437641278,7.504815772893317
1,-3.0288787399799837,6.240499056055183,2.5450577294894443,1.08366583862223,-1.2515075593438012,3.4378458194963173,2.827767100862452,-1.014371704756678,0.23047021802460055,3.552219166672562,4.522500887555902,3.4364555144842948,-0.11915853159778522,-0.2946085623482708,3.5616741490432484,-2.0165002686989455,5.678241674004926,9.379791510340851
2,3.526350196750607,-3.8517792134378763,1.0236049204867244,-3.271651149468623,-2.485404189588123,5.6151233630402855,-3.795771595400229,-1.029671805973512,4.5564732812345925,-4.355164011952242,2.002959364607816,-0.26172696375117543,7.251838120994714,-1.7434467922624248,6.244577681424502,-0.26787283331586687,8.071454647687933,6.010586157527228
3,3.7025006739674104,3.4118747485022634,-3.5928359628211304,1.4132266776909246,-4.563965130575383,2.932214900014703,4.372308074872085,9.49910427474667,-0.43505287651872915,-1.0372007893262318,6.259190409813641,3.7667869738074082,3.1369358477630915,1.3237240642117283,7.100118208046469,-3.2830095587379557,1.4370145757205202,11.231451626885844
4,4.419070801298598,4.316144205891375,1.7612005904392047,6.419407601095262,5.639375167026128,9.426156480533956,6.721639292575651,6.356252174726818,1.0351584308769195,1.9174296594317985,-0.04348747489284177,0.24557023267470468,9.600208167470692,2.648845673197606,4.21681981271873,-8.395211632120953,6.576360243152152,7.032236119226272
5,1.849155908295974,-0.036629509158291995,-3.268750787580067,-2.601553084413387,3.432975845757643,4.584028894634832,-1.3545325877639163,3.561712089832013,2.851827072314361,1.2807155407421678,6.034052722736604,1.328351283932486,5.005925121401576,0.5217629971271215,6.91951863662414,2.591924481359685,-0.9096130878873496,8.48751319559434
6,4.189591478216686,2.81740495280116,-3.6373575304378054,0.4870924439252192,-1.5749293712449708,3.089700687182833,5.77812790179773,5.592686093972595,6.762392866742905,2.318493616068179,2.2846539067247846,0.7150747596129545,-1.919312985083165,0.5379512518268618,5.508809889819891,-1.3010766686813267,2.0090878666562197,7.152792619200731
7,5.4691560451322845,3.8363488004814545,4.446581652525781,1.5264336450528528,0.7342090412129578,7.440056490676363,-0.45562384321911065,6.555956340167098,2.288924108005088,-1.4061706332025328,3.126772059808083,-0.30488016674384877,4.458035204390843,-0.4563780391231469,6.8644342348115215,-1.0182662741688486,7.3145935602637735,9.489176284079754
8,4.225369157116947,7.449366856260412,4.611971707798513,-3.719940607425806,-0.509935860395536,4.34876586681142,-3.2405832521473332,1.576032208938933,0.03845496161904571,4.021738491716205,-0.05126692713502168,1.793022270485075,1.8239973496798507,-3.1619598773660362,5.225451753364966,-4.123065885198796,-0.6734849985862494,1.2476047130620298
9,4.825481614860309,6.611009950102994,3.401456264533433,1.8056560606705971,-0.3141846221856555,5.780475976789134,-1.6173779002970698,4.614133650056314,1.9567715036961721,-1.3682759305156817,-0.5229193412683801,-0.19619722481072488,6.792512079171864,-3.5830471212581547,1.4125934490278582,-4.647895804064004,0.8570669539692406,2.098645809241396
10,8.001877071175965,5.249194237150706,1.1871322374521576,3.084665378518978,-2.7208933535044344,3.616925466252343,2.4169345339327455,-0.7351299987851867,4.494112089465583,2.3389273708938068,5.444007913399437,5.221186763931633,3.3350395644165878,2.969966768954781,4.6434645575953235,0.7929101746381662,-0.509037852222542,4.990114630186762
11,5.713418398022201,0.8054773184372399,8.189424843923621,-0.510590305393742,1.5232082392753359,10.853237372800958,1.7133728485810522,-1.1711668433923599,3.4445570242537498,8.005155522463957,5.37178264422108,7.831918863709708,3.610294965764756,1.5948370171742687,5.732417684271876,2.862708999255668,5.549412244395657,7.771245779683977
12,0.3176680067621067,-5.779200917056444,-0.6604203960671499,2.478776763127045,-0.5546160697626282,6.256044991644327,-0.8104160084754488,-1.4402242420571185,5.253678285258555,5.061481150010838,0.7835655567934161,2.866995753603767,9.91821237527551,5.674711544954851,7.310343756925716,5.124104872753291,1.622647998015405,8.382907187977311
13,5.592848155345687,3.2545038906815176,2.520163024719385,5.850344144097778,2.7104548400021886,10.848756782907659,-0.23186431275845942,1.9475690884868933,1.6131088310672832,-2.4980239308104464,-3.363815109703442,5.72823920511034,5.247190450233757,-2.3391373509647746,-0.0718199112773954,8.096233640925078,7.323089969421769,7.969210242332011
14,7.040675491315147,4.450222100628663,-1.4700270553164905,1.3611709103661283,2.4983002174278104,6.28118194495541,-1.1081399162594585,0.8487621136730712,2.573444582966519,-0.04698952412252133,1.2240308870097287,2.6428226083520583,4.1894403865311896,7.430905466166923,4.895642991780768,5.630030059023058,5.708575376548255,15.147453757230773
15,7.590947220979983,3.860449004637317,1.0866520545261777,4.032110752157173,4.027784242190621,5.9873475217528345,0.7622556197250143,2.1506844183820837,1.4146034599606674,4.459230612561436,7.044135503154392,3.207290925044405,2.8128640498156092,5.070917498794707,2.9929233245901603,4.718543853394834,4.341936311688826,13.364772059467358
16,10.684718549119136,3.9766258568192554,-0.44475714136173716,-2.390889669110648,1.8847385780856405,4.872895717361067,-0.024138875151584083,7.357175867968486,7.915178237558394,-1.2971242825465223,-1.0330693781440496,0.07760712063367992,2.2678302802649934,-0.8650046217851223,-1.376517223660338,2.9678648478117946,1.1338005119153642,8.35323695006966
17,3.5322173364100715,0.28812547788017295,-2.548114020513321,5.4138901922176,-4.344298454864726,2.9694179874616133,-0.5595341878920113,6.830308878113419,-2.392867245854536,6.961869726444801,-1.41743011104903,5.256068179879417,-0.2645032866971384,-4.987260544610257,6.514200453632247,-4.084521910903466,2.100645168690469,7.207053437414533
18,4.901376491703492,1.5528830783745282,1.754415119690925,1.291686847372459,2.5766121420094175,3.2226016913518603,0.806704988691211,8.141359286072026,-2.7773330837570924,1.4278373382116927,0.4758309490312036,4.9841438211426095,6.2786414121682625,2.5785804343071437,6.301171054900444,0.3151931591847299,1.109793495797424,10.044381503774362
19,5.202945447532317,2.0704930363555496,-0.9183947745917391,2.8975743857142273,1.7808503103476068,4.695841397679538,2.8485021554059644,0.5755909637607055,-1.945752737786452,3.9069713766470477,-8.388930366686697,2.1609492759185223,7.3938868894323075,-3.832225374359701,6.192952646356696,0.7783112472318203,-1.7944929785846089,8.802491646011314
20,3.9689017954511305,2.852437679140131,-6.378604579614001,-0.48551706887968415,-1.1460715207761265,8.36434001832745,-2.408950564506846,-2.1636321322155245,4.85759511143095,3.83303772810349,4.28781550427524,8.352926863082146,6.9881664906726115,-2.0544937661325635,8.231543875389097,7.524243500858123,0.25661070025012966,6.58114018514216
21,3.504659004221039,7.01393063213918,-3.8039448862869114,-2.200785313022479,0.7987819093660355,6.002558746999097,-2.760876949811789,-0.7352324408355515,8.083142117032972,2.994368904625481,0.2097922887129111,0.39815186173112593,1.388646285696969,0.09961759978003282,3.192935782483163,-0.5609872340098352,-1.5712462934431066,7.198121396028937
22,7.18923936898244,2.7826789531409433,5.7274744893816285,2.020087114224781,3.90383193355051,4.648301248205883,-1.6450387438101015,4.3249040448255025,2.3460978218919992,2.16991221690579,4.418751629730212,4.7965826017228945,7.250020463454664,1.0701769763287827,5.272231398652103,2.2946618540736177,2.866438898236044,11.245456011529033
23,9.090214098629083,-0.6896628852705597,0.7874071188799985,-0.5232434484435577,1.3186664606347565,8.480407245201341,2.3073373829458066,-0.34064640340832364,3.2405940850799633,1.6087054070011002,2.1419073677995053,6.563322987203094,6.3280904926501265,0.7440196209281331,4.3181880273530036,-2.3031235667005947,5.633955112146991,7.785530591998946
24,5.195219220982222,-1.7270721032466376,0.22161438231287256,5.289282251735701,3.3533528540220257,7.355347934989865,-1.607780391110573,7.377259677408417,-2.537950211465315,6.201964921027598,5.299235093178881,3.538941228607936,6.608442794449676,2.995850574330462,5.527296311610402,3.594984564053049,0.2738998077311039,8.588749406489638
25,5.503367743977867,6.027703264019101,4.727295023532396,-0.5602314536077728,-4.397776611096597,7.49518300599237,-0.21645785948247637,5.802082715517942,2.569450595964417,2.0376835947396192,1.1020779022665728,5.044067829758767,3.0625033277883214,-0.1436425782707058,4.10381085689516,-3.242936700545413,3.138523585984349,4.51216076362905
26,8.169426335223989,3.531027597987636,-2.755946086624089,-0.8936558286186955,-4.8926452792934345,6.09376603877155,3.3564985416429307,2.7400623415780254,0.08944038020783807,0.3196093616672233,1.7197503944166097,3.78119529836672,8.511701727385386,2.4089842926361733,4.501020445113463,2.032541414454407,0.5017910575821589,11.18339577343526
27,3.191051037701972,-3.1298184243515093,-2.7918623016795037,0.8892912032621003,-2.329454611337702,6.285491242878857,1.0739562118055341,-3.184993124694472,1.4005825555517446,-1.2360954183308797,0.27274775710538135,-3.795339329366705,8.243387040284304,3.7198420250209248,4.388408174065226,-1.671677047843639,-1.898924515082912,9.205369730532682
28,2.3966378382941236,5.671401104757603,0.8610603448606474,1.6167842550164062,-0.028814507498103104,6.829955627802359,3.0480021236226498,1.2177749946837042,4.833180916211339,4.542089562241436,2.5630323486564475,1.8858344494525712,5.020281388053984,3.8619223222392813,4.874914067503369,0.3179015160885077,0.2382932701629823,14.994716117903968
29,3.391400345233942,3.9291093653183307,-1.6789132213494378,0.23314607686347388,0.5481440144574987,9.684933498865679,-1.273592379646561,6.371132897695036,5.6784853438171945,-2.7359868620336654,0.494248077386636,-0.5814295766303439,3.722378147657306,1.37469722646992,4.724199860217395,-0.45752464040233765,2.948959928308478,3.309004203497752
30,0.7915908367922002,7.674123088476695,0.20047139205445375,2.0625548314840483,3.374979390186355,7.3385127130930154,-1.195165987423236,3.434170657961379,-0.5549510077927509,3.717301996107973,4.256457751551619,2.2434031858774977,2.2209830180399086,2.871968570447761,7.046578769588912,4.113680190483263,4.286759494696736,13.104725289815594
31,4.480904392073539,2.795247933973695,3.6741636812646563,-2.065763277123961,-0.13973097209543112,7.911684573005787,-0.0985350893382747,-1.4698509593329256,3.5029930504740783,7.6242570361557185,3.493347126096509,3.36839267242084,4.202980367060028,-0.3765216121275097,7.133165578389448,-1.1146196147938159,1.1904149438437117,2.0824974102408795
32,7.302752901425102,-2.57685299926337,-1.5198976373599158,2.9917697564456174,-0.5843628476857162,5.588359940959573,4.689638441328774,-1.0728121104843802,1.1988558304813557,-3.045815819471988,-3.0199206262878047,2.6760175738673158,6.279916802944351,3.8170687224770834,3.3367606711326303,6.262699132968178,2.5522623560706816,11.694696946344951
33,2.0986613851678078,2.2487804805166043,-2.180692709287969,4.313919511940533,2.5979661900684423,6.514954290027366,2.4195469156382368,0.6420246555580618,7.128867180813706,0.9822072003433147,3.1741150580908046,2.6019397512965243,5.210502222111714,-0.11686555012729816,10.06873941171553,4.282398298571579,5.429031455682662,10.784682611515489
34,8.11508376083525,2.1017522957821484,-0.3019445669533669,4.213325098637213,2.868594580973268,17.20244970853159,7.275897639709394,7.4483497607757005,4.8424588855629676,4.256512944130832,5.740018744159392,-3.2837823743181302,-0.35302008876500235,1.9771436132486713,5.03675112772918,-0.7563193333492007,10.912140768254012,8.738373131067705
35,3.3975458830777603,3.538500677884812,-1.2617568414051221,-3.588624139450716,-2.1372759196849995,6.839025875831209,-1.5461451029348323,2.4540194429153295,-1.0760840901593791,1.5851521922958671,-0.4767763306371404,5.236223538908137,4.094664973372792,1.6136859269420951,4.269665318045834,10.46276056603518,1.3944121742048001,5.25046702728816
36,0.152305756037884,7.965022137536106,3.0534912222086916,7.437647510232231,5.574057204702199,4.183233746270821,3.825301273484569,3.8473818054441433,3.7621006375599655,5.786977626793994,-4.059474248319077,-2.039838069289101,9.200748380776552,3.7561295283133616,5.239404467985104,2.369702046525398,7.315300692838745,11.49537173860941
37,6.4530704653391435,1.6784429165924988,6.798041090970538,-3.580090569342886,-2.0690924986908126,5.615282032682149,5.899137780916679,6.3173663317829405,0.6116440726254573,1.7755919856376217,3.12733536663393,4.044787430344284,0.7449133761969571,3.5925287421694883,8.481816474198691,5.326933922849624,4.600805653922162,8.72303663627143
38,4.207030855390926,6.468966721997434,0.16432176985005376,2.0145048085434407,7.64968454083998,6.499339244291099,0.19335662638193774,2.977459560114899,4.683973895339317,3.3983446086379185,-0.20052239201083166,2.02597226882428,2.6189702822159218,-0.5215066339895735,5.616859131062384,3.19078243854418,3.457687312926585,9.86478087723059
39,6.628114504249434,4.651016443612449,1.7783455668713675,0.7572688530579468,0.33230054391753416,8.38782430483007,4.189213083532531,5.5929682580309334,3.1511991884982598,7.486494047554331,4.941486013417272,2.8416443747528364,1.7509906416548207,1.5587864537599763,5.4851379749225115,2.706891451907902,5.822578486224442,8.864628031257915
40,5.292680331107099,4.300060267267829,1.851685908879496,1.9597220655151784,-3.322925307935436,5.07939009143687,-0.16965000019249588,6.017090694219718,2.974201303185475,-0.058371479583259056,-3.0432685080355535,3.450234195020758,0.2839128607199646,6.375600194103662,9.931588803046173,8.158527619403337,2.0768986518871424,12.123363261785803
41,11.979441858152633,-1.3211694342045552,0.6600388392885543,3.695686864327482,2.935138954951764,3.5994723643896807,6.834566750300336,7.42264205469716,-0.5128762293388309,4.834616212574134,6.3150609807423,0.24068687817599033,4.998075621163495,4.2941448363767885,8.057931996784411,3.626321699966201,4.134073354720585,9.263045125038147
42,7.749998496841922,0.5819578181564116,0.02112021486566973,4.434531531825224,3.1403784549519154,4.5775055110847935,8.219632866136465,8.467433814208754,-1.311834869169524,4.416306982651197,5.084646104863218,2.833360773936656,-3.2419401639145633,-4.166578383335908,2.941714145317316,2.444792352640959,-0.30083016899883663,8.057942452083617
43,7.975637197483595,3.578650543065492,3.7727669376187176,6.079885194482924,4.217831263622079,8.359137497313947,1.7306073649204137,4.020271877125051,1.0852524887799464,2.629818695076491,1.4849800337802646,3.2556892900582204,6.16457790986731,-1.4817922064036582,0.7484770620920154,3.159713296806607,6.1308931111910985,6.549068086198648
44,4.707210858590558,-1.433206303767061,-1.631880126056966,1.4872922119501242,-2.0987775680278347,4.408628376206427,-3.591776559777617,4.39783287559436,7.8416874967567765,3.9402963579440726,2.515932371744217,0.8776113471203226,8.384870596555366,-0.6775196767668845,7.9214273260512345,0.7419116805365232,4.959521228907214,8.218870189468719
45,11.229504211036193,-0.31090516845988336,6.497774668175913,6.473111518468898,6.417222070576045,2.132615410861861,3.9778750787256945,0.3947604941607974,-2.793793139910127,2.515439362094467,6.266724882834974,1.164492178224159,4.851168905242403,4.622605433624086,7.135602515456824,2.0256558870610637,2.0736284079762473,6.433658420166403
46,-0.7913555881984458,3.413264727958495,4.447291916526414,-1.3892767635428114,6.375328803521921,3.087404233105297,-0.06749375854910955,4.168042899019733,0.8266304751157946,1.9087966787840491,0.8685451979520797,-1.9758651643657563,1.740114315084493,0.025147975872932715,3.106361318563385,5.802297382116596,3.2076313771311895,9.359991846417916
47,5.147841881348441,1.0202770729114907,0.6582518221472416,-1.2147065188600095,-0.37027441858936694,8.165152170467497,-1.1812620469801112,6.422307037024139,6.8222556808771575,7.057588448178398,4.023743519070358,4.526979879643218,7.630530838492493,2.0451127894095653,3.9733949476382855,8.26191642663216,1.9404274620607431,13.288086624037133
48,6.086125784244254,4.980938623230638,-1.3571110891298765,0.37724734499209767,2.2841692026866727,4.124014714987653,-2.030805428153703,2.0151245603021497,2.388975550715563,4.3137655179254395,2.913862550526503,4.6685635145067055,7.157266447556843,0.5134965666012576,3.9541842883239475,-4.534783597258567,4.298077740144129,7.422099062776635
49,6.780085856737799,0.733612217216697,0.4070298426360963,6.2292532701074546,-1.5205241082796577,9.468709193433945,1.6356317357450783,-1.3943895069982934,5.7244877094773985,0.005187957467092108,3.694154830054405,1.3282444802618558,0.2370782752274465,-1.7786752987366774,3.3121745820106225,-2.143305978363143,3.5101016564324192,8.27543895930298
50,6.066836835723935,1.3578470736715391,0.8221931138290255,2.9951012665467194,1.2059937921622894,-1.548128883357422,-5.077075597053023,-0.3535188442635335,1.192177782198427,0.27879393257948504,6.436229855977594,8.872346066196412,2.291503669493388,-2.6281963256077194,4.516443822367817,7.570253317925178,3.097482818971108,8.49280313202918
51,5.562931575213057,2.8300725643847167,-0.237386133647571,4.796582168838019,0.4084480040418219,6.159171044629315,3.2030920922078407,3.690925298250977,-0.09542199922384365,0.5311183675252995,1.6411157352603576,1.1940426157208193,8.192517401643471,2.9955340457500492,11.385457535321159,0.6473804665173968,3.3347960761482516,11.104244366272438
52,4.976000494604671,6.750026030640466,-0.5326373351548184,1.7503491880210766,0.3731584370353509,4.591156014208287,5.225500164628612,4.438336235626508,4.735722958767386,5.1225829677936705,3.793201049420132,4.408648422494394,12.091708473408161,2.476873775342442,3.7012270431205208,4.326788302169555,7.406788575222747,3.636970981172256
53,6.264312376898156,2.316365520049247,-1.8070268155765774,-0.5358009593758659,0.15198414932425963,4.5732898783375795,0.9049694980529732,6.65015314011726,7.686578388254338,-1.8941632407383746,1.1103795350424934,5.042028169541732,2.957173048014051,-5.686545778192956,5.415395202141562,0.48940210634169,5.459597893781194,4.113711937101542
54,2.3513423899028827,9.67943251707323,2.1666123759956686,0.6532542511350405,-0.6651337199456804,5.938728752015681,-0.3286956389109196,-1.0796831841646126,4.343427380277229,5.609404131144842,-2.8698505673927754,-0.107463223964817,2.914372573449226,-4.448139942639617,6.2441800088497805,5.402439353927223,6.166069553594835,8.331999148491747
55,5.629383889264527,1.6398104479941409,-1.4138258973036124,4.0344020560016425,0.770777077044335,4.411404411013206,3.2827789332243684,6.336461792416243,-1.2667388559021893,3.3253769273529374,-3.7100959437645975,6.7274381283974725,5.725211275131035,2.175376215310515,4.819526849486095,4.102471369607039,0.9380583372184361,6.541097440669919
56,2.5800731044345246,5.946380256998053,1.6064733212133278,-4.472701227034186,-0.4056067158330041,5.398633929232048,2.1132735765084902,4.0580299853352475,1.5096598112307413,4.660902344620103,-0.7781313898152611,2.1889226367723977,-0.25483450689383425,3.1752566130259217,7.234793894774399,2.8964157417118956,1.2316608828623963,7.270260240337905
57,4.3327641885844566,0.12193073059769155,0.356841794555697,3.2959559493519843,-1.2146080274718227,0.4392756957267885,-0.3336155346963866,5.684519072320917,3.4206924276327566,2.146691916078767,10.74018395926175,3.985827868995816,2.1626877378357237,0.5847972169339459,5.027057081437186,1.139335024524409,0.022734787911904863,10.358209806618962
58,6.0072710752068454,6.265812385327381,6.105792363833645,1.6780248451125113,1.9435256754734276,9.085671994177947,5.917521857804241,1.0318275773877312,5.605212110157538,-3.1335134376301257,5.1599787664702665,2.5879923806590854,10.63117019129392,-0.00715264790478054,1.3567828251594278,-3.335834804405972,4.248397790737181,3.532662611575029
59,5.255325890080897,5.330565626484569,1.130676939430823,-3.8702214159842163,-2.4805399682189,7.0223488030047925,-1.6784611403728893,6.428922855018815,2.408501549893483,1.2090700905225469,4.077840668797318,4.032576943034044,-2.2883744182920602,5.46562653774375,-0.30063339871670003,1.874308839481562,5.191641289297024,5.843860052427578
60,-1.723075800849375,-0.4687801927332891,9.110769272045236,4.841366998861987,-0.8281898787608414,6.842768343900086,2.090013815081851,4.360332435892592,-0.45325125653930254,1.3264399263664322,4.723377369514219,5.575024629877348,4.182212891919919,5.0325694075416045,6.633922239210049,0.5125016623376586,4.333470192027644,15.031291140849898
61,4.951578908790888,6.952136423974313,-2.2024154500892794,2.9196088908578472,-1.2765167982517975,9.474646637462431,2.9423076325810213,3.4164990216321014,-1.5674662580075895,3.448408243807413,5.571830456338509,6.951341780215083,7.057096308971007,5.885646998186341,0.08161984940133671,1.5408854077258485,-0.43064582421018893,7.2149573133202365
62,4.795348491046379,-0.9093772200217076,1.9695070785116715,6.414182848589693,4.58962358996422,1.9417534611367593,6.305358737423642,-1.0141357173957526,-0.7815793227961072,2.2157196579481604,-0.1031902421181059,2.9397448705138958,5.734520020928036,-4.376038192985254,4.22888304451757,1.4114651688958124,10.442501407919695,4.051542951344242
63,7.195329219589569,6.353851328285543,5.4819521329207985,2.263931370124321,4.5577807401773445,4.713044988966448,-1.3642767254203971,2.943019644765579,3.1118160959731926,-1.3347307683423022,0.5476563937386993,1.4827290692954804,3.9126302216053404,0.5540073380217725,8.635999638669908,1.3363267066851294,5.5258812676445945,6.129234157113816
64,6.391793069480808,5.157901447905893,6.161498931671447,-1.6217214154411024,-7.345459026860897,5.998469098772117,5.642448111388556,1.5213953232997124,5.5054167958713105,4.419864411944323,0.4815770218247599,3.930589187747749,0.7915794447528395,-1.1555996656820897,6.02713088334717,1.8184880753101493,7.60166269574006,8.845587787376836
65,5.449294036963357,-1.7474998901502126,-3.056702885202226,2.884768523063192,-2.196645245482663,4.98274740776478,3.7923401335504185,4.7787169633704405,3.124497021681378,7.6548249623222855,-1.496135771829084,-1.3311795553700083,3.311080955152856,2.8426421514910185,1.4271248281451236,1.6141695899515545,2.02682524211971,10.010946149245779
66,4.844093447870657,-3.650664974878427,0.19872533263926495,3.9195272394571905,-1.446104668632855,7.411676080238143,-0.6484756100232616,7.570607336861435,1.578989674665943,7.6696273894187055,1.547513212845732,-0.8048313778802303,3.4957864382564585,0.011477897954608598,5.213219573344901,5.563846027726436,2.642336014262292,7.513713362098567
67,7.440043257432678,4.654977989389483,4.422770513104592,0.35855344824601043,-3.6294817495431007,1.8820077434038898,4.234352796195793,2.44560896544924,-1.9795873465865448,3.948306412932604,6.984496231725163,4.005462327606656,6.002006009111597,4.6562130036764104,5.133262403887173,0.4733224361595738,-0.7912394785481829,7.278023110767662
68,5.459416869279426,1.7063994365764596,2.8067392411686742,2.8046395564713977,-5.3025562158725625,3.1104605229004743,1.6437118081654498,-3.554845983784091,-3.899066978121507,0.4397854063168376,-3.652186416306345,3.4034326490530695,3.4248251981833935,-1.857270390944215,3.832308773308255,-0.07641495970188139,2.326205790794218,10.105450329686992
69,7.447441448419507,9.601027239526235,1.770108479765696,-1.304445725592935,-4.784510713123464,5.341906439373201,1.1392942867801812,-4.074141047806796,4.149035770878437,4.1994080377691265,1.0080770060697664,3.0539055286529364,3.170408919149752,-4.854498080668566,6.281743487079195,1.3137609682406821,6.691282858564754,8.665386027317641
70,8.169843843810543,1.9943800839550478,-0.8404455284978726,4.940432247105024,4.6273811408351735,4.213121742695801,7.702838626483349,8.79181117858973,1.634068347524892,1.1200753923745157,5.503085465753184,3.39633777189767,6.412675380807879,3.596477848120995,19.84208310433481,-2.861323364131981,4.503028615024807,8.929122066262325
71,5.10652618540909,5.180239167848234,1.0958447127660154,-2.6751118663865183,-6.1736150945531,-1.5085969280149962,-1.5448216776262056,-1.0305485906093987,2.337772123430896,-2.472153041841274,3.2026397986236024,2.830931514051368,2.847316489548102,4.14730066899223,6.7566975368310525,-1.7087946596305923,9.358856189779278,6.746908660102347
72,6.303986777635043,3.4009116464171534,-3.077098904804375,-2.5723002115702935,-2.5249560696131153,5.196951569131034,3.0847340395857126,3.9477985687268813,1.161372447392398,1.9442610490353747,2.2579689950986777,5.415453356376366,4.000109954213862,0.32933379530059803,5.306398454071759,3.2878970678674597,1.4256216268245143,6.017736460740954
73,5.540445978338874,5.0999674088524785,-3.7364052865637145,0.7750897787134908,-2.5662453258508653,3.8190314512061776,-6.81989547425924,-2.4427286886544595,5.605574447068402,6.230128797659741,1.1677997959143278,5.157495431920049,2.883021700283759,-2.0018682332382935,5.177827890696668,-0.2235884976036855,-3.108970975084262,6.60309956299273
74,6.3965684668205025,4.304052500462778,-4.313959451213351,0.34579946153407226,0.8401379578983901,8.73407664456785,-1.3155684189253476,0.2017197752130575,1.8042216450827473,3.0331315522699125,1.8881872109259827,0.49432314496653307,4.050429211203459,6.504103780507075,5.724731643096476,-1.3727535583749786,-0.6838987688963187,12.545736518303322
75,0.5199451379802893,0.249553894407903,1.4696147246300306,6.2349477988341215,-0.3935807624655733,5.13987553874413,-1.0587975015551256,8.107880894179196,0.5455911375617972,1.0618413669755127,6.143363272877745,-3.144538812674738,2.1613388191538707,0.8307292920240692,6.3401780828332415,-2.3574387253221163,1.2432540469644042,9.943403782949689
76,6.085527981860708,1.5668998919686654,3.2710393344590623,1.9187549689680106,0.7804654543432701,1.3483683476089703,-8.731173469021375,3.0326728325063987,6.813095780549043,-2.2636812818343444,6.491396626825744,3.734476629875802,10.931309564753487,0.8427883341329796,5.765223489148365,0.11910447150761283,7.8672745576926255,7.0156597026840455
77,6.014566103004927,5.4520665195826465,1.7336746388203657,-1.0611509828772927,-0.42591156399373775,5.67138254972719,-0.29723648206591724,-1.2880763732886877,8.257134393626549,4.001831375368688,5.300986566149205,6.757547926135201,5.056934763023284,3.924814231176791,2.843438288767987,0.21381667671616533,3.311461679922405,10.881024646777865
78,6.295691289692527,0.39523898946865854,0.7826677447961738,-4.132892259922995,-0.8447748274162908,4.135834127214586,1.5029039470548424,0.11581762074992508,-0.3069091219925264,4.749410660183864,2.9985959368163364,6.285338853896272,-0.20134230066348824,-1.0262111224168178,3.7625697322930756,0.1315117576334366,-1.7370218545734017,10.390750128134513
79,5.009490099559334,-4.68145935509558,-0.6883923736207773,4.339696458923702,-1.8733879112961573,1.588494880945718,-1.131930742702876,2.971634786373958,-0.6248591092439044,4.512577341094424,-0.9575042755163339,6.201509454992683,5.009274226685536,1.6358452399630892,3.774617760107116,4.7358158571411435,3.148400839634434,9.377548132464032
80,2.5189655600873073,1.7147175941214519,1.217191719706441,0.6225525829580143,-4.2839500106331005,6.586386607038211,1.487194362353625,-1.4866090414943147,-0.9197807253269594,0.1966980906998379,3.675082905205058,2.659161852219177,-0.7030775115377272,-1.8577722105269678,4.350385787314678,0.1453384591788387,8.041727997709447,12.671092274361918
81,-4.142310054824277,0.3132297865184861,1.985675273562224,-0.862856955232411,0.6227797290809597,6.326328944728734,0.649113769518392,1.707833196289825,0.9311363495457278,-0.6572324686345141,2.8030663570966396,0.21914285297416636,7.338282299589647,-7.120497233512918,6.558795441499968,0.047696073388589166,0.5166691006633806,3.10430718272866
82,2.777461629387733,-2.7196523461502022,-1.7195220423429163,2.714740373409996,5.188399638920463,7.605483197595104,1.1936766936847456,4.634046329386717,3.453744078710113,1.466468970094576,-1.5765897699525446,4.475050980825023,6.182185900792038,1.1430852267612113,1.6492255111013518,0.73499980367034,7.508752706306995,8.205586930844973
83,4.396743604952183,3.723507294848625,0.8998371326333524,-0.27419702030653603,-0.9902704888498342,5.943459358691804,1.168840424160451,5.020419334605404,-0.23578562010339854,5.116340015730129,2.41858887412893,0.8027080494778447,5.149319093543243,-0.32540828859708393,4.408431887147835,2.2013647315939866,-0.2756960650856537,12.34516676646098
84,7.874946944854278,7.767664225903269,4.352053550139381,3.172750379427824,5.374169394462064,7.1735707769365105,2.5662213320536535,4.136080217172216,5.292209560340037,5.899838007126749,3.7434105875650694,2.0762574602957065,4.063363892392966,1.5712973739496818,5.497241887651262,-0.011351815648258157,7.0383099283044075,9.54935517278218
85,-2.5051805909772886,3.2353252733477076,-0.4665872257439324,0.345721280125989,6.82561391023229,6.788923458447288,-0.4306179220120874,4.263981510268869,-0.18850201138309264,4.157939975195694,4.446737598588517,0.5569491608298409,3.530801995967859,3.780329342074444,6.568468782135763,-2.3680578698023766,-3.8787757846986635,5.190651074172534
86,7.057718543079808,3.6354122812016696,3.5917047069697636,-2.7959189638637865,1.073320639273558,10.357197974345796,0.3320904190743842,-0.9020711477951806,4.852002691745987,1.6409265105100395,-0.7599598357255881,3.1489387579132897,2.690327912602795,-0.8603379188935962,9.386615215411545,1.172430359933744,3.514297000634351,7.313327176943323
87,4.932471843372387,0.5991511974911068,-1.6969564639007895,3.272936913433282,3.3893154043103406,-0.7148094993768277,-0.6454410878865067,0.9898471188284264,-1.4965664806765293,5.556014267158955,4.0030729321917615,3.089040791942199,6.441660060556205,3.4795711903605087,4.712812177421208,-2.2071319261993465,3.020671415569727,7.371233379752439
88,5.6231023410000525,-0.1839668287373062,-2.7801801674678464,-0.44027472031357195,-3.1860775494323925,5.204766200188231,3.3627743534541614,3.1025763251592675,-2.070149072643108,-0.18030595868065524,3.256331438940643,-0.9047134732364082,1.3121603431733297,-4.775492485049002,6.712983766374787,1.0795138393442316,-5.62230731850754,5.940605421284927
89,1.9997775959268327,2.723236538030059,5.162359560715947,0.0976796625947648,-1.8820699179182947,6.671144844101226,1.6468394454497877,9.858476351197544,3.894685951456192,0.5590553490107628,0.5949709208350225,0.24836435018449388,5.547019814891546,1.1775490653460354,9.484601299371306,4.358377279610115,2.380448583604691,9.631253441464004
90,5.368515912728911,3.733964331431595,-2.6450347886940997,-2.3696337057320065,-0.3722236043042966,6.817301098117799,-4.625594680468332,0.33802457825535415,5.071606703928951,4.6061661933685665,0.6126959204896776,1.9974625189078077,4.573452220909647,-1.3967897824698843,9.519719658087835,4.0014155309642225,3.998875612697674,2.180836241958133
91,2.6145239219377836,5.462389084529104,2.467591033382855,3.3319351356303604,3.1600121880816294,4.929568621229757,4.478007723809975,5.518749121591657,-0.841633108031091,3.0201228106051623,3.3386428586558865,0.7627422059504291,-0.24391945230256917,-1.8832084839376515,3.662122645351667,-2.0078736723008337,1.6020570792852469,9.027045940775084
92,4.764783603474059,3.4109722938503566,-1.06331906710425,-3.5766637073039678,2.1441002828548896,4.76613365767145,1.5830059865246424,5.252510534596797,-0.5700858284835484,1.57007933566186,3.6367582821734756,0.8467621604499338,7.479453113807976,5.911503871754575,2.840611293706251,-0.0710708469882213,-1.7033874710611188,9.58274915717876
93,4.496899205512965,7.993523997314147,1.257188946838893,3.6033413764762643,5.165062709043866,5.1736474198794244,0.037077929462790316,7.02503466886799,2.5919891633069665,3.9490214859710675,1.1769193852380355,4.622685253100298,5.910782799365042,3.045271366185748,5.204189092280288,-0.7101133807445767,2.5268998413703367,14.750017240750829
94,4.436346672937261,1.147715234440351,6.897208313188467,2.0672949519967045,-0.36533128852516566,5.651495534451662,-0.30331192941308327,1.5580670087269946,1.067840243249685,-1.7538604582633963,5.117173067371735,-2.452598379770607,5.866347743634233,-2.2554616162209453,5.872393130122023,1.5763396401509924,1.9673543081214466,5.142602566549051
95,1.2862635399069346,5.6195387771791765,3.1544212056956207,-1.8247994495031032,-1.185093687318144,2.506149729283444,0.5727226051801717,2.7368488411177667,1.054440719297133,3.256430329052894,1.361578001719768,2.862552398074685,4.0786167912530775,-2.4231298570782664,8.602217038872293,4.0727606943020005,4.838136036193404,9.172019403230712
96,5.6824877688293185,6.3710537025254155,2.6983500096674318,1.4672145214266785,-4.477942194262611,-0.11631720019285563,-0.5971815001676019,1.7141194753775726,5.836063290620044,2.0652829497970306,-0.3607788361567439,-0.9723859571533819,3.4526502684769005,-2.9597887673574035,0.7111904346631839,0.4360915931678498,1.911823911465385,10.872180436211206
97,6.019083363426614,4.786460096068732,2.277821652889138,-4.171766930615771,-3.3875837954814316,5.470665527747309,-2.3495400565172258,1.534288498121334,3.6712747544084454,1.8750189446640786,0.0788268236769305,2.541696414070179,0.24917352633939727,-2.7448269811057706,4.40069233148037,-2.3698217593573063,3.082956381675062,5.804707606528007
98,-1.297126205290927,-3.463821105799009,3.2349168563089696,-0.9969333884165295,4.849952540252719,12.10706132837818,0.12332879699371646,4.984999716779463,1.7375934905884654,2.160799522799305,3.6544427240136654,7.1134819265820415,1.9406161809450777,1.4223300901290816,9.308185172276675,3.2490703878164418,1.9242153343554271,8.337151270321403
99,6.188994346388862,7.885017970741571,-1.190230478961872,1.529817426609968,-2.0181238668489434,3.488620180896791,-2.216075006335682,-0.8398991977127972,6.115333913659322,2.6515466906379555,6.095488218321629,0.12697595500344772,1.1407350981586344,2.546257840528873,3.5594127445968677,2.317534194603064,0.20584466793968992,4.889689645075929
