,2,3,4,5,6,7,8,9,10,11,12,13,14,15,16,17,18,19
0,3.518095282129782,-0.34758311228458083,0.7994193872280624,0.43145696982554904,3.739269074046324,0.5361293852360989,2.8034876523971355,3.0510592401948196,3.284328195276685,2.832222435887309,1.455403123668954,2.4988219043660056,3.037673100076608,-0.4625162677703152,3.0261473096314067,2.5759119805508686,0.8590663300565455,8.215013971421719
1,4.777013386029569,-0.19912994483195667,0.08083946621273874,2.531593087724535,3.5803464895745334,2.1689483838993047,6.520066526749488,2.436419246298925,2.5601001628530344,1.957534588735151,1.9794373590722465,3.90775495085055,4.843653608650344,1.9111869183328165,0.21155479808971478,1.6675820378478696,1.1797983186652106,11.341883143207502
2,3.101697671804406,-0.9877769669673719,2.7322670505842352,1.5646408647747525,3.4699431885467527,0.36579880181141977,4.125336525826006,1.312711685898667,3.372692272563695,2.925960369532583,2.6160109725228966,4.280058373080795,7.685887558249175,0.7873769463692025,2.7647247966954245,2.7310541037155383,3.946500020184862,10.985347532458038
3,1.8849677434985534,2.096402523003649,3.691691119014306,2.6348356037676837,2.388280564857938,1.6512321520603395,5.74241992262,0.49702204769791525,2.332981202623022,2.5414556992001365,2.1944663757532417,2.1372283494602327,5.659340199747252,2.513910580312337,3.9145537412440463,1.8594449058283407,5.289382647900285,9.078034656937174
4,3.0490235326932127,2.032578242041404,2.5902421069048844,-0.3924407302573107,2.570609477465389,0.3132376937770973,3.446962437151614,0.8776630590111778,0.23073702452909517,3.6948302129066297,0.6630678664748353,1.0264442939316551,3.5153946264979403,-0.36838798187588395,1.5629880508890355,1.4030010927841545,4.2136458017702605,10.670601152199195
5,2.1886713987528976,0.6011508053439781,2.2739453180925215,-1.1972139452524608,2.744126923486154,0.6599615923487907,2.8570156991639126,3.881786379596468,2.617187769959365,2.121043326752634,1.4767524185567065,2.381754655584263,4.1301682038991405,0.30339921582623064,3.9209966835173926,2.4283827317838886,3.810460723849637,11.128840740145545
6,2.4071459022520365,-1.0924735800139644,2.7654993239382115,2.368884050663104,3.4673978375376895,3.586214880137952,3.8515683656153463,0.12414701472435263,0.3366858951500713,1.948275343012515,3.707350544855834,0.9475552928525377,4.460909754464739,0.14452272812085398,0.135716715151192,1.7084843697498322,2.9664138980640717,8.663396444586525
7,4.699093353797316,0.9647000397479694,0.6024006608425028,2.490830450301516,2.7522426340740176,2.001051892121333,3.308975520142297,0.8722218447203862,1.4846672705109434,2.963562126002867,2.71569683285347,2.858905692270811,7.449514524393077,2.8695654458134885,1.055305478531107,3.694523907955321,2.5319761408905754,10.769169265281116
8,3.4595583446883453,1.886680963034907,0.6170735359258439,0.07379491295584395,2.6546448320671328,0.507460369938679,5.845793407984966,0.8272368316864362,0.9169485567485287,2.1908341024296916,3.9913879370504066,0.9224026206179778,4.362767312024063,0.19157711667619204,1.1587425326640068,0.6533523048020884,1.3327024418331672,10.565175233287622
9,1.3734114757332718,1.5181396205729905,3.8963822422659877,0.8298089653711761,0.8835892125703384,1.330272402265237,3.4442018792989963,0.9890369187572947,2.0485288127374988,0.5345565007766568,3.074322118042998,4.207020720482486,5.098447574794859,2.043937099189156,1.7342325766666846,1.5378698515042033,3.3746355868505296,11.781392937121845
10,1.808956938407027,1.142739017482298,1.1800996070313041,1.9836423531481202,2.3542467000905787,1.3752579249031387,2.5600337881202373,1.0058726975139516,1.8846487634874949,0.39200194338126915,3.9511277100876256,1.3925989576493225,4.6611826235161855,-1.31612509017429,1.885258815052182,2.512490322599112,5.185571786057379,8.747746988790341
11,4.673301732490053,0.8726137131243507,2.3423309602627262,-0.3857084706491233,2.245340319633354,0.6373304963678814,5.276570301387249,1.1902139832278729,1.5150246386286623,0.7018419032288572,1.668204096696289,3.6296410122369958,6.692067874569382,2.359773414178842,2.9600885212998578,0.6379361064642557,4.0273055832128675,9.313276603253918
12,4.102563801126287,1.3740272524141117,0.3467590527112727,0.6071629944811405,2.729990946851524,3.7018718034476397,5.295938089567413,2.0986084397500364,2.132810736698837,0.6929987908227495,0.838562819759654,1.2756929838534403,3.675366023312349,2.2973803974990585,1.6876140035481244,3.5236134993805632,4.989367516139316,11.998668836897803
13,1.159635372253954,0.9800381730267316,2.9633752641088655,-0.5323056682615523,2.29584598283305,-0.394916023684158,3.6052996222334834,2.862774595216996,3.604893200195709,0.565629375920164,2.7362022612300727,4.085358158314658,6.410271811164733,2.9441101590619607,3.193337690282001,2.577185309572241,4.776310935216933,8.330262369887242
14,4.279402310447903,0.7015451468122904,3.7581673466892993,0.48707398247130784,0.9682449073685513,3.7883728561390644,4.055456606680494,3.6224395590282863,0.487681597498951,1.0890108822512854,3.820353826859379,1.0358641092756296,6.81312874125771,2.653889772103993,3.7659052238216852,1.065616264637241,2.4260450389221595,9.598859494419251
15,1.0463431758250077,-0.8137040718498902,-0.4410769548236704,-0.5972490988388761,1.9380914436521324,2.5535829791398,3.9008328609118315,0.8811509221580387,0.23355775328130912,1.7179278221734737,4.5967670146174,1.5962202929624603,1.5293152496371665,2.4845840252043603,1.075067397034485,-0.492733889110079,1.8924531598206251,10.036475817133155
16,4.79384234317744,0.6611783631223038,1.9001421332139914,0.4455938147586648,2.2760738343328155,3.4822436631004536,3.1072898918481653,3.4115610968233323,1.8849626401079729,0.2514263483098682,4.133734898926566,4.689668005879725,7.514499380961146,2.2024951780347273,3.33286483547968,0.5727623537554147,4.9202908357146455,12.36537595900841
17,4.304034443786879,2.771562668983337,-0.3323700192826857,-0.41701914551627994,1.0422804977913454,1.3983393917936786,2.091801651503982,2.9719492990981964,2.8368262326622786,2.440296472123854,2.837521265836777,4.396435027005706,4.332525700341449,2.861113239795631,2.0982202336157054,0.18921070719173128,2.7966768685069234,10.90987297867687
18,1.154921419181051,-0.38197768096758655,1.8156398366288964,0.26039650631752853,1.0639545602697629,2.9073002419843412,4.162183370216959,0.8162809195455942,2.9790909959895524,0.8498457616406114,2.5287782058774493,2.6629423009359066,5.86062714116283,0.5248883205189234,3.9402469646851883,0.024453265722077955,2.977041597049907,8.955693064878835
19,3.7828432647383203,0.8005679953269335,3.4378366350381975,1.9033701603178312,0.013531132455665507,2.731391162933926,5.663670223258174,1.6723622303444001,0.5059706329672666,1.6834929943788013,2.4163289884737678,4.632625597874066,4.088711125532361,0.2802198914537578,2.774643263044146,0.4779166755559192,2.8935781833811753,11.958873091429673
20,2.267734774294006,0.18174358980129757,0.2511547148304867,0.8028806267928827,1.2075604881943538,0.03369772364871615,3.5127740449253495,1.5094783160467502,3.02206189726072,0.06032373635985655,4.334744356970036,0.6162435415612539,6.122976615051676,0.6296078423973974,1.9396934019790595,0.10010041632941569,1.7036599150824987,8.418389929100655
21,3.2881731954283517,0.10985537394443501,2.433698234557576,-0.744235416279407,0.3752701912370049,-0.5338901613494282,2.835844343814881,3.1605705315436503,2.1917600996924658,3.6883952575198036,1.3637678930862647,4.928676021463954,6.188448577078941,2.349372085709563,3.5088559040560816,2.8255010571251864,3.3406273626133793,9.482601663563095
22,3.6524908390611754,0.6077694559660991,1.7147340442874337,2.003217073669147,0.43681183852762384,0.7692011167229889,3.137091029741346,2.2089679006612366,2.573072366242456,3.9285540467633258,2.186707964241908,4.272406356929743,5.559605237199317,1.9258245986549638,3.637178176171024,2.0407092924841086,5.107009785048741,12.217725240835463
23,1.6823210012576704,-0.9954934753715972,3.230662416928415,1.3055852064599196,3.644709793579296,0.4209517017351212,4.8596210722122475,2.739736307829754,2.75906265412137,1.552069601795185,4.360415967101094,4.815561389143085,4.892073237263179,0.8799554385449433,3.7908069881484634,0.9300217867558596,0.6977720559337128,11.515656939702556
24,2.7714332009072047,0.29763945229712807,2.4430887135982577,1.6472445784902292,2.0843390686173,2.187815005621025,4.4048519776892,0.46618145948348744,1.1955331784087648,1.2212733702651852,2.295269000145533,1.0215023110686179,6.990782350453323,2.311521963988094,0.8818204295238221,3.1044854304649703,4.257603072014216,11.188881464698959
25,2.240497186276166,0.41191913000087566,3.4005235536806366,0.24229110169782986,1.0994455756269566,3.890022914555633,3.924297163151825,2.4005343405153297,3.1511080027730403,1.6378616979574543,1.0443319552572587,4.675416158686774,5.626977792406114,2.252829500561885,2.4499805423012453,3.665357834718079,1.6722648340965134,12.929392391020835
26,4.093000352636043,0.7178861098423808,2.7799525800009914,-0.7646504815320252,3.6958289541579843,-0.1293614363099802,2.7686496855259457,0.5692870057592185,2.454753938247098,1.9028115263329846,4.750237136416985,0.6909400397409025,3.6144646850970905,1.6478581898835511,1.1660417822602742,-0.0064766880307707275,4.792158814296161,11.226460727754366
27,4.154188545480886,2.867164806136267,0.7983276226239786,-0.7756179715182073,0.2040521739530412,1.6875667611205056,4.976293357952612,2.384148751947609,2.7559259566849663,2.2199971526071502,3.6206526308646994,3.958594803256192,2.3578922318824103,1.3706969174594603,1.9278853773549733,-0.20080955587154214,2.2570059636511735,11.052845974549307
28,1.6157833610613848,0.6029467346718408,2.7032784094678646,2.198890008256631,3.5809102208338186,0.17840291882250536,5.581819305874809,0.14849562677823736,0.16483500338505275,2.1302386710539416,2.3400751572595055,2.291633297478161,6.343072115738275,1.2905840571620948,0.18241074313758876,2.0381817962865076,1.6300818240333572,12.093754545753596
29,3.435216451761943,0.44915431404028394,2.293967006719202,0.6675487241435234,2.2435377767749705,1.1168958667366973,5.999070930052822,1.8842388228052425,3.5693919998734316,3.0638710793184734,2.4459174245596085,0.5951240419406485,5.301220110324819,-0.21745712246877213,1.1662270576199703,1.7946752387870488,2.36404183415248,11.714177752449213
30,3.389181653404985,-0.4905233174977105,1.6919729788228761,2.105783932530816,3.254492708661144,1.5293116626534908,6.678559315098873,3.5970298261783347,1.312119449906917,2.965176483400616,2.2812276860441516,4.119343934757305,4.293725893761942,0.8341662076698331,2.7083772257512697,1.9678039982178133,1.43996294825903,12.350467344032158
31,1.3583065450675402,2.2440806114313525,0.5357134015093528,2.630395235326126,2.806487260303889,2.6802391860235035,3.4222420762228407,0.3466274422821578,3.232482911733995,2.0664803091882034,2.331736845344198,3.4450126665999306,6.275256340288412,0.6191475626781512,1.9208151628082586,1.7887245772450924,4.243182597678496,11.353406028098712
32,2.883530492400531,-0.19919026705920517,0.5293087914109276,-0.04507390489733931,3.5440200727257314,-0.892572192062974,2.9315127114013584,2.5409404868168486,3.6356159160331263,3.979343215537293,4.298910163839376,1.1954331345313065,4.619966843405598,-0.13864277618812737,1.1052884160389396,1.9835480181596372,4.45037545027309,8.902458818246458
33,4.591385550282079,-0.7606562276613269,3.2644712895061065,1.641451021346115,0.19860798526074364,2.4542265127721166,3.7150082223873433,1.5982616482973278,1.6804041367077365,3.6074764944333992,4.6594335182933335,2.035635947445583,7.252726917948236,2.3739548912418793,1.2633453924880307,2.7964578327527176,2.9109553761136597,9.72170619435926
34,2.9988666852485664,-0.20208194061311235,1.6028600062434837,1.6592033672259983,2.980796591562177,3.3499342813381494,6.619101351745844,3.728388822388182,3.9642073771158284,1.5931487988559068,2.2352386374563347,2.210296802983334,7.281267798380766,2.53932526201885,3.368325157428232,2.9522572524887503,4.6106300779082,11.258451074657522
35,1.9679787803477695,0.9253248541675717,1.329535251102885,1.7289879155883559,3.7348154880950957,0.6507715685750322,3.6763916917478845,2.5457550917929543,1.8624582278004023,0.5432590818931378,1.2098764763192005,4.4662786264279095,6.420043961841177,1.7851635726839872,2.1651782255141176,3.2879728686933714,3.3016312014182767,9.270486666589026
36,2.350292899302974,1.3104372560530129,1.3239630903462283,1.024619797132575,2.8753128010705686,1.7127222526237638,3.763332047706248,3.0006873650090053,0.8828006954549177,2.333890331216093,4.457536120622251,4.429885989633991,7.0252094854772995,0.4754661812525338,2.6542565443676835,3.9551869541438336,5.00833374408036,9.244389740335935
37,2.6582876597395804,-0.4992306073595205,-0.3201442536484911,-0.050480189047304,2.257001342021436,2.603832007696564,3.405679302406601,3.3758306223811476,0.42435309317955117,1.3772303895059916,0.5249454640646585,3.9125684619578442,5.142280436967544,0.06902426224821878,3.3748114165296883,-0.26863639844278,2.350636719694267,8.300194441949177
38,2.786545589954584,-0.8907943485854358,2.6197869449903157,0.48881781852904893,0.3264388953606905,1.1949128251587453,5.255117809894182,3.222923272236289,1.8699532364270153,0.0742223142729257,2.048520019346305,2.15718530474761,5.829732548680326,-0.04883669309766514,2.370420283598938,0.9770396713767635,2.839552397344773,9.121410689687398
39,3.10943247377963,-0.07956456119048227,3.2078142178845837,0.5813581775009976,2.2520271983024758,0.012780257238409032,5.427829633271249,2.98408502421441,2.3098345908057425,0.22007667500673955,3.7019084449457056,2.7303792091913137,3.4554222155871916,1.369769906671956,1.4461186333611917,0.0027574390836582197,4.0312607417719715,9.47647302021636
40,0.9958849101648619,1.0153008162656008,2.5656191691581514,1.7991334560659769,2.3914248451670326,2.5733822991403636,4.632171116249943,3.5820644187231507,3.202766540764603,3.0077077076868997,4.160330034347784,1.8579627387424429,5.276535645910516,0.3347237307603136,1.0744255612719846,2.5915247214324872,3.4574081874993245,11.332237989732297
41,2.3963098361121364,1.837219558549985,3.394611772864406,2.193585660075635,2.3363569595601867,2.5454644421612684,6.711649310549227,2.9011168641205987,3.0741611248811562,3.9210856516739905,0.8174478053253154,4.07732591468157,4.387414425920404,0.21500906751520743,1.8692741051944823,1.0815454642133462,3.6061951816329687,11.732282839404885
42,3.764736663227908,1.5424831664409395,1.7284115077985454,1.7968142979765798,1.5967073163709804,0.401568476279047,6.535517295650962,1.477602096951729,3.069504883096129,3.4316850205147356,4.096348852310794,2.820884558238004,4.612141251290627,2.267290891024029,2.013754087926141,2.042499857511287,4.886376499620843,12.076568934324658
43,1.793944236458826,1.2237590277637809,1.2956924693450875,2.1256424632171442,0.6186013543371085,2.6113686426193974,5.474643916364855,0.900312457277423,0.1531946287818058,3.9997385695774312,0.7220824374999419,1.1357698895248571,6.90081622132861,-0.16991340255552034,1.6383049344444447,2.9128279196575586,4.808703811345213,9.865575861029845
44,1.733224073541682,-0.6644682270935378,-0.14960022229999814,-0.32135306992867446,1.4299408104726354,0.3272098739964397,0.5382083610078343,2.3008185454019356,3.953882021051795,0.35201431495237134,1.2547314394525468,2.4479645855976586,4.306333101831232,-0.9461612485253856,2.8552628312943007,0.13510321634321154,1.962095918078,8.733033768755321
45,3.610268078382255,0.7569398715217406,-0.3512241093717896,0.14420884515814303,1.9428240247977162,2.7807470027474115,2.2206388399615093,2.0724061521786816,1.1624626929801996,3.1193713890567234,0.7437456893628407,3.7954816219609624,2.2141431054008494,-1.1262031225555607,0.46055257576103115,1.281141319488967,2.3841557433287175,10.51451987513384
46,3.1657167763861604,0.1325892767900937,2.2154392964989857,1.967619291452773,2.8755744115116104,0.5375471465226545,4.938754004779552,3.2886333259188856,0.5083093510086165,3.2971075745021565,3.0405185891927546,3.4585577290641014,6.875528456197323,0.5755046539810719,3.4333427352745303,1.2542026295989652,3.4893923256339607,12.683478479907938
47,4.3864879667830134,-1.0478053359140653,2.1456976303943733,1.8400128415218477,0.8203317907971819,0.19246131016334056,6.144900978648968,0.2832147897905384,0.30644607033728866,3.19580184913546,1.2500900466382232,1.1251535727494417,4.351867225487197,2.677979014953536,1.425291915147961,2.2775662215364454,1.4817169659718012,12.016346493373678
48,2.663772177034524,2.1606126390453673,0.27146003514063355,-1.2523156941005165,0.5831660162016155,-0.9680783413752282,2.52468651434119,1.247315203224244,2.522640495485888,0.23789502637594495,4.179026569916994,2.5598964294979782,5.869235873738415,0.7240305232506051,2.8754796596479872,2.8342052779928086,3.3202345651219956,11.175813801973561
49,1.6386320208602778,-0.42977156142782746,2.4966232317177703,-0.6447270838105907,1.3906636335676557,-0.6809638241202811,1.1944118420761596,0.21406783092133086,2.4006193994953233,2.9578567175980175,2.5941269399980444,2.7040149249648113,5.545021594308187,-0.06241596343832423,1.8590325711552733,0.8682961300192278,1.1442910171730816,8.873650891618041
50,1.4237285991760853,1.9808022805085357,3.09664755761698,0.912189454236772,2.9781791207988224,2.370190815296714,5.117920971267312,2.0730698487870636,3.4534711837544787,3.045735708128531,3.495748670092211,3.0243358380359227,6.284278196490504,2.4877017342111243,3.21223125171647,3.438084898130472,5.467787954727666,10.606703800103107
51,3.0715620120399305,2.838751121235978,1.424868635588917,0.010083032197667319,1.8064151484472672,1.7545492463266081,4.826606959247884,3.85171294715436,0.3890588451039274,1.6715508505850583,4.293295791593003,0.8023060945261316,4.103729006755204,-0.5276803606791596,0.3417577955179998,1.2895334853834521,3.639634091360965,10.855615515824457
52,2.1098784748412185,2.7222118639936856,0.7130547287769338,2.590087015081345,3.6528543794291224,3.8571201977728746,5.875876488173968,1.0831999049052654,0.8663711263532305,1.3991221581604438,2.1653109449404857,4.756591438430608,5.491817965458653,2.241251888057285,0.2091783128258391,3.7342998973752968,4.901382696194162,9.67978434103154
53,2.677680381040279,2.6509626158470376,0.3615507100280453,0.04019921487390743,0.4011814052449103,0.5462526279133635,3.491819714943275,1.2717453942475352,2.1368131863246713,0.3980744295706924,2.2459954384054766,2.862861110644445,5.493290370177967,2.8248112567841197,2.261673956955646,2.631722659241965,4.08949777588745,11.646322849322337
54,4.908283198258795,-0.9292047874152357,-0.33514802609352135,-1.1362997619901076,3.16911169071007,0.6719161173519583,3.864478288731494,1.3581789751143991,2.996095764490989,1.1536203732133141,3.126897266099733,0.9962334420341743,3.9303041323449293,0.3084829195531732,0.13839509347366796,3.0244730815184964,3.2377661018902546,9.60548205822982
55,1.618936177793032,1.9438577687684362,0.6884559242684536,1.1262686897349217,1.7334092167388628,0.09593372627937713,5.957578373345974,3.1060333409789878,1.6135387548525368,0.2789703888863322,0.7674491895142461,2.188753630567001,4.455432056659097,1.1830678208271284,1.7299331622185337,2.0006054824118094,1.6572355736498823,10.308673715726098
56,3.5285036089871915,0.6945066780072013,3.5119972413755383,0.28258561235825275,2.894163516583725,2.1498277445607217,4.29347582997602,2.6377021115750168,1.0793760040119103,1.6192350800130737,0.8096584950457859,4.360068314339365,4.590337653278555,1.4275405975355693,0.18144048681722103,1.3540560692136467,2.9632371750391955,10.95077565458212
57,3.8084702881841834,0.24845070454827278,3.262266313587193,1.2288112913108944,2.500944638465176,2.064643167102571,3.5620158512137983,1.136399717325316,0.6605894448573961,1.6539212954939861,1.3059221858343788,3.033528944981269,5.591550159082374,-0.65030188464395,2.485317050077307,1.4212517038492125,2.7482439583931164,8.856714235958226
58,4.072592023107997,0.08360140343398359,3.3851068329982263,1.3538580879190234,0.5364502857871192,3.578701871587732,6.081267417577913,1.8151068481306738,0.20440770349318682,2.5870741140317106,1.4905053822728376,3.8447356977435896,5.382127785549721,1.5673026876491472,1.678000829239998,1.4133984247198719,2.5294005739196237,10.192586961151125
59,4.001154517940055,-0.5546601271381993,3.240482735226676,1.5156278854932208,2.188892396020711,1.4733910528371525,5.903365275994519,1.5788397861961205,1.9703974346146396,2.511618640836603,1.1902382260269322,1.913043662904443,6.633279217838505,-0.00699893911581706,0.3104043718669365,3.4323482935787593,1.1509819796097553,11.823625314992276
60,4.708121102957403,-0.9504457391172492,1.7727168022472433,0.6656647402058375,2.6774038875247914,3.458015355453743,4.849961503191887,1.5889627604362762,0.37362800881436264,2.153652841234276,3.2455665522483543,4.507710100312519,3.6183420117821163,0.13388463987335408,3.193532351990782,1.2741286406254857,2.549102436302556,11.425670318474287
61,3.318345928707483,2.827649509192564,1.7168068025792553,2.414544366950302,0.8174300807194115,3.7440183053070637,5.963187613809294,1.3990112596289563,1.6380351187606004,2.76453020672111,3.500234150067514,3.744968841268804,5.641445681927468,2.0777648191487295,2.6240336159815136,2.216945494548682,3.132311563588996,12.73119300012469
62,4.567347047655389,-0.6830988956502688,3.6374340087084875,2.0143023508283293,0.04628775919934913,0.9201261470273523,3.3466977077922166,2.578474326445935,2.8535071415671247,2.650059544498936,1.930866184735994,2.5229265962452447,7.637458136681102,1.7022789970925314,1.8221507340016925,2.232568724176552,4.181673126634085,9.974941671128546
63,1.8166138591859085,0.5677379032398155,3.0191789726756237,2.2023494360465974,3.6936088295329,3.7805167767192955,3.6934260871479565,0.08918283277783656,2.1442969139202677,1.4123093467010948,1.0835769964120296,4.087036452744764,5.057794631568057,0.8341649688023082,2.2429743044991874,1.221640477767116,1.78566709878911,9.033638894844826
64,4.614739750088461,1.8180894513837043,-0.35588935069356564,-0.9245254950909475,1.2755757542949766,-0.26052402052747214,2.748689942786489,3.363922103999158,3.3891099622907324,3.5056188590083566,0.9127879861612778,3.167698605725968,2.3382223519051237,2.5061354416167605,3.1704284052487157,1.2223966419824415,2.9454948411690633,7.718069560589781
65,3.406357480670581,-0.6798899122504022,1.6177745397140357,2.422266013814971,2.969699486480645,3.256933531263705,6.607774357132384,2.6843801713962145,2.56953736744805,0.7665274358840077,3.801052782658267,2.539296906115025,6.7581709629211,1.3662789609189119,2.4541215996558545,3.4718587499441798,4.5845006319902275,9.09350383518997
66,2.4622991235460665,0.5277678591625373,1.8348355920881572,1.8194678689347683,3.6641834688287855,0.02391589732910182,3.1861263220391587,2.7509492015363968,0.06751368857062756,2.275796390524785,3.6151398194724713,1.2681770971664097,5.759378267564285,-0.6709205192831578,2.261565845201506,3.97055892450034,2.573718971629851,9.314476676576218
67,3.1427863775610336,1.9453020373969578,-0.05768340601401145,1.5831459258330933,1.25906029196583,1.9400032394551352,3.6523627177811706,0.3845898488635009,0.6031591914015009,2.0344096164715557,3.85476245628884,4.041490968572321,5.030440306259058,0.09183215934380706,1.720912754428777,3.5025194164445086,2.0106120847614166,11.286205467656455
68,3.839983072571996,2.466169242595324,0.9297764219023681,1.6672127743052534,0.4752916697047289,0.33926489966383366,5.997330918031492,2.7308396735129743,1.1216378246773129,3.219207814178505,3.1399572360665595,4.765967557777021,5.124922257226604,1.0280012699431134,0.8849485639736092,2.5212234897203385,2.530636030417602,11.398101942878604
69,4.633988590108951,1.4210777270348078,3.136923266667764,-0.1423210582133072,2.3652322714587624,-0.725897955079337,4.223940700106883,0.36984544262121144,3.7365376502087506,1.263378182208686,2.9486720990156416,3.1640270555927428,3.8871877331403843,-0.9360962973991448,1.0150908398002922,1.9068014157419741,2.532013749043902,10.45974463342917
70,2.1551634190706412,2.232677273676642,-0.813981535072948,-1.3186786946795896,1.1226738495431552,-0.2437348985890299,2.7956544747138397,3.747819569973202,3.128156756375195,2.423961081622437,3.567697718713036,2.8476355135073668,5.038327399368576,-0.5871786806585425,2.430903021123493,1.5805105660388385,1.4470165817416119,8.25476547897997
71,2.28896200596226,2.4463888897839006,3.623358810797016,0.6351669812987274,2.599639783769652,3.908556239149449,5.3126758491701604,3.841431530534897,2.5148956580713353,1.6887350554468097,4.1402404215862685,1.8187723245902867,6.7849377670424245,2.0581448853304014,2.988756945319977,0.8568067607218852,2.591588440420444,12.845899369393443
72,1.0200021223277194,0.90738387722876,-0.3479031928039805,-1.5478363808081173,0.22873878831977512,0.31005310322983687,0.9752395195955952,0.6117117664153353,1.2334790954456056,1.8663087477059044,2.0936839781309,0.7381891011844401,3.2671663176963603,-0.293129956165184,0.16540259066658036,0.5296961286422824,4.615659217301349,9.51448689836695
73,1.1243288101279072,-0.15253569283662738,0.4003813377778971,1.1093239765332115,0.9699180060827479,3.246082385029191,4.943968044076123,2.1161403489808395,2.6117719604450684,3.39256849311915,3.831664039487752,3.3055449044444982,5.517322908126918,1.507217434255943,0.16122731144127744,0.7329125509698029,1.6908840814693438,11.158083283054378
74,0.3416420089669634,-1.1589034064316475,3.144114610407114,1.9242448864045136,2.4489512277564365,1.6500653253682809,5.00438827183061,0.6573717049604655,-0.21612958589411546,3.7673110305366793,2.954551613245353,4.171966363240342,6.042643599975383,0.07423028199316961,3.777513031087925,3.524916958494004,2.258273696072199,9.318745485343445
75,2.8717568610364648,0.8861850417799094,0.9379440074344112,1.1954616126340127,3.052317238804039,2.456370506047147,5.791621040580095,1.6066447737587288,1.945242331203749,0.6981115825016091,2.0090130766955667,3.928601143106602,4.185301849022062,2.9825182233730105,2.5350255993676365,2.4881990470883446,3.5600562850154063,9.790799232142147
76,1.5326241167882735,1.00731157541875,3.520035685504145,2.626188384497785,1.7531773834318733,2.791813986579974,5.788628436861776,2.701785111738392,1.1819007792911749,1.628166455520522,1.4261022700594905,4.2018976327542426,6.929277732122209,1.479517537166346,2.4145207464805973,3.1373227658056333,2.2744557818560964,11.874981197997116
77,2.9138005287305324,0.6817604001962431,2.5467847918133035,-0.6629765929630378,2.9722700448550863,1.0910265797300398,4.38242457305036,2.06259701219536,1.9473849310517553,3.2127928741581098,3.3535955957053627,2.9705795559952097,5.237437571749663,-0.21399140100754344,1.4488704607815515,-0.19000194516745772,3.8090461972316665,8.60609140767297
78,1.3199311508329963,2.0176614639266934,3.0492430517706453,2.2441185795084553,3.9102355297465303,3.997151909015768,4.789220049706769,2.378904571337708,1.4956919434591365,1.2938991457613558,3.0773669015668617,3.855224887930765,4.317356640023705,2.1232852176722252,3.5629221393685184,0.020837419653171763,5.6101898997664215,10.714816242267386
79,3.046148461033549,2.0856793800594895,1.116956700424402,2.191298711835388,0.042780514724958696,0.6290210870223063,2.897378016462221,0.49210841323476195,1.8397547171896604,3.764434048384069,3.234500214819189,2.6554269427236545,3.7941745850246034,2.1097085042548716,0.8450493059428932,0.11202051176578598,4.033569166005911,11.55765875430843
80,3.1224963887592376,-0.23080524190274032,-0.36142890286579643,-0.6204557096119492,0.012469047707518222,-0.6372024095191327,2.484221434452132,3.86906399048277,0.7413456796314364,3.4539612092056116,1.1899984176991798,0.8250233441412975,2.4136198204585497,-0.04458160584641735,0.24803164304894754,1.1385756113918508,3.645709102057139,7.404238031515519
81,2.493899006145858,1.3424839173031313,2.390561739792575,1.4424300263426393,3.8872181703134703,0.6014509783046913,4.6531978382548616,1.7917500308397059,2.7448100652529934,3.583049492484144,4.735955098980217,4.574580335342281,7.597689749782134,2.5650359545200896,2.9921813958264334,3.7420112150585148,3.4208945814733456,11.97086459909944
82,4.753794592575517,1.4072812838852804,3.1609666173268027,1.809566745030457,3.259486415790155,3.495122149097574,5.773053149627382,2.33360172159633,2.2213732444391368,0.4815522584298746,2.057293364184635,2.182756056302512,4.809456962927101,0.16503197010580517,3.992609407503063,3.9786554369650386,3.3692036732760386,11.720726880830199
83,4.532060129446162,1.121833152871769,1.864209192292286,2.7000121837082554,0.3652364298727866,0.7942518205817235,4.71790587517274,2.4254087639222486,1.4791457466953712,1.6281972895261911,2.0429962556788297,1.2041779410497306,7.083742800229853,1.613848003792915,2.0178360744887582,2.7132029478177335,3.734730438569963,11.953021249501063
84,2.0220114948360743,0.42566083418452294,1.8289580394389602,-0.1321424059356946,1.1019064658433813,2.1329914718521876,5.758373270203849,0.13961725386143797,1.9291371278389324,2.127124862938838,2.9316033587307095,4.178310313340324,5.076128275951229,1.2046367922698826,0.6209331599609058,2.522499198057509,4.075400126798351,11.684816552981438
85,2.609450218358933,2.954869545995729,0.3264353419943218,0.665079937176531,3.0457942710051493,0.11132896623771027,3.748381530997898,3.2102076135840294,0.12033491675691499,0.839581098331722,3.8484938623520613,3.6322984621052585,4.387876043072979,-0.852005862534697,1.9331092776328158,3.5854321499167416,4.1620317456150815,7.797153691764391
86,1.69520164789208,-0.7033136160802721,2.0319937996145603,-0.4805066021906502,3.120791943075311,0.3826912087570493,3.227824950764829,1.4661400928729136,0.7631821151648883,2.415082007217715,2.0692157667604585,1.352821784900867,4.214781368208881,0.18752169009813358,3.387415425197167,2.955093488755237,2.417054690678928,12.44839409811215
87,2.5803827746532306,1.85245025828415,0.5126586770912926,-0.9296986964926494,2.399913426766455,-0.2500824577361216,1.2300318640196397,2.921578307071025,2.6800322044758724,0.8730773347305711,2.9465104688324373,1.4901823253270665,5.722789983046065,0.40168323761535696,1.431961755016924,1.0835925257001335,3.345759233109716,10.766825186505042
88,2.485397696757939,1.4669871991857026,0.1685662151349272,1.9143697003032845,3.4354871035746464,2.9830475886160785,6.019447180047026,3.4363113972924375,0.17699058506404852,2.312710586396862,0.8979736420861619,1.0150529155285248,4.053411817190465,1.6999630540567452,2.705737392041223,3.5751086475462404,5.1746899287807935,10.849348004429928
89,4.933396286743893,0.014427022516802612,0.052426944300748124,2.565066673216564,1.9934218613327728,0.17991132886816086,4.146093484018246,0.7452415791083928,2.788746262391239,3.06899176807979,1.495464453840849,4.385901508531989,4.596603571907806,2.5388050943064675,1.1704824189161873,3.3312935554127123,4.130787925125133,9.336968597889822
90,4.086948581095076,-0.5349546894772872,-0.7492458118289285,-1.0126031491732363,2.5853164802904636,2.272664540609005,2.0412880995775975,0.4081902707961289,3.9011476683548185,2.9704798560582093,3.862931733191353,3.082856573999109,2.3559206312643726,2.372003037047665,1.3016126274746602,2.801855309542309,1.5753819383012697,8.391070310187905
91,4.325598486773836,0.09071689785579895,3.3443593287256017,1.5218575373079137,2.3961823794182093,2.7583223097743046,3.2336671580308587,0.5661284759366985,2.2921673460675036,0.522583610440269,3.097841463805024,3.046402143685554,5.991322888892558,2.255141626822614,0.02495619084879097,1.290530078178585,2.152679954659944,11.6105644531665
92,2.3969201741391024,-0.5686595661548782,2.5325180943882635,0.2881252515315629,0.5131174134283962,2.8327034781569305,6.1174212437507345,2.8667487052728546,3.5451347679601715,0.2753389784675988,1.7060624965197149,1.2536707277924783,5.935523938010741,1.2434648719701435,1.768838279122741,1.2513558747991878,2.9320449772675845,10.99819379371122
93,2.9185403734447344,-0.597218502821023,1.274833798280934,0.16324196782035483,0.6527316151071574,1.1356005096553128,4.977273334035379,2.4139372053661483,0.047253761041637254,2.6519768839573503,3.0448778368527716,4.30966887457217,4.74778577090458,0.747438849332541,2.579636964072615,3.1618113793013087,0.2167937951338761,11.533540316236806
94,2.437496671337901,2.192471489382608,0.7668011361997149,1.825954787099209,0.7833378220689649,2.0483858641128063,5.233456070434827,1.7125825437029665,1.0018643879331897,1.5215274653388273,2.389175483976153,2.8013895784726524,3.6850274720838563,-0.5741013307637709,3.5776241629012047,0.20446460755767148,5.300945124772328,10.24441125907733
95,3.0100894043594164,1.7481413540596265,1.1685428808476113,-1.2927482592815474,3.3340697458320787,0.6003242921529085,4.540737715927461,1.7552706608113162,3.086899373816931,0.3823538198012397,2.097087056778289,-0.16287405264914812,4.364979785349821,-0.6779356085822796,0.0151819416998209,0.43672486340903216,4.1946967506187764,9.758055860199772
96,3.338767111470365,1.323712800631282,1.360815383252385,0.738259868287795,0.39062036985858706,0.5376538320720436,3.0516161803180455,1.0993720018433506,1.7305336017786712,1.5370245047266353,3.9431974583880978,3.2187557728200344,3.768651891655209,-0.241123152173775,0.8488725888928896,2.296409592205633,4.575677613782931,11.395370779669133
97,4.074365193934415,0.38848687555053973,3.2562543110431363,2.257529602792321,1.7296842005228084,2.756042090120832,4.428346126931542,3.9275800635653684,2.357261640273042,1.6821860309537071,1.3410745156927693,2.3484145717997595,6.446986863646057,0.10242051710156463,0.4640787991716482,3.5088640924224332,3.3835543713380343,10.124016836780239
98,3.9299521496231304,2.7130887352564974,1.5969572238815908,1.4610816938365851,0.4142550028301102,0.5378561980721368,5.029165463610553,1.4312973532961233,1.1594609919613723,2.2165344652221406,0.5686740297421222,2.753983636483552,4.956969083575859,-0.6402887860027862,2.211292643572554,0.009290076865534846,3.7867817438481373,8.989142669471747
99,4.0048347404168485,0.6727856980211736,2.5407210445989774,0.392627701740965,2.2715978818570206,2.553769308570831,5.601026809219636,0.977167533485328,0.7529390195089691,0.42658414852668836,3.4742684388010514,1.1657105475984189,5.653233666652563,-0.945154463529101,0.6160065870346911,3.3606474733948692,4.944996913065749,10.425936209484671
