,0,1,2,3,4,5,6,7,9,10,11,12,13,14,15,16,17,18,19
0,4.07862476291622,0.15074684072961297,0.35402772742129063,9.4317859012437,0.24910614969927503,6.290363382489225,8.666935408863624,1.2145838941216875,3.9107058725805115,4.051977023243905,3.256493668831104,5.0649850920322965,4.8698528351142425,4.83988622721605,6.36747277866921,2.946278723858505,7.291389340026268,4.54474373613213,2.239066004942419
1,2.376040527381696,-0.7460437027325245,-0.41173415573699956,8.070336043046499,-0.06086321594454813,6.406544447719295,7.456506434489583,2.1004426499774524,1.0507790725429818,3.4905793413990485,0.35674946525564066,5.948592111027195,5.627609969425253,2.33866556381314,3.6936215062171,4.292989260339431,6.43812078833451,5.731891652065083,-0.11740509029603485
2,5.965728431575586,-0.6336646447411067,-0.2592389301581899,7.1466871170960395,0.3701989853574874,5.423965157254802,6.333641603980611,2.438455215240717,3.871775864111925,4.473046350571341,3.466623600618006,2.6823964909672284,5.701724249431745,6.673573895011079,2.6381358487935427,3.976478867927519,7.610425459476737,4.464720784134307,0.04993812430165434
3,4.656317354967147,0.7709869058387244,-0.5057263168441961,5.47752089577696,0.6973011458744003,5.091891340831083,5.414935435452131,2.436824490012321,1.0503601409855916,2.2040510991329176,3.5711877255119986,5.546727603209023,6.972676083602079,4.676944418777392,2.7115661369525146,3.946959399947335,7.733209414667282,7.110905331699585,-0.6368856703371286
4,7.572785303212723,1.8928077774472958,2.462588550024717,8.460339537578673,0.678860911466145,4.441280561423377,6.340662045517547,1.1387114771953208,2.947994590634323,1.6105692529827547,3.509905668109905,6.109022980878496,4.403564739454891,4.127260953882141,6.272304303239648,3.007183509884278,9.719660092952545,7.570583212087572,1.914756256297382
5,2.730559596687127,0.8755407109170322,-0.2877149926740299,6.219228675895456,2.4759351455312495,4.238882828116036,5.201903129210233,-0.5304787152372511,0.6934970891294205,4.711788055678861,3.2470349168880137,3.573589936928788,5.399451642739608,6.541823791458585,2.8049859098822356,2.9532024222850413,9.148461907584725,3.8614776144927863,1.7652834137497404
6,1.6435803067141173,1.6293225385625592,1.2375677979411552,7.146827559295295,0.08988425741274142,4.17727852653428,7.389163932697862,2.9109710103092254,3.9327015650337565,4.676375892128005,3.1682068950598015,3.3661684243288943,4.06835768522396,4.4449739556021175,3.421218791511456,6.133577475222454,9.587499803114362,6.9813310305622345,2.0297971999693454
7,6.783136097722266,0.5131476375434731,1.1099940540506934,6.908209718958876,-0.4682640832465301,5.383764882478759,5.10126908235592,0.7174202658397859,2.367115376174265,2.433332377020524,0.27137430779743665,4.4681020615951335,3.778509607820506,2.3368723941312783,6.143458888204871,2.5932295008612454,7.709312179060861,4.521322524794658,-0.6056382801718283
8,4.400314120277846,-0.891202108749424,-0.8850006161711959,6.481570822485206,0.7897321444401784,4.0581203884983275,6.695650216031597,-0.7131937744143683,1.3930168639607028,4.080008231151115,1.531634238123524,5.04381068724798,6.218544483633963,3.3149144463974127,4.292251694363161,4.180670266962387,6.827681780817397,5.914982444502005,-0.23038043992613177
9,-0.40492619919614015,1.5769790156618881,-0.545289111856303,8.255271700565235,2.4713853068662965,3.5547631834074545,4.532700652541817,2.0014720423206778,1.2253435255786633,-0.07379810288192745,2.957367553251986,4.251915442558124,5.3159509145601,4.253038270372436,4.765944565726215,1.5653870331371076,8.009386015596084,4.920930202442783,-0.37423353884756105
10,5.175072650538451,1.1893035736357975,-0.6559943619064905,7.854069242372724,3.733353234753911,6.001942802172751,6.002118913370703,2.176375930377041,4.299641067474427,4.691958242981186,2.021358679441717,3.7678350348454877,5.343728461702073,5.4140527626697414,3.9508646021765315,4.160257146773786,7.390007854754282,5.202184235214986,0.641935517108092
11,18.203903117090142,2.9058987360002435,-0.4755508384651539,7.222863295091781,3.770534430660833,5.9582926381698655,6.855411355948334,2.219377515641707,4.832965108887917,4.719619169214475,1.3810056003488835,6.0261860074474844,3.881428854227565,6.694860646860062,4.372971660487833,5.711000471415836,6.12666297849715,6.638811886259957,1.4024812046460011
12,3.8557147946977053,1.6483098116986996,0.4189880140250599,9.687961121119079,-0.4478110747316315,2.4216045831259687,6.341526768385203,-0.6652146598058878,1.4007900372404307,1.336976314690367,0.61804711040287,4.714040145921715,5.963571995387829,2.0260704849092694,2.820194082629892,3.1465070389014445,5.728091070021206,6.298944469184715,-0.5175299096682038
13,6.402007384574301,2.2290785499417756,0.7507782428153127,10.23403325677931,0.2663471978012808,2.872230269241823,7.565811436865996,-0.511043867372282,3.200349997580749,1.148509087899837,2.183161525555158,4.216569682433526,4.074763668013148,6.805523471137628,2.906780202716162,2.8280887123199574,7.219805418242143,7.2143229546906,1.5066762165263043
14,7.05093095373017,2.902870863071626,1.509071203472559,8.601129035151207,3.080536014608886,5.8379806236418705,5.77770058678084,2.6445358422889513,4.787517046922597,2.7140810459370397,2.806356015465223,3.2085380321171817,3.302291073669478,3.5036165614930304,3.1659868997249405,3.026037621530766,9.441881334695442,5.263756666867668,-0.2943776554175097
15,13.794715336546934,-0.28550028391927984,0.1476807593247642,9.525296877991762,2.5247782212651178,6.130452558492339,6.075316510040924,1.6387387003789033,1.5149788799090915,1.021530327161837,1.5477919039107229,5.821319295226232,6.065462793950009,6.662229164525729,3.1112592146554547,3.5542111459370496,9.670453977734295,7.662985487298349,2.016737512042175
16,4.644133791210615,-0.9305862509862037,1.3763890642150127,9.092933668650053,1.7889206973279888,5.916987079964242,6.7618960713631715,0.3564276025702199,1.3881391440427255,2.2023041810155606,3.3091315921481566,4.892898989551969,4.742257513523429,7.603042300753129,3.71581804290533,6.916877401153126,6.589413319355552,7.288252278823089,1.7038358605403987
17,7.892811429712236,2.2484920526778525,0.38994075422994223,9.898467652588991,-0.1503172184564301,6.521103050467828,8.601606370685191,2.0321695729103144,4.244123861872597,2.75099670962077,1.4742467363419338,4.435895033214978,3.095464215878881,5.968714815600475,6.103577455689006,3.3253310617434533,6.521506679338032,8.150477327160653,0.1307679000850055
18,7.899490027249408,-0.48542803870236073,0.14143248871917402,8.275137011607391,1.433616707775058,4.290187703405519,7.673141602128565,-0.5735309793330904,1.608135916897003,4.2297277452652615,1.0306261132046526,4.6468836902354145,6.877204944680878,5.171788559785771,3.0884293530597358,4.473856257937072,9.629286594645034,5.445335794324672,1.5885968024367556
19,8.036189294677502,2.1089317629660274,2.3319709605089622,8.387796854390935,0.15852955216306763,3.2195840700418805,8.530610217115917,1.8332371423933573,1.5521009978958125,1.8126725526119243,3.693637205469824,2.1424648221207234,5.7764062843305055,6.457524178558984,6.861929625995682,2.7930313122750703,8.613778665695516,8.101741922240926,1.1900745871684246
20,5.041920073899282,0.18452175761317235,-0.9335024051293264,7.1752998884583015,3.7192108907798356,4.747468044445146,6.602295315574414,1.4611167437099333,3.421036727175425,2.7582136469954803,1.5045967275427836,3.9928176294261584,6.244791625658163,6.1877377868402235,3.9383617439255607,2.3364776655660116,7.902089575501732,4.845298349711858,2.497596861639092
21,4.262755955093868,2.2256167369122415,-0.42888812423814926,6.847342161211104,1.5409587653864039,4.901092458378618,8.55632393780619,2.453571961861323,4.914417386335449,2.194519670741959,3.0115321987259094,3.8348785356480364,3.3147696896527883,7.01125088722112,3.07664138798492,4.837867081168576,7.821423815098317,6.96634425864451,2.0196034292143725
22,6.809117138898996,2.840014187134055,0.3117332852255459,10.237550070717818,2.197036698333998,4.560581252090211,7.0291434358084866,1.6457956778281515,4.8929275766005045,3.7084500546461037,1.9700201466172107,3.8044888947629274,5.358839172765197,5.621863509919157,6.6591226041957166,6.436132245625428,6.528420558829671,5.220709655674948,2.2066471988132412
23,2.489882550244425,2.4555911495433103,0.6914318350404103,7.261204018599429,-0.19138950331601756,3.1006789546345837,4.176901308740263,-0.8915652818945601,3.011218889468112,0.9540824496385047,3.5688892735400555,2.811007913787997,4.101156921796742,3.284486399851538,4.143878071660007,4.039350808711108,7.63064914540019,5.765257809823061,-0.4206554629885195
24,4.756425846490052,1.3471743572716282,-0.9171891946936608,5.982958709306379,1.1225130074382816,5.972702068740277,6.642275718241174,2.2072719004138515,3.858024085796245,2.837392981986015,0.05871493415776374,4.819229823585444,3.409311962301937,4.471038100992345,4.654871099546758,2.249447466702244,7.794123718387874,5.993966818386703,2.3569642406049414
25,8.915330728473439,-0.2026532522770761,1.431246534195578,9.356136587410282,3.473175486552208,4.877404379856903,8.44158278097726,2.911832798414414,2.0176550189177376,2.23800759241876,1.0070670231624064,5.953472021482357,4.484529029044336,5.408861506736537,6.290720448593692,4.565181421434376,8.500564068573496,6.7805990517954555,2.092989176728803
26,6.708027009418926,0.8218237562076008,-0.32842482513412774,6.924109635272906,0.14936479770624067,5.5660668213093984,8.550830553512188,1.573839874696924,1.5357654107826955,3.98785489204422,3.587062280800359,4.845263695223148,6.108040698466729,7.296467712592084,3.0791476519743664,5.867670147050702,9.666277521051521,7.473423725497039,2.2877978111590713
27,5.158434500122989,2.3294162845304265,-0.9151958769119892,8.73350218557926,2.6269095809499694,5.78235842246315,5.7910970310454015,1.3657638683931395,4.12509539109792,3.0897278076685932,1.912500500744419,4.889777328370021,3.942565817104785,6.0415247652298305,6.010051031539059,3.4346935653426742,9.767608771890764,6.135938443894814,2.796823320893945
28,7.869756973383116,-0.07384829823583938,0.05525696618160714,6.624305641569968,0.09367589150750433,4.896484700154012,6.733625509817699,-0.6486439682439303,1.1680828857907257,2.713606256873577,0.1701777800155133,3.428998589181857,2.973014691809747,3.9973813483017406,3.219576253483624,2.1814167107741236,7.19533529233448,5.752463349944469,-0.5167422164921751
29,6.9918602180992515,2.2846966399123634,-0.4119309934410138,8.385524632738761,2.829382836653866,4.1035031090057945,8.539339750228645,1.9930674714454226,2.83300923315731,3.1341203910292195,3.629295445723111,4.909911026721658,5.125415991422685,5.023047766314497,3.612569119696411,5.214726883049673,8.454213453451674,5.562380368648286,1.5737100448991594
30,5.121674997812834,2.8709840052623905,0.047255036926174165,8.993577816074584,1.2711029907171785,6.125038505334981,5.550631210374613,1.6116924159324704,2.4490462749364132,4.528396927838388,1.364182287940082,5.730699003325967,6.328751027271078,6.3539454281356464,3.4025826542615873,4.844046242472061,9.63226177371605,6.956273346058351,2.8645998451949612
31,10.433896432206243,1.1014058070165014,0.19660690805549863,6.159453691883938,1.6651482996647282,5.940353559019574,5.202438151559933,-0.9362498105162613,1.1683567179700642,1.6666594668133772,1.0697109127982345,4.78005918953956,4.54879820519786,4.4828854599296815,4.9035357164348445,2.917720555596882,5.283848839303241,7.187869203989662,-0.4649229458581319
32,-2.0599912470738095,2.7443063517284663,0.1752278714004789,7.678817709127455,2.078029630183495,3.7546782180228777,6.0717905191530015,1.6649713011799374,3.360200271633306,1.1322353584785754,0.4315430925306465,2.534999239451488,3.9300805555965335,5.2123395157945,1.743534995869378,4.939386065426008,9.241985342239904,6.625421885782184,-0.011406622796618082
33,6.187607440827897,2.224737708213752,1.6520084646971154,6.697801815571095,-0.09422206305382774,4.420168200434253,6.831399201126758,1.7377122043108446,1.9704056393671272,0.8487737686439214,0.07359266469571901,3.224909547413966,6.193640397164014,4.931728407100948,5.872831605028505,3.4315765711878266,9.471879007179098,7.512760831518765,0.6392891730009755
34,1.2127108496387211,1.2142622886623178,0.809566486605805,7.072962302603327,1.4788422496742812,6.189491225200561,8.791446265380301,1.606717898356915,3.600586738623089,2.051967734816109,3.759699214558707,4.611485513699979,3.002088603418828,7.115715395141906,6.3361027297549715,6.091840515068119,7.593385749307837,5.546409963421329,1.4400168728316631
35,5.238594173278692,-0.03648199188505996,0.830390581217751,9.036605887539496,1.7607642915898123,5.137742874599981,5.689113606762313,1.7577776052118832,1.2233792549616367,3.910448463825843,0.7537378722874206,5.519609133358643,5.423444827770933,6.5440620722100675,3.2303043079903557,6.19764356150217,9.507651293481997,5.17821596002959,1.462856589105159
36,2.756849334148768,1.2383985876370796,1.519339068105257,10.786357018700745,1.8576608302077577,5.655809870142461,5.659921705382223,0.2788954637482137,2.623169316785294,2.896696887107468,3.978938502637631,3.976342116724727,4.4071271959105704,4.602631761644733,5.179093754194013,4.6065732602494425,9.138210216259475,4.676131494023392,2.9827850035884373
37,4.8772258535622575,2.774366068691357,2.075706213775361,6.6328892915631545,2.238591310719417,2.4588212671706606,7.015485650279835,-0.29327757300859036,1.7878482274649419,3.17200539227954,2.160587316902097,6.200222733728553,3.018619112890096,5.686086640276008,2.1934264457632215,3.7739071517624216,8.919636091598917,7.210328216444514,-0.18282336043385428
38,6.474716864491215,1.087044411740802,2.6011700454299485,9.287747428294178,2.2325055853704887,5.456804137354693,8.194187220606207,1.6684629304498486,1.4048176189111654,4.302062902392345,0.5690419961889353,4.825177822996639,4.467537558632175,6.507799493297643,5.747105886021044,5.926928769546721,9.75393748858697,6.423620209516139,2.486073962793134
39,6.023147643274202,2.519320465428473,-0.21401916792487818,8.730331911632668,2.973984606087865,4.164178504518141,8.174105413088817,1.398380974074577,4.483747327900893,4.153998215407714,0.14541222380662489,3.3608790925310594,5.623973802799041,4.121458812630715,6.118403570181632,3.6669647701869215,7.895646798232605,5.684021856726303,0.14354214479917737
40,7.335326441763624,-0.8559999169447632,0.2386476615911537,7.130202521457742,3.207940418207768,2.888064459820879,4.577539417167188,-0.12818051108546746,2.2410090564753724,2.1564086137854432,2.2538799665380997,4.260447510763088,3.2076909727890985,6.616799921837046,3.909999633375177,4.025824288541749,7.408652227519932,4.614177602055182,1.955696906005891
41,-7.550096824243861,1.879092665607467,1.8580799246091493,8.135216497976273,0.287474911117902,3.5854229811884153,5.401789740357859,-0.2315532715252756,2.121078042382767,1.2597497388322259,1.5910143430205008,4.883621224431165,6.831002431691835,3.7563150611434843,2.9048734152117586,2.869960776940874,7.135212123474091,7.169546116387533,0.23932127125253477
42,6.32695854320113,2.9594751355276125,2.331600115805583,7.890234116074865,0.4498238544277058,3.7022812967940637,6.916960096630598,1.071266617012046,2.1371705969157087,4.139820247388019,2.7677486645910334,4.0029230940295015,5.149365746298706,6.384712862882425,4.9984443119159465,4.581867471374027,6.998528917170175,4.886643695350296,0.5499470597395155
43,7.415158199864617,2.20881512121678,-0.5358104344720701,6.658616207074841,3.128176274423323,5.46288121535701,7.984368908063886,-0.04291098801388804,1.2918277864882395,1.0668593800829393,2.031494345151129,5.239731081464236,4.691981172354982,7.049019472464,6.106198774529499,5.3271115725231395,6.850525427314092,6.019077547252799,2.828221825994957
44,-2.237244677218941,0.8418235687643993,0.8832766334771163,8.074308969271044,3.5321338149565635,4.109514876524379,4.679366419864083,0.9710702627902541,2.4602525707586533,2.31116174418271,1.5575400146786103,3.1878651497308046,3.191607816228578,6.559264668116931,2.6152509795076115,2.822361327047692,6.728777611571271,5.613677674135658,2.59682583257393
45,4.062115524961913,-0.7087453954089534,1.048991697523562,9.533325417651902,2.6153621364467714,3.225054691581139,8.53734513964576,2.502345526004744,2.63999053988125,2.9710309644819293,0.07391644560409305,5.458923248500723,3.7471307061698207,3.961675813904931,4.206578523748441,6.08729477259389,6.550160790129466,6.633477584097403,1.7156921762191817
46,1.7432004003672081,0.5692157030483166,-0.209399823031863,7.15922461043211,2.4901091463408296,3.7861349221691696,7.936242347951675,-0.1924905023194391,3.55397169917051,-0.12428391326919552,0.25552125767606304,2.4223076680741267,5.826237432089676,6.420124887997555,0.7636561811658202,3.9800673986812276,5.92227741700621,6.732778628502045,-0.9005176407605142
47,-7.398433063817929,1.9051607842616214,0.20448631211758705,9.775835951550246,-0.42980678402390815,4.490926717945322,7.609055976628794,2.6180917565759216,2.9657570388325523,3.535558186637112,2.0309534965990554,4.112504733940224,3.6601556709620127,1.9792222727201563,1.9033804985712441,3.165601708411404,5.8306636525006486,4.453716448810868,-0.8062549083230566
48,2.6571209090591204,1.9878921770912357,-0.609650687149035,7.175696842418834,2.0396102705751447,6.546109337698033,6.579189344949043,0.8137280520289808,3.5958759121312536,3.359660300418103,2.1661678977498404,4.421260330131306,4.604342831892474,5.5306847791141465,4.1534686032500865,4.65993026734189,8.439455971176802,4.057352794522611,0.2894498742202227
49,3.961006472730355,0.17902792421953218,2.868782028166345,8.600223113161372,2.1364614317437844,5.781672619585269,5.949746472605192,0.34617189421768635,4.425703479960296,1.0155731014654679,1.5080364708304614,3.1949158174906707,4.657261128787859,5.683985087108391,6.267720371794592,5.624729964274019,6.65239465897038,4.853574339466271,2.6749748760391023
50,10.14757739659676,1.2657951993463752,2.6344724563643074,7.430504541787706,3.00446575177602,2.8296279244368674,5.593112267453171,0.16243948302342626,4.790069995222474,1.333291584252203,1.295890586227023,4.44323144790963,3.179597222439714,7.256777898604733,5.255518695656704,6.203263822766671,7.451028559700644,6.65724407467231,1.1183653079948659
51,1.4009579774989338,2.8596117408694868,1.0975765787971954,8.16085874641306,0.05936976860462373,3.077291497035173,7.230323481433629,1.61814495426774,4.26654664236264,2.3371183090234315,0.9061126015947871,3.9264338298250308,4.250261515387566,5.5360345438125425,3.861640223631012,2.8018486161613727,10.099504969971822,6.55573121647336,0.5257777143856281
52,2.902973182147612,1.3912745136462523,-0.03668101948810252,8.762509639817525,-0.23993977488098261,3.0176485043328403,3.0110146674815286,-0.45266086964740604,3.24018616786907,2.390032955165519,0.590742276363964,5.131765742527742,2.395591575933186,1.9115777017259168,3.861758396395123,1.991017422057848,5.5302649337267304,3.613209500838988,0.17815170204899528
53,7.319276729813207,-0.4814950016431363,0.8434158701345489,6.213540733676275,1.5801437807051835,1.7362676309200609,6.107600898457038,-1.1576269336811524,1.9272899330278435,1.3444160529009879,0.0992155659506615,4.306288293112823,5.391098315871522,5.785018500828107,3.3670959671365743,3.3257171624212467,8.565097709753923,5.559346293382408,-0.27448456979780156
54,4.95271072255303,2.4737923451275488,-0.3752346688436916,8.293075712906747,2.48546465386967,3.9669518244418933,8.36528627865033,2.0337409694965016,1.702831068173341,3.1404390962937687,0.6299816819974662,3.55675657208394,4.662132331370103,5.319770465404165,3.2581753448274324,4.834504253644877,5.83485604131088,4.20354679198498,-0.3207224221938527
55,7.311473220628821,-0.3656813772572174,2.0808430196049685,8.36960330341142,1.690100388376127,6.753756514077004,5.677854633754958,2.096316869135149,4.758388512573884,2.697297883552145,1.8824621292364263,3.0138708078733205,4.121575713727598,4.509353274195886,3.467242443747388,6.840636698514798,7.255241239697916,7.003054717033137,2.078395924728815
56,7.065931856868985,-0.13669390552297878,1.2098879699828062,7.825086614552931,3.9095346586301725,4.942958523183655,6.123064603682009,2.1369645624018627,4.570622808547585,1.9850446079099604,1.897944976551079,3.025949787199043,3.81270253403908,4.082115750011488,2.9543374731660483,3.5556780739994283,7.0497320977098346,4.705135854195889,0.9767624067529135
57,0.35745776695087095,2.353738999519687,1.7524348815072623,6.951461792339859,0.6871756773899396,3.995798424907666,8.40100739292985,0.5821254460870493,3.8094548068121936,1.219667710543059,0.39393421538409745,5.937335690385678,4.801952708261927,4.329395844349415,5.968236001769448,5.511480396115133,6.775311899393984,7.5996166751099725,1.378808816413446
58,4.387177755638713,2.481834354880263,1.156020845722229,7.650522377047155,3.930254768585228,4.02152707745209,8.268204527332085,1.8075481342959858,1.896237382834975,0.9751042085989976,0.47657393431969197,4.674814993102958,4.942304257468548,6.825182838976662,5.917083421709715,5.598514935325091,8.407798153637348,8.237459401513444,2.9213593692761153
59,3.291423229117213,1.2760872941295514,0.4440873488612527,9.778793746172369,2.8631330130524524,6.355820857440605,6.163883227087182,2.907857163218803,3.024292247317045,3.574580632323583,3.9079040285827196,4.283997062442017,5.494933112291097,6.294258023644033,3.183214217208291,2.195284053436106,7.391320674211219,8.438043103222547,-0.029529336776424886
60,4.415510803090928,0.05393201800325487,1.705911962108491,9.39305918858462,1.9507628519073976,6.765786656527253,6.264283530656257,2.513661312032835,1.0591355043794297,4.351967662820165,2.6449292138430986,5.641843807460733,4.270388636383962,7.413227897628985,3.5870974626541448,4.96635935976812,8.516641999554473,7.525286766755298,1.9185685208834795
61,3.057550100430464,1.4754328372462804,2.3954261952986142,7.181018110956002,1.2440268703260031,2.4477589746164137,6.158623161359775,-0.6835033274208031,0.5637244206873535,2.657449312071774,1.0953356774026235,3.851331386176317,6.688598238727013,7.1828963941316,2.136472987606191,6.1804297279563,7.507036134351893,7.353474480228284,1.5283342369163415
62,4.168826207932547,1.4575307674923645,0.6105473488899718,7.379167955634074,2.453954245142141,4.701062097757781,7.344407433129144,1.1155232538267446,4.8854267635314095,1.4766258268073083,3.6557730547264713,3.930521260488098,3.320967026551909,6.6751558957820105,5.275324818263222,5.194300393877787,9.845364047477439,4.991489248759374,2.175757053769951
63,5.822527701040393,1.6953689015656124,2.5965317425308263,7.075864226141405,2.456399231848655,5.555719323467141,5.651952444703701,2.9087888215063074,2.5663626065891854,1.0453661363279392,0.7673826201435299,2.498695567089008,5.682462167089728,5.266160689936612,5.244632558737575,3.573738495728933,6.9726372567092465,6.349676165849759,2.741036577649555
64,3.694878889254918,1.8223450655030766,2.077610299681325,8.117400247368693,1.67962108548568,3.9964870942482715,5.283845847142423,2.2974929533377866,3.62531175510101,1.0371176906030484,1.6815016467844734,3.72830963282731,3.2388185896335595,4.684449338127245,6.520752209177548,4.177433965160477,8.342383378885327,8.401892562385434,1.8254637167684418
65,5.308972336798034,1.1597854777482932,2.8698240436160405,7.974545653493523,2.232869960920317,5.165190240974107,7.670146018109467,0.8713902876568336,3.064432963498141,3.5657042583050425,1.7322852654288576,4.1211741836566205,6.695616080680185,5.505119823139774,6.9600391616566215,3.974036678629972,10.299528042270767,7.0189809040128175,2.311561756726334
66,4.645808329962544,-0.7068990276285844,1.7107298679531349,9.280396797747477,1.1807276666616477,4.475390090531016,5.072834434584557,-0.4721115493676369,3.5658034183832283,3.724643361964573,3.581463186865818,5.459598834510886,6.335723433497046,5.629850319068722,4.349702477615341,3.8678474878769893,9.407569454437581,4.590205361542442,-0.21922106398090646
67,6.337273815047322,1.2994855646559027,1.7413719268221786,7.990306695829884,1.2889269008899154,4.588558263138643,7.877206631105069,1.5984191491936874,2.794218732335489,4.597510685677804,3.2541910253521262,3.480328836038878,4.70804357428922,6.347143412277002,3.833664162977045,5.6934440909045705,10.399227671531072,6.625695298563789,2.357743584811705
68,2.0293740784323457,-0.6640902252639901,-0.7189055659347166,7.556671565291502,0.8502531197267316,4.05930370521315,8.554226170130484,2.166761376275667,3.7962809302791696,2.0754492111402487,3.118993198415167,2.6629035276422,5.652815717814406,6.3208644204325015,4.6253080224551475,2.115885885692435,9.831066737354185,4.726769563724306,1.3480094530920432
69,5.9987757990524795,0.47462700319756956,1.460516982006544,8.30535239169349,-0.07340156956241262,6.2077595872940865,8.41395016540665,2.719148399463126,2.9478273276403573,0.19033206270362246,2.1640682600173524,4.277624674277025,3.871347165951551,3.055309283688153,5.787593147847536,4.65183502457228,7.348686378147095,4.781647688289199,-0.9468717524789345
70,9.157000350312941,0.043031998488684886,2.3275797399364806,7.045602482336586,3.2913132525329396,3.0714100949617764,7.561994325836231,-0.9236917654378761,0.5641103529913196,3.1330357821874504,2.958792534334092,6.450004577673411,6.126380086565505,5.949959303365992,5.389453023161608,4.040665084372529,6.438524463970975,4.587044254608683,0.23836078852787823
71,8.367827170995424,2.750993379991926,-0.6002155232590765,9.070361667346303,3.870185779165327,4.479380326987884,8.13528154278947,0.9710486926649731,4.028916220019311,4.801383869022311,2.2230232651374875,6.578074166749129,3.2381663612842106,4.676412869571615,5.1059333134682,3.2572728514133424,8.860804152982574,6.061139004806719,1.3515354345285462
72,4.916496090513806,2.6680771852255716,-0.6724361865741937,7.462239115857912,0.25719602898126737,5.904029706032588,5.758274138392553,0.6041369339264462,2.4085964031016314,0.6975792289380718,0.03910497044813699,2.603526866189767,3.0459218749360977,3.563810588787405,3.29116655282342,3.485262713346214,7.590607241433556,4.249567560468101,1.6279573331433321
73,3.8247374478414233,0.3434733642382021,1.3676055644320297,9.758881153350588,0.5472580114937748,4.366315784257809,6.211519082641446,-0.06838238178652245,1.607704230135913,0.8981381140725406,1.9182167478062682,5.110380752822051,6.847263295981406,6.802711027753639,3.573273689347167,2.0388407215349877,9.060948513434198,5.09926016872919,-0.7907139133138161
74,4.068907613132888,-0.2835273625319057,2.894898475489641,8.122346134421043,3.136518062016833,5.484763581954791,6.824333939583542,-0.14379620215869537,1.1325194796549303,0.979853428205312,0.6012311674205446,3.7607862023477914,4.023255796987146,6.8745777440360065,2.1346538814440574,3.3526769968909687,8.750266868515709,6.951530466777479,-0.1299835981279316
75,5.039193205742449,-0.39088941166244073,2.4901406644205095,7.872649107059722,3.773718166172722,5.914515236192916,6.000755666212182,0.15524051270625328,0.806111553790259,4.497157672668253,2.9797195814857744,3.700567353432285,5.083604073714592,6.50321883504953,2.8154502410720457,3.004573128073279,9.882942480728953,6.597563576894421,1.0678612314363316
76,7.6750507327632285,2.3394463053464354,2.496230331178005,8.446039541391322,-0.3331466095320865,3.3924488388476224,5.6503248916063615,2.492468939777083,4.227524397980219,2.764577196969369,0.08968986190244532,5.381196241520098,5.288949305928042,4.776353575221954,3.2989247147192797,1.946990184386459,5.308560716445571,8.481272253509223,0.14605498117924753
77,18.00614473839033,1.3936931820762162,1.3904766919616296,6.976124644669559,1.5298530739385026,5.116175277753186,7.548174852701459,2.8962074945798877,4.700065692664289,1.135680450729029,1.7950950220178306,3.8734096712482695,4.32409429389568,7.043832787386858,3.905565168349272,6.344662954809388,10.07111120943542,5.771826655950639,0.6965770987595081
78,6.485289912605729,1.6516837889765172,2.3221019283540163,7.2570525907220045,0.9588757176184846,6.510404705633103,6.08937439985704,0.46232721414843203,4.068346859687806,1.3247030072718742,2.746623657630572,4.19207935502445,6.836704851394955,4.519929916005675,3.490877257219675,3.7294984547212513,10.057792419551973,4.993974833509425,2.377842459012071
79,0.09493107717642513,-0.18548830040278563,0.037409068311409444,8.353477290835142,-0.5069521907088599,3.6524221565063866,5.610203896751035,1.7195749267201514,3.5624750616455834,0.13086618510087922,2.815490042272159,1.8374271589482047,2.011875127755381,4.418919468674165,2.1313638688671106,3.914084841431699,6.096219580349958,6.925189022997387,-0.4356480088885226
80,6.121792143267798,1.5491111873591765,-0.1272550582110159,9.013216001548868,1.597022004923691,3.839315741627161,8.480959632139099,0.598682750707097,1.8531623859102413,2.575477381270555,2.0832345968709767,6.095372549646438,6.343033701245117,6.318219328939165,5.978464443449919,4.363568916302569,6.560460024012997,3.904914574257532,1.9809288795049786
81,-1.2999767107933913,0.7085546695452241,-0.7068481431257335,9.37538954490515,3.0319385166331503,1.9513496144537528,4.903935237593413,-0.7321785297506449,2.629696575187394,2.255790412112467,2.5323493615281745,3.4143766874255803,4.387737505112165,4.760852128357301,1.5369091686088159,1.8161309436851538,6.591447071054765,5.159620244069549,1.0159099806793623
82,8.091129421996033,1.605728079414961,0.8415461555177806,7.452974692960548,0.9689242197121803,4.20924247787603,5.286660594428392,-0.14305392759331292,1.0762678502608818,1.3283384949184565,1.4040496795851451,4.234790533571232,4.382868816044791,4.658405399699953,4.2915422687218765,5.571849780020031,8.630868293996292,4.466442601896619,1.374712465108673
83,7.495166315562128,2.3766188683416134,2.6109299177972596,9.639436903996243,2.351227458634779,3.312507166523862,7.639451832995937,-1.0999507554114278,3.12219174841724,3.22571320419014,0.37067736597023204,3.1863992478491734,5.596883416213002,6.619039963305616,2.420902160559012,4.258415592857539,9.396595387324288,5.319437392076553,1.6170607089981166
84,6.219937509994445,1.7090996775555025,2.0766910406343313,7.999562650437651,2.9565157032961853,5.910730967692853,8.869068224455512,1.2450833649477897,1.5111193936553335,4.283505219331845,3.447068021737947,5.913032963700607,6.970596853513445,5.511912278047257,3.5857078766466923,5.959691246265104,8.483918693857955,6.657327534187928,1.6156751681975021
85,4.0133210234934245,1.4880125490951288,0.48992255544874963,8.431795781959881,2.709677447675827,6.526420318355234,7.64368071434159,2.1137586449879993,4.200215180033609,3.162530618857932,1.8997972636233953,4.3187463070072845,4.9523109401648515,5.951967853773227,3.4574771605482226,3.1740450632464996,9.167071977017365,5.980236138906414,-0.2731401459118792
86,6.0171387639707525,0.06862443037674026,2.008479488398715,9.850900580505886,0.7029786448733282,6.0994648171847565,5.542256177962199,0.8033124824885352,1.1934767063839762,1.8139114581689002,1.2926735481231801,3.5459085192064084,3.621843139756169,4.665057883747332,5.213481718624226,4.0702576887500985,8.014725391455718,5.872884540310983,2.069999577735828
87,4.234372414884989,-0.9372870521453375,0.7993396064518197,7.241590445160496,-0.49899377263777644,4.709387614622611,7.233782038100609,0.04494888113556794,1.406481126610175,3.7415737394072517,2.684983131813902,5.769116958244916,5.397893684332242,3.1970366887552264,3.148040298001154,4.199672042186965,4.471882623344333,4.094570261773552,-0.4432216644269382
88,7.789979833888707,2.6531451693992194,-0.18788080454996847,6.2974599306621215,0.2253153577745488,3.6038300874736193,5.344290943531217,1.8537654574289646,4.7946269241018245,3.0983629949010565,0.49669565051696307,5.153844343977096,4.188856510867176,3.7402482446921512,6.5009432384188806,3.8489603655424465,7.622096175214806,4.23311532583187,1.144214566417777
89,4.455756615530514,0.15028979494415096,2.190122025008092,8.70728519973052,1.6084700575174398,4.91223970554414,5.384229701341767,1.0894134927634562,2.597236170699611,1.919406738844558,2.3541172263907058,3.9224186613175247,6.820267800134362,6.8580417728708944,4.408944109663819,3.2736650002844674,7.451302254516081,5.464073682611447,0.066243844459835
90,5.937619497391018,0.5855435447157389,0.1367994616168795,8.072497633229654,1.8939485324817356,3.3931433550775525,7.152162619201023,2.1921928362718797,3.1644029434711967,3.966558657852353,2.898364595260432,2.6569115147493014,5.358552303909152,5.151943804510841,5.292398282711799,5.865939087023226,9.072963115707031,5.6351156095878405,1.1032355923444799
91,7.7167722070425375,1.8493812002414747,2.016383619528072,8.731141957356382,2.0038624682426125,3.186447485806685,5.925916086910842,-0.5510214859805432,3.043052182091541,3.4585590019980756,1.787825858601005,5.08906977197751,3.881192542394827,6.118236705730821,4.555932018151298,5.024389117769685,7.804278632082841,6.6275423554815465,-0.3206815567811041
92,6.862443058768678,0.17365281084519124,0.4073214651995263,6.498925691829251,0.020317559218773873,6.7238120120296205,7.550780193209427,2.7237856624752603,1.253581987974309,1.9030770321903066,0.3633965656910614,3.264047983911597,6.2557959879645875,3.938054658058751,5.567049689972501,3.8609522912439127,8.42596445274136,8.219037564496098,-0.5845288355987492
93,2.0075289729512313,0.503586040519716,-0.818390114345851,6.328843502148091,3.8192307299905597,4.975792430633601,6.771245896694968,2.5833493527084954,3.386814017862624,4.84001203873569,2.354104718131966,3.124028724769109,3.318166456195339,3.9485512391084137,6.915135068701035,4.291072816419108,7.505899581986322,5.337803335702134,1.7130725734380192
94,9.655991126260494,1.4948283959563626,2.646087325047567,9.684486794384123,1.0649552242756206,4.583006528133712,5.139667439250501,1.7489702211326787,2.3554414988614516,4.711386157799554,2.547842464294774,6.31403689838791,3.833926914251091,5.670023467826308,6.538942390784818,4.3159742124953935,7.4680550172796405,6.487674210479893,2.914346853301911
95,4.006040439607025,2.8611566042958128,1.7845119385694581,9.991468160385676,1.372930996333626,5.512001395324928,8.30875227756808,1.5284557052767012,4.453368452453264,2.989421199012887,2.83890692689992,5.763556466574861,5.950378938112765,5.575945866203845,4.8199694148690675,5.578601477528892,10.491135510536333,5.772974744374302,2.42821163724601
96,5.337979846114354,0.9574898615217238,1.5003965137763347,9.2676262190472,3.7476330384922862,5.278405123919006,5.833401040911905,-0.7442702371400799,0.47187851580317686,2.19792838269831,1.9938392397764262,5.006665225745644,5.110787572994621,4.831929983444679,4.294797275849641,6.586390905872671,6.454679665411298,4.5420941740770555,0.5669704897529619
97,4.034305900982983,2.468000334438641,-0.5662266280159818,5.285841702389874,2.6818879933037243,5.326536485476181,4.613154573160104,-0.6740313142334161,1.2365257038903388,2.53856679410208,2.2731400130795985,4.756843371472291,6.454841123891816,5.393660003676166,5.163771812283109,2.93667347095861,6.7310881465598795,3.2152264089436935,-0.8129698672821637
98,5.862479450202617,2.4518645664675236,-0.7529281823765979,8.956151310452794,1.6295629683282231,3.1347645396515866,7.969768901765075,1.4209891178842948,0.9501246330195738,4.512305912774286,0.5302528257766999,4.42168493391727,5.226045624775926,7.396698924107977,5.735797737998059,4.685102820851113,7.752798167912856,5.398938202027511,0.8665920083765626
99,8.214394884376867,2.4783637799001994,-0.334172145436336,6.845413602316262,2.2278172501984983,4.796806228048267,6.861081606262579,0.5760742639617875,1.4772723061756818,4.658932896392818,2.9647817727755723,4.9635450990849375,3.210992817628387,5.299688501110156,6.457361724857032,3.976528627972704,8.121905816483656,4.683604356255911,0.5393873552301249
