,1,3,4,5,6,7,8,9,10,11,12,13,14,15,16,17,18,19
0,2.8706181303481357,0.019130697605796332,3.187840945136955,6.416119714744722,3.3720274430003556,-0.40775841179642724,1.8514630720522116,-5.43351118717588,1.373232628417699,3.0895727819207845,2.537399402651957,-3.0454898019516534,4.780889495620326,7.99313166340691,-3.949543057637831,2.8818444523554323,3.534756467939755,-5.768408157143311
1,6.340975656795354,2.9964856391228403,3.0543495121240753,3.920044483106564,0.7295374455241572,1.4832327444248048,1.3367443532477896,5.61332790441599,1.2460067207924412,1.3954500320169774,3.140720736414587,5.015863156290236,4.352098204618699,-1.9563134102428585,3.0847415937628506,0.21343925677868292,-2.0942629817396745,3.817162498945898
2,5.521186151958652,2.3248975508253613,4.670845294192084,3.91054824488879,3.170013773162555,-8.062132902626983,-2.3158083894064543,0.3015825469230421,-1.8754210525543065,3.5708997041380397,-0.6358180016774555,-4.801902510390117,2.1833381591460843,0.5531152797684383,2.7469492676259737,2.871544898000271,1.1756197790956002,1.7383257036354296
3,2.3855084064858687,0.42572491010542723,5.294545720238385,4.43400539534127,1.4243129893266566,3.532166302710272,-2.7861945280689357,0.8999582293745565,-3.0721796863688393,0.6680648346331273,7.640099349941158,-2.969169559014444,6.443314266385839,2.2860695221853047,1.7243723222094292,1.2426515882837088,8.070135293268933,-0.9881217149929737
4,7.138303076836121,1.7579085006825363,5.099945198063088,6.591605036568284,1.6827101304502459,4.930807365994667,2.458192305847395,1.7524212136537143,11.218775791529445,2.0382978342303786,1.4912541030917472,-2.5869406049608976,-2.0693717076733145,2.9764933761334493,-0.8215656978972774,2.3705431197478304,-3.272930925253239,4.721551773571655
5,0.8476585616189429,3.5295127973850615,-0.683152824401271,4.352048158243924,0.23217013332623804,-0.07023221310423389,6.159025464990052,3.716877960613444,0.5321110099925028,3.1470983104073316,-1.0939483910232704,6.2835454357883345,1.4185551293802354,9.961901914734373,1.1888613311907208,2.318066948841928,2.919199469849322,-0.6978854033600523
6,-8.635394296459484,1.3133768254092373,5.8339887998322455,3.923998767857802,0.49574964380729103,0.9278583379672485,9.722238742244762,2.521888548425752,6.564714004048616,1.9894300464557255,3.09992032137583,2.846712207885354,5.158848513632984,-0.10414691929587194,3.2234984465813303,1.5679101176555545,4.439401665278107,1.7096115586476335
7,2.3432495687439037,1.8973862809633535,4.614305463938285,3.4057324211119218,0.5100120288484913,1.5421217100237063,11.616690436521633,5.0471275657838355,3.0868682933814786,0.7921029232605075,11.593593707479666,11.135032153994336,5.708270711792439,1.7956070753595434,3.364353499432287,1.4105434884352785,-8.096179987707625,2.6087625839415898
8,0.027360486613861257,3.567173369188559,0.8996208276542683,2.016526795026019,2.7906768389124954,2.1719991962879037,-1.8265004245728873,-5.450844687089809,3.8107439072009663,2.2953613336513516,-5.361151006000554,4.391433782521892,-1.8376024403636277,3.910920679864555,1.2725023972458538,0.13303850617048552,0.8929062063384148,2.9302712313406354
9,5.376484594230697,1.069247376254384,4.898378558932375,1.717942766439215,3.5934288506356866,4.337421728996925,-2.209059016948586,2.7090032121048524,-4.873889769235499,1.3569046076772575,-3.273952258513633,4.202038277837311,0.9309405663765928,2.6724990376506357,0.3074573454873941,1.6137758829687834,-3.8392048643634595,6.115686461113615
10,8.723904633771603,3.1555979975200277,-7.992855704826306,4.40441678982641,3.838651124847888,1.034534165886202,6.780749918018799,1.38224065156379,1.1193318053775436,3.723126317613861,10.799875900570933,3.086394530506146,-0.1115113837594417,5.791584822931876,8.584122633808677,1.644068819493146,7.541851308441494,-0.5582326530274533
11,-0.014103883763991742,3.745386732502325,3.0491710437492157,2.6095827745076257,1.3965137172868403,-4.2811554116712305,-3.9653481247406575,1.5303123320989838,2.78335732554428,2.684182172107651,1.0677605934772108,5.022556676567528,1.3114265344383025,1.8830384246108929,3.506431337505152,1.7462001062343546,-6.131695317901661,6.295870294299688
12,-0.678882336986814,1.5329293522242966,0.3127977223164806,3.5663183117217945,2.0668856783975205,1.2758065771812284,1.6041498579119318,0.1717490041163392,1.1375286961541333,0.34095658849502053,-4.095454370135204,1.3255508077627707,2.26282841528706,2.7856045941711867,2.581856921188645,0.12661286825611073,3.4327452111830015,3.2036876014198317
13,1.2487689260316412,2.6017527809996204,7.088252777388853,12.311840648955426,0.001375058801432072,-1.3847836858403122,5.247792768239988,10.107007244749958,2.0214991325723943,1.6523587601459044,1.448597190531502,3.1832179725332677,2.150494862568457,0.3038194725120751,1.150247912270995,3.383573321374515,5.112469775600432,3.611645338119698
14,0.26569823988520924,0.095836563787977,2.2644895102600384,5.121954387551556,3.127296590821207,3.5702655158073124,-4.176911111250268,-3.1800530440336896,17.53999621581579,0.5620496402368031,1.6016863125160108,8.255434714587892,0.4959028755839543,6.072600687923443,0.9881299778051928,2.2674539915560885,5.298137057987699,0.577696866727964
15,-3.44549093767552,3.974664283994771,1.8879826766034424,7.993010825230427,3.052721322953102,-1.1995661143224439,3.8299058524547434,3.030305528771085,4.20541171011512,1.8105782249325517,0.5884075022120105,1.9710282223898803,4.077222680577058,4.265556975704722,-2.563078479690374,0.48804791386027757,2.58314510922449,-0.1296414376067645
16,-5.596768843854663,3.530567522567995,0.3028775321976165,-1.4592537603233664,2.2862084439547417,-2.8190152953990135,7.707753205015205,-0.7474545269265137,0.1520379635156519,0.01198358055459492,-4.841701761035312,2.200932409022221,3.465574419776246,2.8957620358774365,2.93328794137445,0.004241905742728758,2.2051645171157,5.020077927705187
17,0.005449046379120026,1.1145550037251635,2.3483199702871183,0.9298067480359231,3.016966146463278,1.8213207416471713,4.87004052521702,2.9351736761295077,0.1084429844986502,0.40857916488041734,-0.2652876093672316,-1.356733611659118,7.506145357139054,5.094881698667789,-2.487434482953792,1.6930216002357916,13.299244421993096,5.9996707214217775
18,1.2507261203091382,2.8362985890262444,11.67137907935016,5.304557283301946,1.6852865468417964,4.249553590934822,0.7479194449546074,0.4158522605473688,-0.7795653609109406,2.838188251729521,-9.197596882916315,8.750717926554213,0.33216050891484494,-2.9789262153403757,-1.9705761054670587,2.851321446773239,-7.203170505934603,1.7589019668037722
19,4.0579178232548045,2.2567248134460187,3.790250066407932,-0.7752428200213504,0.6332312194521941,-4.074017054856407,1.0570738793449905,-2.6709518017379748,10.781024564800147,1.1798272898862403,-1.036237370915924,1.7959403312152014,2.364116708202923,-0.5603254747450106,4.715011997353149,2.9809461910292785,2.197292626771699,3.126767343180231
20,-3.265363901708182,0.5457293561110497,-0.12705873581551708,-0.5683507920310888,1.3290199489662329,1.8973810600109864,2.83361286719094,-2.116715788140818,1.5009367162207141,1.478942943081461,7.328998872061401,-4.255856433049834,11.114102990625067,3.215587300077387,9.294260437391845,3.8560870351561203,7.615222028793248,12.587030063092296
21,0.8563717771381676,1.844445320968532,1.7209271890281765,2.276585203569608,0.6032092979309969,1.6842805347150305,6.098162534487528,6.114471953006735,4.759703949239202,0.607599881715057,-11.836991960396924,2.1278710071377755,2.906592264582708,2.163785635946349,1.0174910110076372,0.9815288526689128,4.932351900334054,3.711253390797766
22,-1.4177053158586124,1.8461409863622666,2.597776518911021,5.41653604804104,1.715924502452225,-0.1673220400207872,7.995453016866472,1.3465917232674127,3.3493983503465654,1.7908309087607752,3.8600749356940556,1.3469887816759032,8.45227554241466,5.743520875885883,12.83919965780765,2.8026075998632693,4.086998318015095,3.7575091752447
23,1.4848281377006982,2.397413601659125,2.9111719023203135,6.952347816872843,2.792096667158304,2.1171616279781196,1.193857704275532,5.4939917417084985,0.429529794591208,1.1849655155344299,5.203118624725295,0.4867458275951847,-0.4954635419418407,0.8980171055307373,2.88679445638703,1.2886191682718158,0.2854539628731705,4.340594746153258
24,0.36151847170243023,0.3461579102842305,4.188407067787543,4.388938193344136,2.548682727545488,2.6889008074923515,3.1897035472852666,8.25837212061111,0.6509620807261256,2.3033883724318445,1.9074015383971978,-0.13011496925405608,1.2148845411887852,1.3057526554565002,1.716008590802749,1.3637225699688464,4.142882426614813,4.25326587074231
25,-3.0053599720459365,1.731862742741653,4.910573118556902,7.662269467469087,3.9639950485896396,1.4649472173670934,6.161408017453239,-1.5535106114743207,-1.7459373874016646,1.9837255204952329,0.5430551925571572,7.055747862802022,2.756201768315233,13.67976383123948,1.4752538324921978,2.0511131319581315,8.963470530799222,13.441929332844975
26,2.173693018307117,3.4203427666332322,2.4364200682904977,1.656447401756297,0.4271185770210053,-1.66752053496437,5.530209768041285,-1.6824550182559137,-6.134277332652264,0.45737595134420816,-0.29172785593973716,2.3499571968121282,11.059701383061745,-0.6707348888037614,3.9471839015516283,0.617596363029902,1.0170327167584536,5.851617833404973
27,0.5306623884292463,0.9669063366635147,5.503155964776337,4.257311552188838,0.6170124739290537,1.3391501623046347,3.906148302334527,-1.0569168190828682,1.491772695890652,1.6447760060358911,5.063055086495835,1.0449719209584745,1.4231973149792752,3.2410285296523065,-1.348635134481491,1.7437216929964032,0.670337749517838,2.210582570261687
28,3.5283425579357095,2.8681240294868493,1.6884357887705046,6.098551871414433,3.0297207813781752,0.7236000697662566,3.538033700413523,0.30512373045588026,4.87179035575523,1.5050828610124807,4.569768744507208,3.4859454303741435,2.879109673252867,-0.9019983875285509,2.555052137502663,3.7556660400820934,6.014877371638684,-0.41385290694705557
29,-0.6028295193446263,0.6573358552880566,-0.6938252883508196,2.770528542989304,3.3115409498914095,-3.6096853862281995,3.563534823574817,-0.580728017468585,0.864292867175188,1.410962999244438,0.02130754602747098,5.784678251154235,16.228700452673845,7.993936619899149,-0.20189428935739784,1.1602121303536106,8.67541759232955,-0.5616175914395543
30,3.3201801245610874,3.6068902402484784,6.8635756893728175,5.570390402154313,3.9936994507875974,-3.995634752452133,2.6752918530459144,0.9453330213385235,-2.6702299087721313,2.5738967994239004,-1.7317377369151261,3.2697891169101743,2.1175063250679065,3.56972859311713,9.160734057654746,0.37958254641459765,5.943097955994878,-0.0008305124449010659
31,-3.717310425318608,0.924702375092517,3.462815645416055,0.07741048417722851,2.6291052543902236,2.870007986235573,-5.8602011065716315,8.105460447565383,0.025726818930729367,2.835083863574238,1.7361751273282406,-2.4604919414719753,2.196703065418953,2.019100143942037,1.9889809010229316,0.42741876933933076,3.604496404481535,3.685241660814877
32,1.7711152396012233,1.8921624034862412,5.254974746186205,6.109885370683779,1.601529512184042,-0.7802710773669,4.02409010423388,-7.98766432773877,-1.7179289273093037,2.5208934578234494,1.8924450902503531,-1.711471064100547,3.066958308045615,10.982118097456768,5.252286864560043,3.284765550881979,7.293225822809558,7.149817609142778
33,1.0307208079803054,2.1394671619880037,1.0175051734318137,1.7927834363994832,2.491475368577157,1.057512350222877,5.8182245188608945,12.503321856202707,-0.7343464965315485,3.8822404689561636,2.4989935236486644,-1.359127912373232,-6.229980866608161,0.7682572940674541,-0.38276481589735933,3.1808639480990597,3.8981516638367686,0.13403333559069797
34,2.781378524933243,0.8278311280944681,5.874283097228132,1.2949698294842595,3.2921624641657856,4.34259811932697,-6.043556098939974,5.147275753526701,1.6208111284404898,2.291495079397282,-1.3994806109581313,-1.3287494830667796,1.892969654720108,0.7050119298796296,3.88015835941791,0.6948334243283676,2.923752656910249,1.7809990579474024
35,-0.2849253117352468,1.9223704016549283,4.077912028147125,7.511911277482714,1.2762252770616942,3.1020156939610977,4.516625673794975,-0.3625964596146819,4.397515040805606,1.2644447736764168,-0.5464280493532117,1.1138232000030508,4.457859746776224,3.3931416206243856,-4.615847479130844,1.4387147765766453,4.0782787054589695,6.027364900655347
36,-3.3249815576992265,1.9624043488959,-4.46904077996379,3.207302883422846,2.838670848522694,0.20934612382760476,13.149678605509862,3.5779704042026417,-2.9211257452534634,0.4977909036097916,1.2491953142898922,0.49024250322924345,0.8780882727461465,1.4335886165390364,4.640532915391125,2.9303437124505654,2.5067568990343974,-1.6704814694227608
37,13.509368413116261,3.6770126040060283,4.572145273443066,-0.8815087326125028,2.8858544151420964,-5.303953171124716,7.797118985332941,-1.1808337022742628,6.589646590728333,1.0688835964918293,3.321898318751478,-5.062275366222315,-3.241157757544177,0.6883801237881995,3.933148910401069,0.9431403506140192,4.888131570976295,3.8838965810324395
38,6.893239705685366,1.32110634120035,1.1459421164984533,10.682589366497814,1.9894020773669991,0.635199411725013,8.217511485959067,-10.164358586131735,-3.6478485212845158,3.6780673442063074,7.127787089602674,0.664798884105112,3.3892760047028956,5.882120380574264,3.7214803891357224,3.470012912746142,-7.224374875415877,2.8884987841734815
39,4.019040230373035,0.17565504541729782,2.967305736894482,4.933437853496844,0.21906453995353026,3.258355041912636,4.036167036022637,5.812964412581392,3.8972735215209235,3.9458477202729862,3.912546369685454,-0.772034382371579,2.0437263372084837,3.2171865958217625,-4.73317004910138,1.5373455687593625,4.436672111129631,6.102323316437973
40,3.8528181663712684,1.0621776593218342,0.6310920346822206,6.074891276194317,3.5658917912833736,-0.5777950013627489,8.28642786177533,-1.4811684383601307,4.3607833240839495,1.5683348955817489,0.7078872299706347,-2.8407184204506466,0.9710989413202582,-0.47878631165326957,-2.260406593559751,0.40353879150318184,5.584325362427056,3.1623191458614324
41,1.778042574166848,0.5968585496121617,-0.9120281706026545,7.248359163236,2.6796368958356513,5.820174704209539,3.3759274868157974,-1.5082390556961562,0.47966195907883835,3.043187787263122,4.215976034473126,2.44321253478428,-1.539106029069075,-6.159017519898466,-0.8544871007460302,1.584953387919847,-3.329109312258952,-4.788320003283085
42,1.0750403739367675,2.240237656088489,4.456245729925319,0.975850296454047,2.291263385092157,-2.261233535176338,2.616520492314792,1.5619811761076599,2.5313857876428836,3.62760525841063,1.2614315390866493,-3.354762166020195,4.484172787080873,-3.4187718749896283,3.8982459918206667,3.223206894481364,8.716620312158504,-0.25417571908830894
43,4.50456122511346,1.7520823802730234,-7.804608411947674,4.353867920091879,1.901778986824815,-13.028494842383074,4.938737471189656,-4.832444187865821,7.4593533475401665,1.0055226712647567,-2.2375345333510053,0.9897126867086559,2.337181149903994,-1.1312299288515084,2.671000127558801,2.714571157950656,2.671884908274955,-2.7069548793335323
44,4.250430121079882,0.7820184337946126,-1.262255540918677,2.890841996643363,2.5230277202797615,0.10021638874245622,5.11392099651364,-4.483724655483591,7.407609617551138,2.1534028373097853,-0.4376287368862881,-0.03165578454903428,5.119960319291231,5.822768860447097,-5.157215043398956,0.23124797938817165,-6.7393695051939115,2.8535371214627663
45,-12.728205778302767,0.13692583334649866,5.236050963414764,-1.2725228121987202,0.11599253924916342,0.016765474036334133,17.85191532838932,-2.3999172510927074,0.30876508072762887,3.6800687230486226,3.267231888907717,7.563146057960381,3.766779934975617,1.7604115687542938,0.37446204876839007,1.8564848474325286,1.8803079779361604,3.294528249601133
46,-0.8287032193558778,0.8720928396663217,2.77213174215764,5.099599931982271,2.6042518230881946,9.863013973733167,2.074623713523766,-4.361515632518613,3.078217024486135,0.3177487131695451,-3.0569956583248317,3.9432213360935977,3.49537982300284,8.160424085215553,1.457459497897862,2.0247240996942115,-2.0660905301226884,0.5323533274837797
47,-1.2204060400524612,0.939548849404602,-0.31274530911973275,4.55767047027994,1.0096724281232787,0.5585819350231946,0.326863734053108,-1.8810497630539393,-3.658136547954925,1.0520734975909085,1.0405231403791522,2.5344378363628226,4.69408987920158,4.339954354601421,2.7143993556216373,2.9581139249669706,12.201455512593846,-1.350472639769507
48,-0.3420345956382249,2.43934965352161,-0.40903192666403276,-0.34742794922490194,3.3919961718097147,8.982063000638384,-1.8025843501079994,2.5698654153956673,-4.731313407205851,2.267188274217892,3.3053842057370826,3.918753378332102,8.675273930667323,-1.3572108804980947,2.6542646462535497,1.8437040073748179,1.5253818506951415,0.939950867846219
49,-0.5530504571751371,2.49943256985207,0.8782894363972615,-1.406239014260989,3.58875523442141,0.5252832361763393,1.9258656533895562,3.4623824221607458,-7.18405424625118,1.824094235312569,1.5143356622408677,1.4626484007379612,-8.148491911858708,-3.2168822356492877,3.9403467391151903,2.8939154999641477,-1.6537738298562767,2.5454852261612535
50,-0.36630196588229447,2.316506718960264,3.157206862884054,5.35809285332755,1.485637050768284,-3.0102593181249278,6.809835771021867,5.58485095900296,5.168834670322569,0.041484944762792964,4.384601733839032,0.1574712005174591,4.195972479872044,2.04840563911864,4.875823245054722,3.890434811219324,3.615554502262085,7.449669139427366
51,1.5540608057785272,0.5183640063460428,7.310000872673709,6.77845849840123,1.4483417993135022,3.978868601848821,0.9479415453783375,-0.7621244391273255,0.9564873354669006,1.7298299276295772,-2.5908721119418305,5.11145295293784,0.25739495140731306,2.787063027594924,7.025048033934583,1.19035589105179,7.088001328085156,0.11337108064069756
52,-3.2020474626963757,2.904456780671156,-0.9061948897189154,0.6995071645824424,2.1677167123260186,1.4170360447276125,1.1514567060569554,-5.317554800648012,0.7194275090680893,2.9264368417470106,8.565670426424367,0.2844569952471451,-3.008403831891426,9.332325829992616,3.061057092453438,2.4024272482538973,7.460955710228723,8.571338592856431
53,1.8550329805450851,3.0846751792103864,2.02071300067639,1.6781841733102327,2.6159138975119305,-0.2912816911360577,14.257885615679461,-3.848574817221419,4.04572125832834,0.961169390807989,-0.8034740390717721,-1.0908411426113798,-3.2062041667323538,5.907188686306174,-4.091682401514542,1.0981154661752677,10.995790005364121,0.366037314639148
54,1.3720706532592553,3.0689787955387096,3.950912039326471,4.321040780949264,0.5920825075989122,-2.065077851906562,0.3317645966106162,5.417911838844811,5.52244122312482,1.6727188113628655,-0.7228413647463344,0.5312842070633236,3.034839238297656,4.787135603798872,6.108300072534355,0.619199797957426,-3.9522923666741057,-4.4570562498779704
55,5.036533451923423,3.180574160026926,2.4753429546633825,1.8824608807611098,0.657864399668195,-6.945843982591476,-4.607391966686168,3.572811796684155,-1.6949575175417038,0.7124177625425712,-4.008016984092299,-1.1504531204419433,8.404673712026257,2.6477827968322982,-3.481837452121778,0.6533370019454745,-5.050156774086829,1.266200343275383
56,-0.3350193191145757,0.5611454126640729,5.344068553819665,3.917635480529739,3.752689727953126,0.918611057016888,28.894714093631826,1.2670882753174264,-0.8103833492288931,3.705681562038329,2.634856215085295,-0.7462983113664144,0.865304056434347,5.7292140813906505,0.4439094456122963,3.4934896860067743,3.771970650990113,2.347708014923544
57,-1.0251621290598818,1.9088081267737218,1.4232616289905073,1.266553429235815,2.2913509589557792,-1.116656259434854,3.420472092444104,1.8819003578811524,-2.4270483304871786,2.8672225348381444,0.21618846563906846,-3.6751020315594807,2.8199059855227557,0.4029925322181068,2.8639542966292346,3.504387285835059,0.7806001084416705,2.5509007878316408
58,-0.29827358463106424,1.4735971838812283,-3.6161912874266813,3.9553323329848418,1.7875657922850534,3.8507912360766294,4.615349226177635,-0.7584637017284406,1.5907506751234397,1.2944931761294836,6.635438368961264,-1.5963604254192134,8.695926192296778,3.6969829002358825,1.1181742908156924,1.4094116022348326,2.326224087255191,1.9199323874450362
59,-2.2323238214288694,2.6736116695378676,4.644732139781064,3.7394161174673037,1.8719680546603708,2.442646269078986,7.143275786414692,1.705936658849521,-4.440157473756976,1.6635340207225178,-0.6899034769738663,-3.5943340122527396,7.072793212380287,1.2515985544682133,3.7733831635028157,1.4791612515184758,11.41204656866525,0.8833143429597548
60,1.419398950141545,3.445875292301431,4.993664759384822,7.799645707925674,3.943987437817551,1.5559241283545666,1.7321027019008237,2.89223360375644,3.002330974509486,3.4396661834791784,3.3704614562185955,0.07467448357945838,-3.2054812138201942,6.407175475994526,1.3655056316634457,0.3121320489726056,-1.4182038907158856,1.2069566448308007
61,0.6495626928764832,1.7597998192933852,4.2020135934191245,-0.395459785976493,1.4078333412203161,-0.579692027046129,1.4305102630618072,-1.0891246620837594,9.32884615701161,0.8228183109599234,9.207146925710273,-2.722855298496818,1.3901367715418178,-0.9248032296368263,3.619354377106995,3.3535659916289053,-0.39552394768122845,2.901546097072562
62,1.7001734486236273,0.7488327021415881,2.461415933019218,2.9897096560970233,1.138951826528623,-2.690771429137624,5.408041939621824,-0.5553671526183599,-0.24282876881254767,3.107127562902301,6.804937681061856,-2.176461670200727,3.3386606456118466,1.0025535359539925,0.16371795873916994,3.830817611833174,4.1759481255322575,5.657506573017813
63,2.302434456128574,2.3686658437261263,2.057652894796535,-6.416421894670429,1.838638455077807,5.11691342886976,5.772074034815266,-2.501697256654916,-4.1583649427763305,1.3699647010838714,2.507048873265089,-0.7832641277773327,7.37471735826851,3.9112396964707528,4.931822474800036,3.46091682054242,5.736408264912456,2.3992510865924173
64,2.1133840924079705,2.0650743067212156,13.240738839027202,1.1226254535088298,1.9080189782087205,13.470748119967903,9.547173549587013,2.6064381875858915,-4.960423735318721,0.6809591952970706,-4.47682528866209,2.620246244745007,6.1641705687122,2.9719711607556456,1.1266352816989316,2.576481334433461,0.9617006322106418,-1.4119377823394332
65,8.607493607859762,1.8113495343486363,3.869194321886399,-6.487759541578775,2.6073157317588276,1.23973671398776,4.052197258260964,-12.732496192009357,0.06669221973594575,2.7441203722924508,3.680526952271431,-0.07344092535257651,6.989930365512117,1.634342475888859,3.3969206323418764,0.5962341973123517,-0.19514215627046694,3.235807925998366
66,0.8128621110638514,3.5970112858615506,1.4081017749780578,2.6544965770313063,3.3828332533823984,3.358405263441693,2.493022379753703,-4.164040687492129,3.850123958241198,0.23327742073829372,-0.3752477295328973,0.0502070778973539,6.548113210512119,3.6018070776538367,1.7101475400688344,0.9549883727902224,-11.018683989592201,5.394306577266882
67,7.917896208894273,3.2091513075406186,0.6840069236016495,8.688094808963534,2.79997062727006,-0.22290724300026477,1.6401157603021002,6.236811752592164,4.881292453740226,3.7703631671819258,1.621022309442942,-0.3804985585271793,4.924138818384467,-4.014343534462487,2.9830390908053865,2.650731174153499,-3.784674986409898,0.6776112120471249
68,1.45643913271073,2.6171624480023197,6.852952882242233,5.497092434730737,1.7249867878513707,3.546164050256138,-1.5247873467690791,0.3366877924348245,1.2393719800650815,3.5822270894472927,6.974646272816714,8.234349021381083,-1.6026144272554035,4.8659735863696865,1.1105769668988905,3.308337042858542,3.6448562845877417,4.793300462833524
69,1.502492043937122,3.2846528703990336,1.858182253378775,1.1001765944737252,0.6268579414205306,-4.481540796086822,4.451460842411642,1.142749918029946,-3.542246425326023,1.1394918005266041,-5.954501899473784,2.824122250795803,8.6787566840915,1.9863617628099444,1.8952056653465057,2.4219446828156723,3.279462605034092,-4.384186000958817
70,12.846025175147695,3.8115214469098007,-4.456497627303466,10.29201727356958,2.3284960676698168,-3.7234126042416227,2.3326981674195566,3.2289111594429585,-0.7583433235709629,2.283255028914918,0.5982498798385556,-5.161467244268202,1.235946838039791,-1.9009455290233297,2.670473425121643,3.7833757353575477,1.1121930801788145,-5.130004865994676
71,3.478611722050582,3.949420219548422,0.31223321023207795,1.1819183415177563,0.01763144590536081,-2.0321502802216678,3.6158444512220513,-6.6827460380093715,3.0623205018603112,2.792806715323257,0.25310425054692187,-4.950170186549831,0.964245232556777,-2.4305266752748445,5.004883779558756,0.19469190262952685,2.83318838126814,1.927160703364604
72,-0.7299730705435012,3.027303426246986,7.895143519792271,10.181465617920079,3.8410828059028335,5.49487449678748,3.9360957825250367,0.6614462157363376,1.6051345225333615,3.4352190642037597,-1.1472819996785752,7.809686912104353,1.1046625821023053,5.201562849986546,5.703182243670658,1.2225292333758402,6.199797505459688,4.353065173343333
73,0.02714494143487045,3.9747478918787764,3.738607213446378,8.325368267672971,2.8635847282656264,-7.2118694284601865,-2.499234897661461,-8.067848250898527,4.126418758765036,2.580785845359711,-0.4070043965375296,5.629093653711237,-0.9992616686709006,9.184682968034306,4.6494311528626575,2.797292379924238,3.5019620462530106,1.5764919539552293
74,-1.915639464449469,1.3724404638183958,1.7552393744149444,2.3526735322422443,1.1505003287278575,0.8999854433777579,-3.402419358882252,9.503267033874637,0.8924624971521018,3.1218428038773345,-4.682567570777765,1.2256184187999626,1.6836328019841325,-0.65933224173927,5.892549671902562,2.4339575823330684,0.9073524372500286,6.940450448297668
75,0.01564221014224676,3.091245815151157,-3.518583660705036,1.1908818021262704,1.527752692850283,0.07265016879329833,0.9536571464730144,-0.8305671127063905,0.9152319371111153,2.0903066845950757,6.741028493911899,5.529115825481171,5.245173344657084,4.677864924644903,-0.48988941860343393,2.122390246586232,8.167825607698955,2.9395690065701015
76,1.0838957793051278,1.9568342300590307,4.134529782884007,1.5124433152870087,2.012026084558662,0.9435947425968398,4.01631855057842,12.186787336667006,1.911191358946345,1.198516787298526,3.254003855899273,1.6879694636577582,4.296047150756102,9.005002408508785,2.563035573535191,0.4965121227864788,1.6792371671009194,-2.575678313594926
77,1.2054681248909622,0.3687470048105306,2.730791946979768,0.8743400648999455,0.5178592520830554,1.3626696915855443,-3.0517736730636984,-3.7317639770424815,3.1114088070311263,0.3909093417042784,6.584521564873706,7.899589371588981,-4.225636673306909,10.905119398453449,1.85314045889368,3.9696315784648957,-4.498820416600024,3.5453440933860407
78,10.268618477918858,3.2042287657098996,5.0534503707012774,2.339968890439893,2.5952920460973554,3.1370257679479097,2.2128408781973863,2.7874868792144403,-6.365155145434606,1.767200397740491,1.741810840550604,4.227930575320626,3.8741983470940418,8.641482348320093,-0.20074895899070544,1.7873577417369062,-8.063876118738856,-5.114478555760677
79,2.461811293670168,0.8495012207573862,-8.856255289187564,1.0891463869528861,0.690148506252549,0.8616805034285581,1.2765764783740905,0.5911074926224997,-5.622322337283079,3.5957753533901786,-13.102102850174964,-3.2916879419874467,1.7896931637691804,0.28346936501922926,-0.4054553159089256,2.9679683636621674,0.21161103424274263,0.2313378840029925
80,-0.1654066894654176,2.828238935491142,4.374626147009755,0.3093366683143506,2.3554719385157665,-0.21216600509063782,0.31002905907896494,-2.8046939549844154,1.8740311464826152,0.18220104151840522,2.015412910400863,0.1957990689742527,0.08893692783959395,3.0830474143332705,12.816530356003527,3.915738641998198,6.330793807625078,4.349652301377976
81,0.891090016452324,0.9898162203362828,11.992025395991094,3.1469735118291196,1.0525489967443225,3.0076899186156596,-0.4626338521111766,3.422490522671735,1.7152521493719837,0.6242698616961642,-6.13030473683375,-6.393559299197,1.0602522840306308,0.27757732223704323,23.535555192833964,1.0233096768236094,8.764104796191285,0.41040595804502855
82,-5.560807149767013,2.8741372819365347,3.357091168903461,2.3651921412647976,2.667086284894345,-4.754948429594866,0.6014567594959113,-7.152724018355538,3.1971077182115324,1.5479693764249154,-1.363438751545572,-2.027117641690803,3.5043900116772875,0.5571321544336607,1.830604133125325,1.7549107966537245,2.2925630033559106,0.15421188734267766
83,0.9118263261396391,3.775304057925047,8.251660744179489,5.905661070447353,0.7868552616451043,1.2915969233819329,10.712107837988686,1.858371755164295,7.139961363719221,0.2139943977840124,7.2061174356787525,10.606590208355616,1.1458684359877103,4.795188522630491,2.640504177882525,2.9858991951630607,5.297680858578783,1.762489940958276
84,-2.726429879419493,1.4651558389662074,0.7705381376074043,7.489119520214554,2.594074904952528,1.1000276964206865,5.337060382774478,-1.7822180317742604,2.265910514516082,1.9870331065058018,9.104795485900489,0.2995635988124635,-2.221173373736808,2.438007033359905,6.323556708843423,1.779687645678624,-0.07722484923703421,-0.17132339354588044
85,1.3588247687421098,0.4383316686735803,-0.16929326632855002,2.096569734554472,2.2223421838975272,5.233197855472958,-0.03736841019675152,2.6082745768676947,-0.5364550367541653,2.7368200087749823,2.963042533856819,6.316744363300967,2.3808471006839786,4.935809393013548,2.0350549148406056,0.10706292274735985,8.16368374189493,-6.770648445519149
86,3.3776689460414393,3.1321314603846964,1.7775628666767762,11.680114693081915,2.9678549015820175,6.840727557314034,0.9344849938965409,0.22269118328753745,-3.628564509692185,3.679346444310837,5.841963682273705,1.1097978965625224,4.114821219921313,2.583467961254541,6.078594711981093,2.3280611107304794,-1.1002132616732547,5.912410309833811
87,-0.4423429332637171,1.4560602439982455,5.0739692588221565,-4.593773670469053,3.7819579940918073,0.6701822113233883,7.471769647041885,-0.47440589921635,3.063635790083853,0.20028268273043182,1.2945579965630465,-1.9902178267396335,5.4242244162837565,0.5539979706416589,2.3997602198848624,3.8737889888094115,5.653086868924689,6.501793939995698
88,1.2873051301703302,1.185361053560802,1.730457377143428,7.1784607158242615,3.2378279981730653,2.619023149578686,-0.09314983164902113,-12.89577520693407,-1.6654144871582723,2.8791324003208367,-9.038224472771532,2.7800363209235686,2.9187380513643326,-1.8570410977747573,1.1588683651114833,0.7637369461443324,8.872195991695396,-3.319492516304657
89,-0.2953419756493676,0.4524660466949544,2.5098852224217465,1.616431032796264,3.5859900627916477,0.5706784044462416,3.1383543897222226,-1.5400180743254963,-1.1812308124330606,2.6118459685264592,2.3795300115642757,5.318483106406494,6.6978750679788455,2.922847548174402,2.5504606196624855,3.990116469925251,4.0152305969715005,-1.3259887608867351
90,1.144661407338692,3.105494776144859,-2.341258004455754,6.847366358246008,3.136983262344641,1.7734191205254581,1.4733870878127848,3.145891006607073,2.2448100633388615,2.234744647273806,0.7591966633919673,4.384371446776986,-3.1933769764746778,9.460593428292906,0.4847666266405155,1.8666052107387663,7.722718895178387,5.346336789534382
91,-1.6274118735364551,3.275869508064755,1.5251543884899714,3.9591741682121104,3.3060838724592636,2.1751455687948336,8.079033803046972,2.1742107991493476,0.3019910713972226,2.8996562007555053,7.529310494109469,2.1289945675374753,-0.20185817731439748,0.36363293060610014,-0.11967510455774688,2.672817829683396,4.3155980692534355,9.028988083244544
92,1.5138280308306724,3.8885273945213314,0.35881478436697734,2.023372805250034,1.8464743793534808,0.4440940417706258,8.011807699150248,-0.283081544151938,5.411798825323741,2.141177896028142,4.244667959428936,0.6646465967457014,3.232805355807955,-0.2578319631272845,0.34658944126774927,3.3092534351070695,3.463957215637214,6.185173769723591
93,-3.2514519848016956,3.359670246030367,-3.5565164163142695,2.6318553470611907,3.1947069056367203,7.494220277279155,4.1124684171939965,-0.4193719349467854,1.4016976714887872,1.6472927282136118,0.9147780915508117,-6.300466751785647,2.023771504957132,1.3049216604485148,4.372958768192833,0.11875787520918735,-1.571631703693301,3.2380890003993814
94,-8.324907466526453,1.2662978066347441,1.9767076960063217,10.47940276712651,0.33182654295485614,-0.41732473883960286,5.4446867829978665,2.926658365823074,11.762419123307781,1.37417409769471,1.4196232702484652,3.0344662446938995,10.362853871989516,-3.0961645644064077,2.3300786406975194,1.0806180091646316,9.469350487046821,-3.74037744332022
95,2.0210982842826017,3.4944963256534822,2.7187355037961103,6.972934311136375,2.147746455067874,-4.7772671616680995,2.074579589197116,0.8640423345802182,9.97361253416167,3.6529786720356574,4.899288746445857,3.538996382585174,6.606962307626903,4.609207211997737,-9.08149284418505,1.755508239278674,0.6502394999109007,2.970310100563839
96,2.6284952699316224,1.8750216058300064,2.2773087515997896,-1.0328336672557024,3.4600832922235116,-0.10447573245604269,0.4374288960538748,6.881822653005377,1.6663033102369726,1.8504509084298681,1.1337665722500452,-0.981658824028939,2.26424273008645,4.646535867853137,5.500292040304773,1.321268494865909,4.399627017451391,-2.8687023839019594
97,2.6077007999564175,0.296246914008071,1.9278355935501252,-7.854733281040351,2.249445107512831,-2.0070394610305184,1.145098477984114,2.2890653143247333,2.301958001650241,2.369167438430062,-1.1817950584085164,3.3963930988446513,-0.7568381422198849,-0.7681502600165797,5.879436395603783,3.1977033657406317,10.765934212971501,4.342742734704842
98,3.3838660821678777,2.76753982765785,-0.14577125300767113,-1.5687728984403284,0.3580495223106035,-3.023885561342712,5.118152549432542,3.7795499617663153,0.8713415765347917,0.0461606490062243,15.338663369649638,1.1959722047819104,2.7126720543552567,3.176443644043756,-0.670605837689259,2.386292748349697,12.311803386949194,0.3850225343934559
99,3.038641588488281,1.3980262605944112,1.7819539865546625,0.6938508972237489,2.2380172757052037,-0.9427595338972521,-0.04220101185895864,1.7841538430835915,1.3508671661568816,1.1827756856360887,7.766946984383527,2.282947221861576,-0.9689280861622622,2.1461510168761015,5.561040242777429,3.925816857368855,9.228263824908893,2.4417228595256546
