,1,2,3,4,5,6,7,8,9,10,11,12,13,14,15,17,18,19
0,3.0722601621962626,19905.003972840455,0.6281064316268931,8.292794592542172,6.682472082669253,0.7669597104125789,84.16988205151863,790.8230142862471,0.0380717925125742,7.781542179644017,364.454265481953,56.09730438929518,36.639254218076935,121.15926121159573,8.083019888087662,5.363307767487351,59.143893726953365,5566.959634198236
1,0.7068969864341152,12351.938880910322,13.528635160479077,9.034112726908486,-3.6055744402462295,0.9624386899415791,-0.9919306209833074,132.6115871560469,2.2412387155692457,5.989461566859551,186.1386435312873,18.927924613015115,18.32466177858185,25.810730895234464,1.2410872006585754,0.38146652865753644,154.20805391016145,3456.2133258619424
2,3.922461810781911,37996.50602931106,5.279774823273277,30.46431378498397,10.12832149088489,3.390337183244231,116.3707517813883,1291.242801714089,2.565042754528012,23.149363320619834,620.5234944815502,87.43980778208325,62.15944328218354,284.37910127033035,10.085094084268324,12.95305622860822,189.96584345014,10628.093147610183
3,3.0396272690725854,25918.78221226106,5.610984812623901,11.401961432534447,3.37211581500296,3.8973382527005698,56.96958527507369,677.5086797630589,1.1475753461832854,18.470705315218254,457.60944323166905,65.6532730951991,45.12527542315425,121.77083269101581,6.147715998008156,10.8202695556488,154.31723890265786,7247.973136919996
4,2.2257379406367277,32372.7136029876,3.79942474899191,22.906756483043083,13.719203458949654,0.43805693321150097,132.5473205487562,1296.3291033657997,0.5948599313983927,15.635844858283097,517.2430481675498,76.79626868067425,52.03174237112186,254.902484292042,10.406334665921259,7.164222297219015,143.57501435475726,9058.69266506652
5,2.300809293619098,22967.380690812515,20.23033704273142,18.932638992626284,2.7976046904643486,2.6023194941990173,30.46167869190628,431.3248702644214,3.1640717486705605,24.203905778449933,232.40919663941335,21.52813379933427,23.049137846122083,128.34901647475616,2.119873382829603,6.7512850242792855,322.67153039229595,6421.875196870192
6,0.8842327703580795,18524.62211526277,12.867642648769174,23.77089405061717,7.52665182136385,0.5203126810701564,55.94763433921789,697.1793678699161,2.0640129851933344,5.2477753731699535,200.38986275785305,38.99023406080934,20.126566707958368,185.63953412580847,3.743448678973687,-1.1465934756678084,164.77091768361,5184.976074592194
7,0.47208526641177606,5701.0996153464575,11.069650431726066,4.256419611743572,-5.4865082108191086,3.172200989579607,-37.152304036540386,-260.4850298303171,2.562908315010617,5.2334303454146,87.11330652720822,-17.457172309372325,8.283563026016411,-14.996217167458292,-2.562409162439934,5.559029999396409,129.72092788226777,1593.8925095421862
8,2.399502791114175,37393.204670344385,12.221540907627439,35.1534782278255,14.573401873182101,3.097352607397387,102.13312756578614,1202.1007860274844,2.491071239417913,22.834002829675246,519.9153001300275,70.80184068729396,52.044023377905795,327.2899462438963,6.661539578466102,13.892900509450772,263.99209851842664,10462.448437051158
9,3.9733925127697334,57230.898640527485,18.173154205895056,48.91145609187923,16.91466256093841,1.557090639277464,176.02107915469162,1942.0579966029925,3.7114135721154633,27.926763330548585,867.5245649906419,119.85283554341964,86.39165264907668,445.2971217770254,14.991249926279046,13.229766071386102,351.8874339955578,16015.234575092798
10,2.6340097648075163,14579.42157173005,6.188926420520577,14.958276880925201,2.957687262454512,0.2732164294311241,43.45004837268728,559.8722332357787,2.1450478950962184,1.7134618550945264,215.90970533341186,44.71625961957053,21.986867880825578,119.12146309783772,4.331246712888566,0.5908533280412163,82.34632869821498,4077.8404032202207
11,1.9306068685425664,15156.449559544606,13.21911685408576,3.8230951246953992,-3.6091212685740084,2.4089584719199806,-1.3729751714054377,114.72947054443132,2.9190800685829625,17.774105011961876,208.8205437908119,29.30591300359258,20.890279798011832,6.397042573014724,0.5670373854784465,5.255143803415965,214.26906179133275,4235.857829042607
12,3.504362110263955,34246.89171122451,14.501692882613174,22.407143740170163,6.925647217601609,0.030123798702967886,103.75861141130997,1121.1037779487615,3.2620464844520565,5.9782713063687885,577.172764652548,81.69759152486816,58.007408644859595,212.38822563205042,10.173389288210315,4.745217282627053,189.0171951093015,9584.569352468798
13,2.0792457495269807,46505.496648339235,20.276942996396507,42.62206638456504,14.377629570402757,1.429639767686294,133.96223670402892,1554.8945837613055,3.861511999820788,28.32836521183103,609.6140155519063,98.58447364133401,61.19221029915241,368.21584870613884,10.241335382522246,7.160114063366732,374.5634643382903,13016.71046698977
14,3.758199090487805,48303.846017221294,23.61730874606437,51.80404134795279,17.010353401016403,3.6073428887122017,151.455888213439,1692.622995998932,3.924918829935182,15.830409155126127,650.6023249795521,82.36752230830349,65.75940016447798,437.5876542925309,11.284732687972722,13.90244493753243,347.1263986113455,13517.063785637014
15,0.7807636905869821,4555.226445258396,3.389516427313527,0.1673983573636022,-2.647507805856238,1.2321148835287605,-29.062604937789644,-138.99020025678394,0.5051668033645558,18.802474382573134,32.30368088607275,12.554927155984442,2.484805377445576,-13.435808180104955,-1.932115705441632,6.666197589231905,113.83199342827491,1268.4690591167014
16,3.3972229882583025,51095.07130758995,1.860759103857948,32.068110922412245,19.70212054146221,3.2689078496500583,196.09256400350404,1946.424534629884,0.4832117803410054,29.46671503756559,859.8441802217029,127.70176842027757,86.40641474511706,381.3238740053533,16.16051907067643,18.254558239805153,200.7592644948225,14296.508395477302
17,1.681340038818961,33593.819764244625,7.613436717450666,29.582552499780775,12.455844783763016,2.04130790857787,102.5676441671495,1125.509345921631,1.7586385040216745,22.793181322498583,490.6545718323501,63.12049535291017,48.44668816290892,278.3709609809879,7.4460508760987105,11.742876593383107,216.16954376848648,9399.275153950894
18,0.1984934605093449,16583.077979432102,9.53307671320039,13.118389007140122,3.0377503048307672,1.2727582215548057,31.94205159611121,435.2083188756235,2.102787897977947,18.778595832286072,180.89909419404984,35.79850210252225,17.553202596217407,96.64495350097891,2.4125178282693494,2.4321069715686456,195.983425962694,4640.241616132626
19,3.4830852507818677,45725.46356792575,21.196259996348775,43.53431272779292,16.78931869514905,2.8327757354639216,123.71398778492853,1407.810751467271,3.7823381930644038,23.13823395944451,621.4562626545011,69.77611309074328,62.208231772549574,391.66259708921973,7.858867701791962,16.7737482181408,355.5992001852887,12793.944809426868
20,0.35556718900426176,-935.8496762286513,8.483713373732558,-1.3338929752847681,-6.811035901572087,3.942209370655413,-73.00858060061336,-565.5963309776807,1.2298082576267606,4.746405739142148,-14.782082931148363,-27.243095452317263,-1.4437806070280503,-58.20025424220474,-6.249510670531974,6.551576924261123,93.74800759737023,-263.76718156787604
21,1.126316360697385,26649.89166917452,4.626009503623974,24.73272574575412,10.417050704699246,0.6052102700349598,83.62527205353886,935.5679615990572,1.6781090907837108,20.880544471905928,371.1228134991653,55.09670953974522,37.043657088974,233.01682570470948,5.845456660830569,7.367641884119262,173.63745393703314,7454.830660074518
22,3.32364253334971,31079.907128969266,15.630352763690196,21.656318067523976,4.236897953919584,0.5021552548466186,70.8563003228844,900.2640769519811,3.2723562322762203,30.713270132232548,388.3046543174735,78.62192637155357,38.33928610045184,169.02410273070242,7.2600946911972954,3.7140049200831737,313.6729077628216,8690.913101657143
23,2.321884711347257,22806.794757863125,9.959147341417964,19.63460907091802,3.866221342771227,2.0985449195923174,49.32725154585025,619.1904748353744,2.0469078995448635,19.810490074267193,301.9896660982368,41.58272488030642,30.02367673168552,156.16316189960008,4.385387026949779,7.725811651574855,208.58150856761154,6378.368436342898
24,3.7435001776393637,51932.014850396314,19.8089097067359,52.20127982110227,19.549125509393694,3.8906569972186182,176.11171452667264,1865.9488502380293,3.837030684686421,1.8037166593528422,835.3492180433007,86.33552690302074,84.92799731574269,471.4386062479987,13.551629792718492,16.294230557239114,246.24075829814055,14538.952774950949
25,3.8240115243906136,47361.17914179069,18.862013502548862,47.32591067566619,16.115133507987103,0.7492080680814324,147.37419906712603,1651.8579322841958,3.71582265368178,17.144955230449533,694.8131008096157,89.93919511672775,69.234788620246,403.02296632526924,11.467565721250796,10.945733390850927,298.33352078858155,13252.500050720186
26,3.500961879496347,45199.50856080048,6.683632557451588,38.0611195097017,15.243899730115347,1.7895403192807833,161.21467261352404,1702.8721626221188,1.578889496592025,20.987418611045577,732.0471013062464,104.2665219134362,73.32957652659229,367.1628369083348,13.24548049609167,13.436555977394567,201.67868529830258,12647.356706988247
27,1.1624898005519215,21502.566299522514,13.970745077391706,16.470535479680574,3.440609894301178,3.950548228468887,31.720133826026753,454.552647788928,2.4476442655388366,6.869184921044249,323.9401428444999,32.0466767314982,32.53179980803247,136.97212702664052,2.221318170133076,11.972177403778682,188.77345659691915,6018.316542677183
28,2.471572057931321,20372.449856723168,13.857655519757767,21.420392785310547,3.0334105328913443,2.547449040445138,36.75349737594749,557.5457409337988,2.5650421876114478,10.996182274482651,249.19160612880052,42.17527085591363,24.88670881187918,154.2758364857288,3.7459422944691823,4.610752524714002,199.4610952222355,5698.929252153253
29,3.0312306233790784,26602.056705258612,5.779496724964533,14.34478496919377,5.99801435919216,2.0545708442657085,78.58291608818563,826.4835049884122,1.4478812509091399,14.817715401208117,456.6814488669876,63.14930726201155,46.26840697763914,155.72770687660935,7.378270199634806,8.421824100258853,142.3730713580362,7439.792577806675
30,2.8386391317779376,38057.362120335514,17.34722640506983,28.201681870016174,11.337660843921096,0.98933134783368,101.76253491762105,1105.7277336337784,3.1303193060782957,19.805164517839557,555.4109865033066,61.59479749382973,56.02263951496106,272.9131580173532,7.661454865237449,9.915727188278664,293.3670717157728,10650.283260898763
31,2.3286298229090745,12009.466908944623,10.880085269303086,14.466568845321293,-0.20270934771521637,2.9341556113183156,-4.78173426046674,105.25154205408202,2.6729192859072715,3.9444609428639534,184.26080414072254,1.7585566353523578,18.749186327292385,79.71395565304647,-0.43424620418277904,8.37983536965882,126.45537773332254,3357.6603655477984
32,3.7142840056532522,16086.709663323249,9.06865818928163,7.369053220477823,0.6915111062267609,1.7287198444276037,21.449259785407992,312.401151902662,1.4155368897436866,9.98109077520655,258.8981516608348,33.78945844574292,25.441586627818594,65.40050381110761,2.992844185947039,7.277692846443767,140.59334571215467,4495.470655371699
33,2.1256740158977965,18407.908358483175,5.865817184780823,21.57185092431405,3.6957503700888092,3.582058114356484,15.820586787786674,322.4776994202286,2.4127722925275807,14.086761121053224,289.5753674374666,9.677723723483705,28.85639832084836,150.46950020891333,0.4454378438257107,11.271696625462454,145.578513347446,5147.356579370893
34,1.526244507448478,31336.4702893915,7.168447090949705,23.640744947080176,4.111775177923324,3.931722679769055,60.44385977997786,791.7544296851416,2.3649153744614604,21.70052014494015,533.3490711242072,60.75148245987757,53.31731786562883,194.98464330848432,5.951645637063895,14.677494055300924,195.07579032117889,8768.456684538225
35,0.2654545015386609,19116.198402204012,1.0382118716932534,9.118231044665103,5.096471072047412,3.679108613558557,48.2299117103171,512.4108335792166,0.13772807526877484,14.025702640124745,353.0545962601729,36.52396967140445,35.247873968452225,113.42902263503991,4.171850072148416,11.017921319719457,90.76370787302498,5351.189951344988
36,2.642416222689024,36706.73610635625,6.348986232984176,32.31173576359585,14.495748383033362,3.290662901425039,93.86247969465529,1093.3254032131942,2.308809479390038,33.08140133782543,515.0064394198214,62.56998393852357,50.84522040509735,312.76567224687443,5.342142132870291,18.473809909262705,264.4182981641931,10266.65860402103
37,3.018840711106056,35169.94384654981,5.196967049510833,24.97982130568232,12.591626022352045,1.4761915422190448,117.24871252652757,1244.5883898535187,0.7827443800926033,29.510913607229515,526.1602207370106,82.99954033538945,52.525382689140464,259.01005872801653,9.153668875404001,10.060125636653217,214.5953593488933,9836.286892699592
38,2.0130817899534414,30268.269849999848,10.360691085173158,29.363368539428006,10.905129878881999,3.5270773309021988,101.04112013574155,1122.156921779324,2.030872472493338,13.996433193508345,413.7948110573649,66.09711985266443,41.797850438563444,273.4972811010111,8.025989334823144,10.463271397542957,195.48683816138552,8469.574963819567
39,1.1206953379646563,9434.77366693383,8.560979893040336,-1.5405760978291374,-1.542373918420137,3.5824404706454023,-12.90355017834351,-47.36121709533388,0.25934933063213705,22.6247362272213,86.65928660655374,14.971927103470728,8.32378377341012,-8.707776900246307,-1.6158777841544487,5.726553613754925,189.81158656551725,2635.340085733184
40,1.8097045310450581,20501.38203519716,15.799096212331095,13.968147829434166,2.950939355061207,0.7177378689733191,39.45951613588873,503.28365303761825,2.905636364375504,14.104962454723694,244.21652908598807,40.493789798770294,24.567564232858196,114.68872002761634,3.2754688662945552,3.3391984249922797,232.54966902634442,5733.923144933995
41,3.185504660976179,38852.11726448686,4.367396956499482,30.7466523657508,17.15316787169381,3.365840421290136,155.59337455219438,1503.987247700811,0.5867246746136554,0.3153682203587418,719.5114426257358,74.67854779086967,72.6472043176975,340.13837544226817,11.67654155591339,22.358720602451143,80.8130858705992,10876.261147187382
42,0.9399048899689899,20023.7034707403,9.79497470640627,12.811318041335436,1.6519291311749604,1.5988253438966473,23.14163567563475,385.87516371475215,1.8415520564873242,30.198920329680845,232.95896783356022,38.05870473183922,22.7592765647781,101.32886693897593,2.163774458589167,6.719207584984048,244.57382747597893,5598.444697055897
43,0.7895492518111644,10815.066548325243,2.8403554996862006,8.371648939671907,0.20165911480670107,1.521242663170689,8.642909660729442,193.5723617919311,1.672584328566752,12.717712441944567,167.83106632181193,21.96203851251111,16.66450109347018,53.37165968190708,0.5373899613581883,3.42042537010163,96.70644752244891,3024.3732832112732
44,1.9935013145146412,22775.136399222036,4.421152140379309,15.986137096662793,9.04374473825941,2.5006667719340214,68.95928443340047,692.5522788954628,0.48661358153139433,12.558178044769544,378.85655764016724,33.72345313924523,37.40918495894479,174.5604795658005,3.7067599853307858,14.776168773207779,122.13366941641742,6371.398146673358
45,2.59617955143086,39999.22559587957,20.640102723237675,36.34789422760614,9.81784665558992,0.8296702487733878,90.75123429508261,1125.7920726894065,3.643189562736356,24.98894190684357,538.8703646867068,66.48255479601659,53.25438327541628,298.11541946225907,7.527993759434137,9.70815101352107,349.68586538324416,11190.922393258068
46,3.760923212265713,48385.78493560978,12.317133616610947,45.453321520145,19.361229064537653,0.10827302554688334,156.6774021992745,1694.078668391067,2.583119125052846,33.10193946744964,673.6658017401461,89.89507573389582,66.81755943248304,419.7584891525549,11.148216223627397,11.205413588847588,325.2337895410928,13535.568175820143
47,1.4587574785449529,17741.103182050094,-3.030194966008035,19.40107717301682,11.341021593286243,1.9963998564749459,58.5278076651197,691.4934763885141,0.2181003660947063,21.66849678054192,224.77489324149903,40.864922750754715,21.924392433741218,200.66505829495642,2.332825192588184,9.243124917831398,98.77454657696413,4959.677560165888
48,1.1323275484786168,3638.141505384789,6.076763894994037,-7.895667186706251,-3.463806600201517,2.0931934220756534,-38.98542395371884,-292.5781156236038,0.29140863933466177,27.3719308099485,-20.52125843419928,5.446797213583647,-3.4179631099054655,-71.95087062164619,-3.3003290227418174,2.7308007604007085,183.68707726903457,1007.0016056359669
49,1.620553683497369,27628.846762200777,20.90736586642727,21.120045577621344,4.472030435006925,2.213585993082183,40.024831843982824,582.0537132508296,3.104727296295024,16.529253198156688,364.9263391629923,42.9684305101599,36.1584081536595,162.8722244473022,3.1735351058081047,7.093261837962076,295.2433285116916,7730.772708148186
50,0.6859932206191242,22089.567906596774,13.568936492306133,22.5865724555161,3.3691276740956178,3.9431772369570997,23.49613274119347,444.38797417239994,3.106948036351833,11.387707572694678,319.5969865239922,27.51944241033198,32.09964672116593,160.99361669066087,0.8112106586385386,12.817420584290193,201.90275561574768,6183.948669502327
51,0.05184165984637401,9160.511158899159,15.326575411673662,17.32915812650905,-2.5873369876040138,3.637525968217942,-35.38689417302604,-53.21304134329812,3.3360226315802985,15.84525921920475,13.03962545166448,2.61624175036739,1.1046495644775494,69.96566710595269,-2.676379768674509,5.059585741974816,224.892939463841,2559.9335059284294
52,3.91921350288648,33420.394471538704,11.645074757392338,33.728495844969856,12.629410597306912,1.0715322228409674,108.63714093577552,1217.9916365022716,2.045516290641934,24.383586299342646,410.6866401562344,68.69128031889223,40.718979077980855,301.16513438969673,7.580380130789268,6.371220990286717,261.7872938550314,9344.067445988989
53,1.3296822306090972,12890.134074613032,2.3403326870263097,15.24065773459766,4.235372928863272,1.8808147302214717,18.409073579780266,306.30074631879955,1.233299933690681,19.216692689442755,142.21935586326703,14.382126462843683,14.081714461965806,123.3776432231647,0.4898172626330686,7.723834011261577,131.85523083754669,3602.3103192514395
54,1.5343986198689938,13317.790768700437,18.00760834153311,15.838475398188605,0.18663034967865233,1.8532907990172673,-8.929910197311376,76.78640581996339,3.3453587533319067,1.2186391651853017,162.59450775174818,-3.9357882097429733,16.596378816267478,89.55266547095178,-0.5474326351503511,6.4387578152253955,187.41085630031353,3727.0809456901675
55,0.1441995014307511,22744.94209872875,15.25223624142526,21.674137262630847,2.5513011604214064,3.990956192073321,31.946031108862158,546.6783710059491,3.4205491657621567,20.561042728001322,265.1978323859658,45.556172881805445,25.292496496588356,142.67448213910117,2.867393803139876,3.928199848569129,260.15069844384635,6365.192642685487
56,2.2022021646659473,35340.457644815484,17.892769191236855,36.594035467806094,7.626932493984861,2.379808360716066,91.14658294823387,1137.8998491249192,3.641559205162295,11.979229980609489,498.5356568783439,71.82385835064534,49.729201433431854,290.7309593702042,7.941698259462468,10.34865220458447,256.46501363883596,9890.518548828199
57,2.478260927417877,24667.71644226992,9.398399640167739,24.869202326879584,8.358389889329555,0.2156011918354208,65.96955446398192,816.337213891748,2.123542119306576,30.515290765245958,236.09251073909147,51.810956603509055,22.577478654758053,213.1619753505369,3.308674902832056,7.148176907165316,264.5037500470302,6895.246860470476
58,2.5759618956109556,37374.7662746233,15.422268923423081,39.35239849518054,11.49895738155169,0.8834118727928808,101.22078656547947,1199.109910416649,3.643686364810159,25.06597602796441,481.97351741651727,62.21163873514478,47.90673082952404,320.28567105131947,7.5669584399101435,7.2118358049928455,307.99569223777826,10456.958178770312
59,1.6887678745545291,19656.11123830895,13.12900034911917,14.360829405664088,0.2806998950481612,0.5233324606542697,28.323085951122096,452.38951176481874,3.098072925710982,10.114697117449856,286.3353360435953,44.43551046619577,28.839216960926787,97.42908918752686,3.567926048126208,3.705356748317687,186.58093684794244,5498.971178012063
60,3.155449068161208,26476.87746509093,2.435752531838534,15.62128772127067,4.192250231533748,3.1791326720668613,76.2660493322892,852.2802025759963,0.9693846786550058,22.732452626941672,443.6591524270259,72.33329955486786,44.25475069592856,157.97572881778783,7.686366800600856,9.816043733106612,139.7418312359765,7401.817033101627
61,1.2291746244439867,15103.208832152943,12.144920316632541,18.133262527277154,3.8111401798486826,0.7693742119660132,38.12205259960078,494.8133634693844,2.854615235485089,3.5063121627793437,170.03314252051945,28.677753212194013,17.090484688443816,127.29135994160866,3.3201359548680096,-2.689604948324414,149.6053056573777,4224.886169429754
62,1.2879272754555893,22985.91835897779,7.532081215186326,23.91148147861695,7.117855368394018,3.0550862487263313,58.32305000829883,733.0557550106345,1.8071211358353656,24.123033141352447,276.5039748417497,46.57236507012059,26.713645753008844,188.7867103627595,3.538944014370823,6.2843330381356175,206.72810994166258,6428.306464477483
63,0.8232260218074772,8095.404016685138,6.155667399016856,9.091264432729503,-4.052224660484514,1.136222512530153,-7.092380998627603,128.7317187138318,1.7383776501141606,14.897429708503854,76.86609820963258,29.904958705752726,7.164568017935002,22.556778501760416,1.3980348130653069,-4.385159820473706,125.84517325911109,2262.1222579191385
64,3.2422892618544807,30651.9665949186,6.038221039084841,24.58419406857135,10.447874730698373,2.780915415937131,72.9455700474846,888.8758854675559,1.5617321634247348,32.3621011643127,421.44033520481463,61.24829897285749,41.20664805111073,233.9589969489895,4.38617759920169,14.06693108217237,241.31068515932324,8568.168848584563
65,1.1986248917979268,19941.632078167306,14.863596383706936,18.884972847313684,0.4545310373853214,3.92829535324626,3.482787421435156,257.05347396202785,2.613828268246581,30.662160648135764,194.99228017590923,20.184338996066174,18.55967248322074,109.82859335917405,0.35633845013072163,5.760485068678995,298.5470641968289,5574.751913412611
66,2.1792515473166336,21913.23140957236,18.31602950194663,25.423988947116822,3.5720447922074667,0.35724380542156364,20.863454332996657,464.5311297199446,3.4857471648009115,22.302043369993704,192.555543383019,29.795305506432165,19.003080002647987,165.57212713631466,1.3823131100825847,1.3248850843265336,307.02290268781877,6125.334175570827
67,3.1025438263807863,35755.152330842815,14.536315385235788,28.30213565038372,12.666238541691087,0.273053487542954,126.84617882766814,1301.1641943725479,2.0662663103812973,6.704828217975899,558.3516483508645,75.77923960925665,56.525370692162035,283.2487181941285,10.558349799434705,8.499386155390015,193.5914593589044,10007.73797031422
68,0.20314876434762086,-9768.959639518558,0.6104200443394794,-20.151539118980473,-12.198367752246062,2.809448779977153,-64.0081354911939,-620.6967644215703,0.33530924623052716,2.346955665302887,-110.04160268969319,-9.714510296590342,-10.708953862284975,-197.14486879086218,-2.4569584776402094,-3.8661549350819833,-6.272986429646964,-2736.637620401594
69,1.2001220895513507,28466.7835814388,8.8916796049715,21.53667644898201,8.52453114135673,0.2090394058943872,86.45347510884055,938.9226271904093,1.3704025617273716,16.863642339059265,423.39748365414374,60.87677098698376,41.99629610657814,209.8117732676176,7.322482552585931,8.072003422451223,189.57952702305784,7966.981047419798
70,3.413890761522307,46019.03856076915,20.46303063539162,36.70328250225454,15.098546783294626,1.2479706192947049,128.72156509068174,1408.926444715779,3.8257530412594165,19.341850205566182,677.2810894249981,81.93855655803723,67.90186600588524,348.12425882094567,9.491329969438524,15.720950012820026,329.447349303811,12878.740981603149
71,0.9538841836499676,28784.28961787856,15.917984737479827,35.710599025034675,10.430464666947483,1.4877321829869743,70.97491410026683,909.2286992708281,2.7906475000919895,2.7720276631137333,401.91715595570486,41.54813624066541,40.56582918500162,284.43231219024057,4.815374522248984,9.41369014738321,201.48562532692216,8060.563624348278
72,3.0253271129754262,28362.06133996732,3.2387414703732516,26.697490569506684,10.599042224862222,2.0805512125807577,94.66652210551565,1087.8066336757333,0.5525282471237114,23.095789415812966,393.729519968117,74.67507515656216,39.319801523973425,249.48607658568287,7.6882695399550744,10.78914827069354,168.04341916025237,7931.6572424305405
73,1.3500665959027356,11251.108403390466,11.645158493710298,12.454625029810622,1.8993279310447622,1.2739832310569663,10.004755601848984,214.56798666798014,1.8809595070366458,6.58723481531613,111.74778379123505,11.884933221059242,11.26264890891392,82.28907339691246,0.4245990331554559,2.5391738073495267,152.21520131158346,3147.5225847059564
74,0.19727072710673754,804.5341036400634,16.442683147688363,0.683376621903115,-5.968174404466466,1.800253286063226,-62.99991931178593,-412.1005594335276,1.9404117320155887,12.213029613353795,-110.4437022145488,-8.906110898062558,-11.49376295308371,-53.860800252603674,-4.50764679449929,-0.8217113278626325,206.60028306379905,221.84076190941047
75,0.3383226211112631,5176.3413255406485,2.313522729281482,3.872185033162852,-3.6131480640030866,3.550548532936993,-38.295289358941794,-230.63192738328652,1.7143611101638463,11.97991327151064,108.34301858664926,-7.544310002930438,10.457982649355095,0.40964989615839287,-3.5558477797880004,10.944028474784265,76.21737049160895,1446.1192900870642
76,2.0037080270561143,22755.868447160898,3.8603841928120146,11.37120723237531,5.973377209660561,2.4843438508541094,61.20710380692121,676.2048811180898,0.011616498536667574,23.03415221020206,349.65939080299046,56.726933701993666,34.71392214197807,132.09885026348954,5.084017232838712,8.904305265048922,159.54465384554285,6362.128738316412
77,3.771443501552151,30544.13931865267,16.797640491016825,26.272870362902296,9.292732417126812,2.594048269394373,72.25910400933888,871.2435741460072,2.710571363483119,11.009263784897328,439.2125880042391,52.438172560123654,44.006431701111445,235.0929836605183,5.8940516079690815,11.457526124869084,236.1799960210139,8544.632089126675
78,0.5055664300618967,16445.94801243667,15.398837522471972,24.37147731615183,2.674549345945725,1.7670034374892865,23.427116272050426,448.5921235326708,3.535690547691739,6.2704863660940084,153.8754545718017,25.380257493097098,15.61097353616517,154.64066026382653,1.608783379773634,1.2366820259989009,198.33276426000936,4602.3902398466635
79,3.664089688278047,45301.94873674658,12.219239954123985,37.37019114767575,16.865386153594162,2.876879650291012,138.28711717138185,1502.4155948796722,2.3380347463578883,18.075634297053174,721.7963870855839,86.49316929855284,72.7085931665059,372.47252161098635,10.313042684329982,18.234623427998095,242.40667123213552,12677.125826521025
80,1.5969692276414809,12943.721130449552,8.565285132409885,2.015332236328854,-0.547228887562837,3.645332738300718,3.651585115587352,89.892904066727,1.2451425102280562,16.383621224697702,190.5120600172003,14.935984028651767,19.313965011015434,23.822333942623544,0.5149045017784726,10.176619802831071,163.9163869450115,3616.9760143776716
81,3.12295910836064,34398.495807160216,9.270663774587021,22.943231548260155,8.870983754051066,1.6439372009059978,101.89875891936084,1134.3540484785426,2.2151443436056897,24.62719409920597,518.5909618594975,85.97966720728891,51.722433965248875,224.28226730830778,9.31394955503349,7.106696502928269,230.38912517364085,9621.851491188756
82,3.650514469772168,38717.07679343782,1.7444270978646188,22.808313185356674,14.907613151553491,1.0540923476016006,156.58955912769338,1525.0628394344733,0.2320669553483632,24.958338291570506,633.5045748376658,100.62802483384756,63.501328982241446,280.5253796418577,13.196982670383457,10.465331459487901,164.5203700671096,10831.432994946868
83,3.1536653464947,31945.69875870027,8.613308051159237,22.097680367612256,7.296743527450441,3.331476792110142,94.08804035159093,1053.7434383545483,1.6014408926437183,16.40509283125379,518.3189872393403,79.17399564306466,52.084463017827964,211.8839478641261,8.769653349633213,12.351252965170572,180.07111176746469,8936.828502732033
84,1.8455372564922374,25123.743110822805,15.030975271799322,27.00286088160277,8.860576681398353,2.986949383185592,67.61410652573241,791.392242385203,2.661587927063709,3.171180754656705,349.57753869890036,37.981338094326205,35.43079990978319,223.0325669450974,3.4527724733591127,8.328961146558816,187.94375817130162,7033.764935175878
85,2.3423588598280953,39139.0989035367,17.00039309339302,37.92036705435349,12.502033526889905,1.6454912948260954,113.26780908181676,1284.0051216099066,3.7801803752256586,17.14892162917992,554.6045625211158,68.56396804942332,55.54351258259155,315.9333359306238,8.619357636532332,5.508496547312073,286.15770678046675,10952.999857736475
86,1.5272577116787152,18840.262177428904,10.782724381250468,20.000232191383436,2.3910941528821072,2.866517454237171,25.766565561861743,445.3995396185085,2.8195409039383383,16.970383119775093,224.77627285822484,31.410570393568744,22.37675471462934,137.07332893800165,2.5572181843874384,3.397883621285712,202.73912139916894,5270.38957948178
87,1.950647647468923,29706.913113649265,9.330796190345982,19.18268921513318,11.991781197550205,0.602774510484724,95.10156149364566,988.0444234612472,0.9070744072746808,10.240161525393908,479.4340792972543,63.48879257649649,48.208511586484846,217.6596682736442,6.834621951135206,10.162531499031186,165.00583038046506,8313.988932192227
88,0.6223130694345227,29561.884810592244,15.507064360723302,39.11345423422614,9.346747653574784,2.7868511104570435,62.45446172812069,841.1350552287308,3.5567331176121653,8.496868568103075,416.2946507495186,29.541549254286615,42.07084486326717,295.28592159426915,2.7420971336273245,12.437849121695074,216.28341169807237,8276.569355243577
89,1.6868115864222593,17350.217779209645,8.69798575653095,13.186689569713845,1.4565978956578962,0.22574586532826713,37.837042290361836,487.30241538057953,1.5739986831848722,25.74204221043724,175.22464091421278,42.00521217279267,16.942365597797902,93.54536967849208,4.051290726111253,1.1372269519222884,212.89549063491893,4848.270482209601
90,0.6534766357374098,26317.71945185877,11.199457862379703,18.62921522829837,5.3705906912250825,2.3964100117558393,64.57427487176663,736.8632001012538,1.7717219304951262,19.870435940254076,373.61061209636927,50.96064115889914,37.01684076931289,166.58857760377364,4.991274519124016,9.486080691056138,221.92032821752616,7364.053532626078
91,2.6403305704147786,6860.525037342908,-4.601517983687134,3.002840605633294,1.118259331246434,2.727311206008988,34.17447786351252,357.1560613421112,0.23138981208960852,3.9903375283516387,146.6919722650874,35.43645847324859,14.996319498442503,42.37060714881434,4.577877116684703,-0.039919688648756946,-17.654253376833985,1915.4635502369388
92,2.6959584007679185,39966.29074103774,16.897839123994157,32.54811626816615,11.169368746783435,2.957845520388651,111.99372938316338,1226.2061148782163,3.255338120750451,15.832074678042655,606.8610063717674,70.24557461103973,61.38600649210161,298.0365394639756,9.29324960525308,13.310218394405696,272.1683146893612,11184.527333244678
93,0.44828644012454744,10634.034740422054,12.209303882204317,20.64297193364689,-0.20751168598964043,3.3116398109479293,-16.770592955811402,72.57363133227719,3.244098416415799,3.613198288166137,114.3073592786932,-1.2641737881334159,11.569591181320908,106.23066628276126,-2.311512680327662,5.147103227384505,146.22736441478358,2976.5046155614696
94,2.4833687655538195,24334.180604040015,16.82398918539738,23.562270821715387,4.121673690035836,2.6337919529732354,45.471329756542296,636.7835077130038,3.4763780730483553,11.090848950479822,315.7221881206469,43.1345000749413,31.38204049999867,179.0145510569441,4.1882089404160965,4.080603612941536,231.1902146433275,6807.175523459859
95,0.19077331744896942,10774.381010923555,21.455098630423834,19.707277528186168,-0.36007394945376126,0.5231378634920696,-9.266509283308697,133.17147366270746,3.905543819147341,-1.3390018443355682,51.366989836089,3.8717907794338715,5.238110851002697,95.10111999297268,-0.8838991337341061,-1.1180766708604506,209.49442140077525,3017.6705336678606
96,3.6606054770847996,24509.68895435459,14.576264825496384,12.627321402393077,4.738811124659209,1.4754182505733415,66.13179491529637,671.2643779760716,2.482354726994057,2.7427326412554365,409.48478970501213,45.52691790119794,41.40872923129549,134.80921335024627,6.366305496656402,10.633095345640882,163.94864384831993,6857.648549499839
97,2.1703444557453397,22481.060059406704,4.036377144207682,13.254876839971027,4.14672922068967,2.1020675484372973,45.935207797317794,553.8186226134814,0.8196482673744594,32.9941028297351,307.4845893946648,43.91636669524315,29.756174631210783,121.8548301369471,4.020129227272134,5.876404017195959,213.04056312180384,6284.948208857605
98,2.9803644836487577,36127.27805047285,15.548493668385214,31.359064122103558,8.311931529647861,2.5747360269398323,86.95483321462304,1072.185965756914,3.088741554632446,31.361243574520763,456.09120163093877,73.36554859041378,45.04390521618343,267.0643277453314,6.709680008291405,10.936818533494684,328.00556093637834,10105.132491035694
99,1.176633639095813,21833.21274124718,19.261083108586174,22.713724929061755,2.6006378921519815,0.08871744678709392,41.377027984620725,610.0277321625406,3.707138032066918,12.187385927118644,225.35654109223137,45.851998883159446,22.279765802897366,155.961051187493,4.214920516598726,-0.3169157833944163,257.4377870946405,6109.818321063738
