,0,1,2,4,5,6,7,8,9,10,11,12,13,14,15,16,17,18,19
0,3.797852812998343,0.2872277149522309,6.1897728915369985,1.019959559918946,4.776635266529682,6.578004424212557,2.2350673935666725,5.2992782193560855,1.976807761895972,2.3833467953704397,5.277009743370258,0.6981905867607843,-0.23285756288563952,4.375203290367802,4.128993238025689,1.5298807578010711,4.201046070996942,3.917633185084439,3.341106017593056
1,1.7700916383399088,-0.1529648025274133,8.526457277894682,2.3591696934083255,3.7648445668187356,8.651420940474374,-0.5359195948883978,2.842297042038209,-0.9699566253087739,-0.2980596591942217,8.11134047811084,1.585046051137853,1.636330547185548,3.6018068257679925,2.807111798399936,4.9662979816821835,5.961180582469822,3.6099512370434734,2.515484785897152
2,5.323450682716651,0.33183025079266315,6.1460334433771004,2.7850659877149853,5.211590871117785,2.147855198679634,-0.3662124261651887,2.1375526010660972,1.4966355838391732,0.22264265637917502,3.686469686604263,0.28592614068887423,0.5588664542241641,4.2107493634251565,4.866613289504947,3.30324272614094,5.442083515500612,1.3588646304697458,4.224930735988901
3,6.664296662980075,2.477365304556308,4.216337156828736,4.297328207826547,5.693894816219537,8.568661138679282,1.3949434384411137,5.851374029615473,2.4725969770063307,2.7378430358612973,7.066245054503419,0.6106045443989747,2.273176350922719,1.794729050676092,3.441971582905956,4.09360966944527,4.618874710401066,1.977045652890185,1.6008095564636857
4,5.119397547998078,1.9936125847684931,2.769385172069379,3.4659334284584586,4.465081337003158,2.3309078990636127,1.1142790467526158,2.576311609141926,2.2139737373780304,0.4328257868136879,0.5516160063701658,1.6630007311206558,1.013744687794315,3.537626064312007,2.023824798814124,2.59600857461608,1.2858495193799344,4.447680543685298,3.432658936213227
5,5.589952768341697,-0.7459412298033934,7.111230410690388,1.441987189045376,5.4966679438492765,3.359018211488096,-0.4155336326265555,4.551919509655596,0.6502272834529155,1.6400950879957445,6.1798373319893845,3.6599966258487138,1.995408784407152,1.3661830459109159,2.1922473921061987,2.7704910542596095,6.126451795110571,4.866555139605824,4.605164047897373
6,3.704641741911159,2.2207140780116497,4.6179339994997,1.3718951304185643,3.334573118301197,4.6336629580442175,1.3648543793806036,4.401812834160458,1.829449787921897,1.189852474717568,3.0109111233606853,2.467780369845453,1.5350268467447445,3.7015780314657616,4.3289930449844425,4.88392233427461,5.283594679183946,4.852875500029735,3.1521525565325206
7,3.726216219523722,0.4415488471797062,2.8595171219004407,4.532130529211714,4.197128721174158,6.714631420431458,-0.5160326954391936,4.829274749505925,2.21323428569924,2.7636145587700045,3.9324513063201403,0.9768928695781312,1.1932395636833435,2.310795330583356,4.028933384847118,2.343482171206216,6.193079916098695,3.177550832585296,3.301398758032606
8,5.79931085189315,2.9419635339922636,6.154368312483117,4.13985178664794,3.1881005251724,10.428110961881236,-0.5965462539607047,4.970170517923297,1.3087040329261281,-0.573825039827379,5.599178860681599,3.115497643417488,-0.4675617867248203,4.187119859026582,2.7295302396866408,4.4991058627478155,5.043405666562161,2.5060882297106857,2.190289460310901
9,6.622042928513628,2.9420067396749046,4.679207511007117,2.676359970049956,3.614815227188488,1.1814210049789113,0.7768767068187237,3.1085049095079706,-0.03427757530007214,0.9167490895852288,7.067762109866103,0.07546973091636189,0.6224706894468273,4.970818653679741,4.434045110655912,2.9180507861070373,2.2883077764144,3.242711767359139,3.1005595967452146
10,7.897502614522574,0.3569068031203946,7.594251456766233,3.2797293960022764,3.9855681893319916,9.897474246531882,0.32745572867873474,2.947362220066653,1.1366880638168384,-0.10666880941902868,4.517561260964699,0.40720385697499495,1.8171938690359988,4.461570137326866,1.2168837609329954,2.6892704547155404,6.231798995199141,3.0529102612593793,1.4938655245770773
11,7.465105904686758,2.9689524371961604,4.0748802854258,2.245988383026993,2.424299811857911,4.348200895863487,-0.7954658462863647,3.2376192581125465,-0.4697210716247684,1.946355217942617,3.5463966825543687,0.6318640040148227,0.13776351814688215,3.303083795514413,3.045227198374442,4.707261700342851,4.6908573348450755,5.222084254178827,1.779724788529983
12,2.5500009585194223,1.0509417579457192,4.528975960788598,2.482017614978173,3.355623110432674,5.3192431282849855,2.0264871277254697,4.6772043551732825,0.5912890395637134,2.0058482653966183,3.3085817921842864,2.475469744634398,0.535613789365788,3.209969453811923,2.6998753177956605,4.224944712339521,5.859525116883486,4.252774034914248,3.7666374228129595
13,5.188564291142321,-0.8589647640854037,6.619143358926773,2.35862025241944,5.280270777099668,4.821240296723974,0.20769819351310925,2.1941705622557417,2.7093292232252515,2.9855270795412236,6.9176551888957345,3.943176828386597,1.6766430771944765,2.4974251824273885,4.715921477366095,2.9456156620107503,6.076888726728579,2.0492662886832558,3.6733002254958635
14,6.498355093609772,0.8898617137738709,5.935056778042062,1.721397898127147,2.6315518039534718,5.885897387586661,0.8611219753439899,4.277628541785955,2.0986515927057887,-0.3133147465908168,3.2265662950972853,0.5061173207833218,-0.1677716491130039,3.8152844444525904,3.5509486713191025,2.1792597508674283,7.152488418940173,1.9289670262886793,0.8813695954139371
15,1.9081621122392258,0.6207932142862188,2.40290087197074,3.5209176004770524,4.296007297736844,8.722681770126874,2.365167391266069,4.576217080175681,0.10306111739075896,2.908193048472261,3.9749158590372176,1.5270795856057626,1.6863010941620655,1.3115888161580807,5.453497730082537,3.241894338583649,5.245191339009756,2.6806572224293883,1.5128192314700386
16,3.8061842913445996,2.873587763674436,8.78140610129124,3.0017778679520624,4.453338344618453,2.5672515540257503,1.2502533104026652,3.373262669507436,-0.5756761170635245,0.49462601052520494,8.068764057233832,0.48436094933716634,0.9858625302826551,3.0011469802603243,3.91748244360383,1.6112222837413248,5.478227173315153,4.144507953794173,3.6892148883922187
17,3.4082149092578975,2.1973158104601946,4.542319451779887,2.3989844091944486,4.153749310276952,4.8284495485467,1.1549139272232234,2.9668888577266674,2.945647039384933,-0.177398144351403,5.046553222480278,0.5777804378553253,0.7286583510041056,1.186105928969725,3.697650456465822,1.5581767596071527,6.981233068622448,3.543688591424614,4.043761521195959
18,6.160016440497345,2.129458553676716,2.93456766997487,1.9445504455332014,2.653660502921498,4.990971059255031,1.9362229410927558,3.207409232598582,1.6742038359724976,2.1424320844498173,6.828607969232919,1.3257465999841846,-0.18370233367317645,1.8253044078224816,4.129730973533789,1.5202296426859379,2.6922070895815025,4.378666372011124,1.2474165101663917
19,7.561273166600024,0.38547081961721663,2.3978042289531354,4.029168988299849,3.0926367735743643,6.781466333021129,1.8436514892753981,4.989418054930264,2.9291859679569874,2.4663937395508873,8.727662929420466,3.6262485430857954,0.695272296228388,3.8565540880964266,5.0274476459749,2.8421785119975596,7.058974803785802,4.6434544530357105,2.9566307438319885
20,5.254295706994977,0.9076073163687259,6.285260812781315,4.596637580243222,3.03866873131611,4.436894375883726,-0.7864937265907361,5.116642580599149,2.6960057361328476,2.1389706358252356,2.5691321837718846,2.783533035141051,1.4510018173571302,3.1048674671533902,4.296576476904038,4.360182734834675,5.439172056215907,1.911000962175558,4.017193049094418
21,3.975740386002651,2.1586214513199318,7.17681828178555,4.837436575269837,2.9957804994242765,4.092862069782812,2.88789724640686,5.844362489523656,2.950936722768208,2.202295485275432,5.339428531018532,1.2645059000473746,1.1660187225485363,3.571957020941352,4.262250641356595,4.36983934128304,7.200818656135485,3.700806480570449,3.8119376572448274
22,4.884612327547037,0.07284662422617916,3.273586043663159,4.325131038648802,3.2159826119814756,3.0724809630731356,1.9534568157053498,1.605788758933599,-0.639764331014633,2.04291226754099,5.3276709435611345,3.683773135665584,-0.6249776228912942,2.297850009590331,3.6762877360485424,2.1726123987922232,6.398965836075672,3.169783270554795,2.2439066596277493
23,8.266874745889094,2.7471536522028464,3.2106210789327885,1.3344893650487117,3.2732421991211638,6.14817458501709,1.4438738078946727,4.55960458054845,2.349864752495871,1.8150942325832669,4.678311141795065,1.1009495899172972,2.9334913981531097,1.8116680898084074,3.73512076099598,3.198895454886931,2.506621573782492,3.9147292148202135,1.6363769844964353
24,9.093785517224273,1.4279689890988916,6.206665389882007,3.292038303272771,2.7509909108804544,4.5690130254890695,-0.6553572897074301,1.7988697305149084,0.08657715174374081,-0.17791308661808847,2.638858862709413,3.7372350885224064,0.6165215863148776,2.9078582673727005,1.3663568702168782,2.2214199324687685,6.345939066966573,4.039735844530682,0.995494473341823
25,5.997728936171571,2.9923216496685625,5.8304372109763944,3.988005310423029,4.46053380601124,8.313665837444942,0.807252404179511,4.862506149204337,-0.42277568065377646,2.3418000612548013,7.914697157238223,0.6003401845844771,0.8032110087169522,4.6660442817475065,2.5957291524849277,2.1191580111423347,1.2961249586186003,1.8838008807898707,1.6166882594718675
26,3.5700706101991413,1.022954562393601,6.8308642289277435,2.8493864118122403,3.7318218849215903,2.562999976184363,0.19196455629962328,3.197954797710873,1.6835969096472903,0.6316890814275498,7.04721972025923,2.855972100032609,0.44696463725816704,2.8682839843688095,2.441124719869503,3.3258943988648686,3.462501347647204,4.833502077109644,2.451479483256574
27,4.1399312889946644,-0.9724486500598948,3.084300883679131,1.38400433722689,4.819203090072213,4.963224258521033,0.17410834536552933,2.406536856056455,2.0967778338648397,2.049551500267727,8.048615575593832,0.7242924623623717,2.3157578010907214,3.411941643339847,3.692492948067421,1.078091084586748,5.439674838673998,2.33519315532484,2.1138024935488335
28,5.41416823220381,1.6636856998240548,5.952323695778742,2.325311457977386,2.457815846586262,7.132057271945028,1.7325267153284907,2.3098634668426823,0.42373903272240643,2.080750749907827,5.420218449612673,0.9351406500689505,2.9729806220466886,4.6848457184317835,2.036174287196644,4.756229230810283,6.598441903855384,4.9048681899242075,3.0250296750079095
29,9.082091333676011,0.20644728767104636,9.504627660760391,1.8983050806847817,2.6057389073605903,6.873225473784542,1.286142396485197,3.939885350504338,0.4698594768779767,0.9645221642886153,5.886445251358853,1.863449656951559,-0.7849883049108102,1.2588452157709402,4.064344323562338,2.5124085549755666,5.98721970486208,5.511759751272829,2.8561142741667815
30,2.0963462144413274,-0.4039843129629994,4.793980349931875,2.6631295167005034,2.0478518684868505,5.83743942634138,-0.7000386958493123,1.9979121910022486,0.4713576924722751,1.2902943783913445,4.138517346249634,2.2910013690540807,0.1204315972572787,3.670017994563588,2.888515448519209,1.5509002620070804,4.082802463033698,5.421435241627838,4.246350978609858
31,3.828265316357562,-0.6518369464735536,5.508520837032619,2.4372234277663996,4.966582116286007,4.42357524601583,-0.9485365336137934,4.821999130179115,2.8872495325082754,1.4328547365835478,5.685665861134256,3.5752834227771615,1.4360898161185918,1.309375279768568,4.292454363166279,3.2084166000872476,4.136209922885911,5.81548429353022,4.402980009586434
32,3.1379671255218033,2.1374556607916495,2.0670060225737914,2.7570066025041964,4.586418374771915,4.171807541593144,-0.325873737642204,1.0371003893923003,-0.6911744376436992,-0.6598796482095131,6.34020285155484,1.8687267845881452,-0.21821911930383642,1.99385024119296,0.3017791730282955,3.4812425455474405,4.825122486891549,0.9832224891419981,1.3781879357980262
33,4.594743444962082,0.7215555562910487,4.854811178792521,1.22641589467529,4.407344874131607,0.7961361666207329,1.0076271861604957,3.650719352273381,-0.7335768569723051,1.360892281280431,3.4090819869148428,3.166616222666908,-0.5687569270752451,3.2992627017388987,4.576334370960069,1.0087373520497978,5.026382465387535,5.797455945460545,2.1411532898085794
34,2.2217543990267856,0.349867939199926,7.262222977754375,1.864315137761316,2.75452963362246,4.257139382325534,2.2374450535651556,4.027956369198558,1.1875997477455977,-0.5308006491110517,7.013221842453608,1.2097804861557586,0.5931123301065888,3.0040637048109895,4.472098687001953,3.8743987077512725,3.379292176423721,2.3268153782553287,3.5439730052491796
35,3.2337165951838855,1.1885833920229825,3.3420772035293416,3.4607914507321946,5.386124966055261,4.233386424024923,1.415727521882772,5.0933343181397355,1.8491129690379198,1.2553506928970413,5.725476481044592,3.0607918009340382,0.8311771110868311,2.783524394385285,4.266797321807133,3.1394990067646384,4.846418554945296,5.312621484610949,1.870024865182423
36,3.3639192269601565,2.8513936669051545,6.232270957694641,2.2977664335126238,5.5960787315448535,5.557025252854096,0.06474129906227655,2.87058467566674,0.6069147100167906,-0.2583554962917205,4.17700897284971,1.8105554462956728,-0.45644630674346187,2.567995245055321,2.6729926905560526,4.04282061319166,5.367271296875268,2.7427115338821006,2.851506858189326
37,5.61815088206974,0.8056651968879596,5.585166546492346,1.9024074599015868,4.933107102893569,5.494848961128059,0.5613132639424092,4.689010421082606,1.7343385921243613,2.0829759104567147,4.803801187649246,3.3819764713170395,1.9876936278449784,4.659178101917318,5.672438022029285,2.580203711829291,5.640486099187672,5.25980905027828,1.006774250931139
38,4.665933933171086,0.7569105833864471,9.955263005538274,0.7150101402464104,2.539092229955937,8.81179338985927,0.21804759854119726,5.189091864324792,1.1896333311149232,2.3531323814151572,3.3329533483454887,3.092779578653346,0.3770044574874776,1.6434727943690177,3.2917682048444012,1.0454803644696908,3.7024061329893074,2.4580495990520173,4.270367170215138
39,3.059415292244785,0.513906424235048,3.470871994678499,2.07881858986154,3.482616461893717,4.520244946061622,0.08269501672023927,3.4801378954763194,0.1771536458460462,2.7151123076512302,4.818865866189161,0.5846556118719577,2.825128019911771,4.665867483221894,2.67786155898331,2.7588972490840455,2.762198243739489,1.6922971160707871,1.9361748064974171
40,3.773725201732317,1.6024471994480909,2.8580854007058116,4.126731229057638,3.490849147365725,8.990411651295242,0.08943416879383959,3.0974619410640236,0.0064212128245060285,2.806622765647757,7.100069527609746,0.3866800467361573,1.296547537051715,2.3196879415950713,2.0928131498705027,3.9376778431148924,6.989493010099774,1.9869680750607461,1.4439874675403686
41,2.142155368943903,-0.28317020227726664,3.4385673418681453,3.5280602133122323,5.210367915622674,3.3568171901234773,1.7653756881151201,2.8562371481833826,0.3174088604587052,0.5190624413319578,4.8992083224359275,3.3328894964225366,2.503592783342312,1.39279331862955,3.8287309287472895,2.038915425899177,2.644393847011745,4.52533327920616,2.2355209467341863
42,5.396379106640509,0.5088432139319351,-0.4032192431080528,3.339369243001998,5.921115720199193,6.8166743379062025,0.5051817044683361,3.9924852384434937,1.509973257534165,1.4749255008342668,4.963586574887578,2.5126201784642506,2.0001612842243026,3.876746630286298,1.9010133595075969,2.8190989264004154,4.632317813218601,5.001974053092594,2.676551385511129
43,6.106037626574108,-0.4675942424768391,7.90345591610218,1.8511514723308067,4.425307763865135,2.7226167172479796,1.078227627666704,5.75331048005944,1.876902956565286,-0.2197039262660394,6.314065586789484,1.8202418320580844,2.2708617185765005,4.854308315960818,1.8977766721174478,4.444885442837983,7.952665963192031,3.1465474226034034,2.426357765534893
44,3.2612053525340317,2.6866855366467366,2.730164695268023,3.606723081468761,4.089947437117109,3.8544166504744046,1.8059203500728638,4.507991417644636,1.8769262414120567,0.553119529409323,4.645384901545974,1.0912264573314572,1.8898598238273017,1.682729055422663,5.056330541666595,1.9389186373863287,6.2639395934431175,4.6155219663768285,1.1871488394859164
45,2.1799585995233857,-0.5786867557311934,3.4485711136251123,3.615147858105417,5.954766776699522,10.202154430618442,2.803131004166791,3.378052145089637,0.8946139012737606,-0.16615424355087605,4.070117867341751,1.8192275487826564,-0.3873250955085743,3.951505077541205,1.7755710368883415,4.260386880479315,5.7963161497763425,4.35104804482767,1.076442414690189
46,3.2804540377397267,2.4561271397664424,5.372307116710096,1.3644852807647516,4.317397571533684,2.8178413322139844,1.1464604818020514,2.178163878863998,-0.005268380746624057,0.47735791505641556,6.270222685243798,3.1529120850661947,-0.079321923790586,2.254018286592608,4.215458045417162,3.7937995976812005,4.8571357749535755,3.2589362301169276,2.875332246027145
47,7.655163792197833,2.5890809073008314,5.539831333260521,2.8310164893733623,3.9971085236639285,7.262950037740309,-0.43545438305648554,5.513272844618676,1.4197238595321982,2.333656431020195,2.6236444684027167,0.08323442768509381,0.23054688869113749,2.238761035673884,3.422502645556135,4.9391066991935935,6.400924035644735,1.5860515373291602,4.469720974661909
48,3.9650845516789825,0.9142928977317228,1.4466012781572974,3.09771418442319,5.620200325723544,3.7862899896566256,-0.2691092885397979,2.9936827876276477,1.8501755752712958,2.8508266688278594,3.484638177380976,1.8315851638998037,2.1997937792225186,2.8677939263883223,1.9109857164773123,3.900321454001123,2.88377199056605,3.2389560361650225,1.33560182879829
49,5.825262562780667,1.1558023464927896,5.234403340568523,1.120778056318294,5.979851742237314,5.42113400049544,1.0169986200170527,5.444531266548307,2.413645888346256,2.9210570995248792,6.073184904322373,3.9276217942045304,0.20995469947745837,1.4508123427387494,2.0301376003608844,4.672586732407137,5.3612654549310275,3.8255980054467607,1.2076642434874243
50,2.027438429625578,1.9253740961347974,4.08845832252546,0.7168984723182608,4.366110901571638,4.105114660258774,-0.5955518320911672,4.0328343180806545,-0.12714998327954552,2.674899589511707,-0.6079343782910778,2.04707184470353,2.2961405945093922,1.9455534460606256,4.41076351195464,4.009433856367053,7.768936717067303,3.2075659389294775,3.6508116998335582
51,8.125046188450748,1.1882196457325709,4.17179202082726,3.3648364948772733,4.227901924006554,3.5083204199150044,0.9121691026393676,1.7810424024133868,-0.3682888907259323,1.9617075283789809,7.786225876911791,0.6030781957143934,0.20244427787672792,1.0506497540532034,4.926674995201309,2.0943898128762792,0.9317542237246901,2.8391492068524,2.577016224199076
52,8.178697430153907,0.9923925646470964,7.193445826889281,0.9053918224107602,4.6464212397787605,3.742310260777,0.4515238413264572,2.0634476568910656,-0.7677250013529635,1.9499382557043168,6.098004791061955,0.27447157860923665,0.474309584306714,2.6693963468024915,4.089208732922944,1.0543936601318658,4.361910708771875,2.326521051936348,3.3379753646892234
53,3.861421632015428,2.1239341907113407,5.841085921086932,0.6743419309430005,2.764367163686362,8.173869823395485,2.5981000711836275,5.376112927030764,1.0208359110980059,1.6528172681219888,3.4470289628068302,1.2141539311739495,-0.3795356457723189,4.292708982315914,4.300431586423622,1.5982343970472326,4.671501183105975,2.1440002282053734,1.098477809448851
54,2.8296407580941048,0.7389159432321235,5.386966935297422,4.172664230720978,3.5333398324636787,6.714614212640616,-0.4755415996114034,2.395456271568081,1.306272452661815,0.3050855611229799,2.5506765264990423,2.4840953977437845,-0.26548591616189077,4.14994166397547,2.5526107759560395,3.1443705305645278,5.1413209314433095,2.694523683840094,4.62681564423883
55,5.536753202185608,0.9667255958504355,1.331694330069113,3.0054381591031594,5.391042750564479,4.273046612444375,-0.7997082524186545,3.876701335275587,2.138756696338217,-0.9520140848057007,9.004715955041148,1.7796986206081635,2.2973129084194803,4.3111681460634195,2.4495757198242916,1.9214440234274868,4.997827019934775,4.399732030258196,3.2157286698118983
56,5.759350834040571,0.4201440689552284,2.2948659835067,1.4486359242438418,3.554706747193448,0.7435712943614776,1.6244426693305853,5.5836237564341955,2.5949646416517576,2.3543303956941926,3.725707298128037,2.9323931237561194,2.237597941945513,4.089033837195403,5.321299121322038,2.100665798957352,6.945711202399081,4.008594508050278,2.412894013082885
57,5.944396202565239,0.9334113015187187,4.0005765645213405,1.68507456749498,3.113219490579209,5.962648652837048,-0.9906245274262586,2.42651104246299,2.6150533459577154,1.5338607898535608,5.1959143695042895,3.6369805312709644,1.3707910360863362,3.5789403941517977,3.646298030001364,2.0071175767751037,4.226874380964466,3.978644476515324,3.697944636055967
58,3.1277479697205472,2.9038648033579975,4.977372389000115,1.7477907207552006,4.305012940763072,3.7983430762690276,-1.2595224351515562,4.144349824707815,-0.5415583624236366,0.32006739312038257,5.801023612830475,0.47750066020915094,0.5903582331904915,3.310713185276436,3.2195474030380704,1.8676722182015437,9.07094138208879,4.6598304566621715,4.040905640361302
59,1.7884006836180264,1.4474004620619865,4.259830502436533,2.3721862728204806,2.577151491304806,4.956101060367652,2.0273089642900284,4.56655443525827,0.5484500576975977,-0.08153138846181363,7.381998382904978,2.0753548305167446,1.234061692345248,3.11884900971607,4.959770050019442,4.432777344444174,2.9040758387132475,2.893434769714292,4.152420583696779
60,3.449917877921803,1.122941156521264,6.35087834712798,2.56110323479466,4.563793328445065,5.139938573404891,1.0803425665492907,5.0644698410235955,2.883339373760336,2.9820144457881472,0.16031249690825966,0.8910059565846429,2.69906662826567,2.413333261672337,3.588718770824893,2.5559321962983446,3.531509455643998,2.3688007070276518,1.3237706219853584
61,5.037851999999755,0.10267420397030547,3.8802330093808344,2.81663382270106,2.548848713105246,2.0159038151912823,0.46435555807247053,3.5269863337438805,2.482177140686504,2.9889857313444264,7.262501127699447,0.05653626681166468,2.823431251732917,1.5364212483377626,4.052512621890955,3.9877518715610347,6.060431858259184,1.5333797691419937,4.110094029877468
62,5.282303457411247,1.3971758815170112,7.409436874790616,1.4310351572348297,1.1231552563164535,3.96370105413061,0.902087129885249,2.8870904649718825,-0.4126320551052416,-0.42365280934140204,5.538869014259702,3.83913637790059,-0.6992363504328951,4.527967955095907,1.027386083241066,1.069875885578274,8.003150395727776,3.683397312895463,2.0171524019103066
63,6.020602303471244,0.6136760212705963,2.847787954064466,4.154130651579514,3.928249159353823,7.534660270990797,0.18728398597419715,5.034479844785363,1.3468697738194209,2.4509459463416183,7.696133346355071,2.3993288584731474,-0.2822525127714317,4.129302870832353,1.0943968811689513,3.140901071427598,6.513695046325678,4.539596906001487,4.891523283133505
64,7.775165180178163,0.7924319485858327,3.547389810442552,1.9341792681225125,3.237779306848939,1.8128641626456043,1.8789113737853995,2.3517443755643077,0.16352601419775792,0.9082560160429154,2.596287866238408,0.2678876658073239,-0.01854636835577761,4.16271804679951,2.8877554869006157,4.8422946683643335,3.8289916135106745,5.48148102486007,1.7048182916040928
65,4.985033781710415,-0.3757564588713411,3.641569009338796,3.1704389435204807,4.06356236331769,4.74770735430949,-0.34172567542568566,4.187106564011378,2.974619362839894,0.2996413245356777,4.229976586008514,2.083296984613365,2.94971643114855,2.289064348796288,2.678864985570671,4.036821905323693,7.323014776892364,3.629904248276636,4.587496038112887
66,9.035010970697167,0.31974428032933,7.300844296774116,2.6432115043406794,3.0176974656927844,5.894224612229026,-0.3170630172524591,4.403186263573868,2.5110889648910786,2.2581401508994703,4.874390931887463,0.7730933792509589,0.5212323620701897,4.709895272348289,2.2905563655641954,1.6898871496892678,3.113320666370166,3.875056947423789,4.1614203492253985
67,6.2869965181400085,2.716536546675913,4.607006850938035,2.336048062653652,4.24380045062559,5.107256986277824,-0.5225818483297038,3.0422433877647244,-0.9950058849763075,1.4823310240986236,0.05032517969631556,1.6025783905884072,1.9086128953695443,2.3409118576315433,4.460160444738033,2.4113165323267416,5.395913687936665,2.2864683670761563,1.1526386008097744
68,4.816770980975579,2.3352593304503166,1.18547651351899,3.113977762451942,5.411725272403151,2.5390065325441786,0.5412256502370674,3.733326786406722,2.5424657934616466,1.6264928683203244,7.927049192191429,0.7783826395173978,-0.30248833840024125,4.181074581550459,4.686019019852536,2.6139434804419293,2.904026998234978,5.0819684315860245,3.8918288090573
69,1.5172318899133659,2.88600575231208,1.8299943804813141,4.085821638755636,3.5516553086600386,2.833229295867921,1.8841677875296488,2.4853876506875645,-0.6927065021751857,-0.2516406935834825,5.833537730867682,0.19569798797545435,1.753339248811486,4.256669195452961,1.7142393169902284,1.0747341179234198,5.719632970696882,1.8409323685924779,0.7391759254220709
70,5.231427315995587,1.215051512288856,7.953486094130173,1.918808666801607,4.606651439701293,4.049715016432869,1.0375108407993028,2.111811216779477,0.9533677009518312,0.6861458886556218,4.144124683163701,1.5380306374216839,2.7325021054164074,2.7932651559012487,4.012069682212724,1.616507191935134,2.643171925028661,4.804891306316051,2.633292045476612
71,4.642808942671901,1.0531770807402832,4.890388566333661,2.076341147764101,5.86616762117492,3.537010454397457,1.99633236741352,5.660827634739068,2.5628880677050585,0.2762401899807787,4.433846645098588,2.3830656460429602,2.9826881360727238,1.0538867068050934,5.637921964104452,3.6112967333808097,4.018262758274997,3.356355706250476,4.592056762294405
72,6.60930897651423,-0.007806454404462371,2.3894757682937917,1.3618698028086813,2.7037591044861875,6.565214812453579,-0.3879491343106839,3.251685728985438,2.096279044146233,0.7224123587685879,4.587721183465663,2.792802330543101,2.246817157817658,3.7609023503375165,4.651068782137031,1.451949828599627,4.753516504371879,5.3914048162741315,2.0009257616342695
73,3.364566276293375,1.0497266471306417,7.238734000737013,4.013781176562951,2.8303940863682624,3.363239362894247,1.7113506702956298,4.467849791332824,1.6095926364841668,2.9973301634393255,5.314743205277439,0.7335506386797803,2.4700438794858717,2.796059820998938,3.5900714903647732,4.721553066067312,4.5551460677250075,4.065506041646341,4.553353535135804
74,6.467843897408684,-0.41979776761421506,4.705896931790955,0.5887627542130791,3.970556979165422,5.59062839107284,1.6307324295247319,2.6950253207141217,0.16916565858004118,0.05258150200995493,3.2352128154500934,2.9137769705070213,2.97814242900051,2.431704686499176,3.252371500854196,4.269088198648383,4.9735405269847455,3.4383273977666806,1.9693680574902213
75,5.192304805507677,1.3232715107622832,6.977889785430319,3.9084162480417426,4.560195854700352,4.0238402071023875,0.9093421418192521,3.851813584732404,1.248249031119374,0.5937312205127383,6.135248384547689,1.13990285867173,1.235087754961917,1.320394871263507,2.8303254210348956,1.7523942782704722,3.1706931426040397,5.382616012235188,4.849147503073171
76,1.2824044927689466,-0.11001938662608624,2.27563265505849,3.075883798975691,5.538542889062354,7.7286441581225525,-0.94099202056774,5.874827374212579,2.456069227801067,1.483640158296213,7.5781130753138495,3.8547583905930924,2.5504382612937135,1.8794379131585526,2.413455962354358,2.2203203157638196,1.8436659039195282,5.292612127438358,1.6903881116371138
77,3.8933077210173406,1.3446996312262907,5.866500573470918,2.569645791404397,4.436077999718577,5.929258716319608,0.2390285951345017,2.115817949258053,1.607936289137945,0.3127315083905393,4.076538001637604,0.15898856578694276,2.3365834360828166,4.363236303035391,3.330652908431463,3.949732070364358,3.2650176895927094,4.1919862904691865,2.181473505510254
78,6.024706736665002,0.04951625650487612,6.002214817715501,3.7000964681964708,5.5243112167691075,2.6458990737291135,1.455953784931642,5.112858799943929,2.5145992151811183,2.766945626085642,7.319429411614598,3.7582810161115523,-0.28041456903018647,3.7438087782241007,1.6116386421834514,1.481984308759293,5.766394164963266,2.8508152580787534,2.5589315642502983
79,7.933157902926159,2.171719977988816,5.993430680677914,2.1554438717363045,5.167170711871602,1.8710411274731298,1.1470320806158156,2.7890386123322615,0.8651656838881358,1.1984803861073368,4.681313034708154,-0.2162192071439486,1.0912991962595315,2.174072643036653,2.174890726938818,4.7315407047945115,0.8190505410536808,2.9459921320988878,1.256780594007946
80,5.631723417923935,0.3158000077070584,5.433100537015911,1.525820941562729,4.526738681057456,1.8412156158466444,2.920592800695745,5.9779554264773385,1.701382200581941,0.28314881470103104,6.680709641320165,0.7963578232476043,0.37367517949543805,4.437638618456397,5.231644011861963,1.9116374301678896,7.601420007459164,3.1494526435718613,3.9184038280068823
81,10.240240638574921,1.0967264501412077,6.324339304617552,1.7699440200424177,4.579206112044675,4.703081421723649,0.6694110804561679,3.9228109677979344,2.1598370360971244,0.16049477766907128,4.4916559360390345,0.5673381403364512,1.0285722643960473,0.43116251551830054,5.517547567794796,1.685587621330881,7.251874824162316,3.6561043859791265,2.0673566774345282
82,3.95292541457356,2.889893255281014,5.059077812839068,4.60128182342622,4.395766116497947,7.608842125762134,2.7502693989232814,2.970822229146627,2.7662876865117774,1.113748770780272,6.738663463560396,0.49729683064219454,0.7135403751591727,4.6487918268418085,2.3952302045120226,1.6367099112841301,1.3888895458157333,3.064546123833077,2.1665516033470227
83,8.482376358219042,1.588347386256238,4.454609398678649,3.332917880322523,5.393582642518367,4.951378043133992,1.5633833346208532,3.356501050111299,2.2229723266199626,2.39050801147736,5.321774449979737,1.0930689083776288,0.5183998780115568,4.567397491235704,2.4776062539876973,1.5218034037661834,3.7300901349643523,4.112503757386204,3.2142926723673693
84,6.607983925150347,0.36577462576681086,7.0978777782162,2.6313537661030004,5.9265872791844725,7.640937326997851,0.7391440895163927,5.535520081622742,1.4913850668284634,-0.48927736350767725,6.554386067197229,0.5828195709781183,2.1232631680745016,2.798941324473409,3.289331975573202,4.476207592371967,4.455019320691327,4.60524349007856,1.5572657235350134
85,3.890749082235482,0.6431160255249562,3.458142653340577,2.927808775155762,3.536816475104539,7.104166315426751,2.647118861176228,2.346127746325278,1.0191403570815831,0.41940502872225927,7.4719711879925,0.7243831970850829,0.25937542592775964,2.0179618328883495,3.1695752597630453,4.1195197653876985,3.331307248233733,2.490005517363429,1.2336682183011818
86,2.377469536640906,-0.9930738953270453,4.258778661959643,2.0421070318378858,5.841171973926694,3.151317485042112,2.622797392258465,5.083159281757221,0.719698750413004,-0.7026737330180075,4.050490356844186,1.2635617383258655,2.7026442491009925,1.3689536550540184,4.758963970610505,2.43881749428863,2.6732802334106527,1.2850945388006902,1.5889752719289616
87,4.958540546976399,1.6802823404828189,5.765238633881429,1.2600308148752175,5.037099532319241,8.128004619107573,1.6326710870828258,3.279405951881407,-0.19767212085021613,1.9394202555562003,4.781338795530583,1.9239782894867465,-0.2939374395875842,4.193981294326342,1.361129545443632,4.610370330335465,2.943951570236704,1.7416077276964068,1.7010809648601857
88,3.9250228866927945,-0.4980157483180945,3.885804123874726,3.360577572737723,3.5582272801963213,6.582188828003289,-0.5956558384841578,3.982994833600378,-0.9351129273130194,-0.4553931485967997,0.8396471807597132,1.099865772597345,0.3810470089268765,1.3305592812455171,0.8221358029495747,2.245359738474427,7.309225260969301,3.085975799269185,0.3545458809052606
89,6.1588073338767835,1.0138500076854098,5.438769481225436,4.050920078676202,5.408671257503387,5.629567727269146,1.6526230739383285,3.1708827174180585,2.1926634805791485,2.630805774049626,8.601081372883156,0.3910338883814577,-0.8218810489597987,1.1637176115719465,4.919145777850384,2.932904748786527,5.133634933611792,5.230666957200543,3.894444798795998
90,3.5287528515303865,2.0184287064058912,6.546844464148309,2.613761969073647,2.833879646040054,6.7711773692852475,2.3974436068915064,5.001790541659275,0.09922144130671517,-0.5407827696937844,10.577335072226784,3.7939304973340082,1.3459513249724262,3.6320511768728623,2.5693871482396564,3.652620621167466,5.7509830863188665,4.219757176913683,2.215503545732402
91,7.711760680719221,0.7063362654615455,6.703854962976012,4.378519020023157,3.203586131673215,4.915286485165085,-0.3559955088109499,5.299200612812545,1.9834615274079206,2.876411426021679,4.2776747688737835,0.6801902286063171,-0.7516564834678605,2.254946275025349,2.5729760305432197,4.955771186202783,3.309447926770201,1.8353725025263357,3.2158830016040794
92,1.902613683426814,0.8445129802177147,4.343667329997968,2.2336129346195706,2.0580967463817377,3.6986522791542757,-0.785082850085677,4.968952395562988,1.381568860800945,-0.2647331228812855,5.857903355967192,0.4284076801646801,0.33995994193294354,4.833101996360565,3.280276481255412,1.3305219018472894,3.242849556992387,4.303689282169742,3.595017646559146
93,3.0541239746334545,1.2199394167558568,3.9223245465244823,2.9176771628799276,2.9131844442533557,1.9953085194023394,2.023892300685059,4.643830447370991,1.5905206326832753,0.8377825678756572,3.9952211285920827,1.0286724141552397,-0.6901821373068318,4.982037314278578,4.336605997019417,4.2626291550468025,6.04822739054819,1.7480335076120128,3.428564187552994
94,4.936494106425569,-0.08300430327150998,7.889069355336316,0.991123437231439,3.6274391346399493,5.239191286955139,-0.35738665203541253,3.7729778228219217,0.2876400038716882,1.4985374833084375,5.000154598287918,2.67788751883049,0.9077851860966648,2.618844900012841,1.9516615820856398,2.724047450076487,3.9546313147279957,3.260125582069771,1.9951121153492468
95,5.514388771172937,1.6323841016560803,4.532265819059306,1.317062936904887,5.35454875331458,3.3895661664934735,0.24647654041835498,1.7974976938015241,0.06638196669944363,0.7393013983777463,3.4012987942641977,2.344240107278031,-0.8558849380224647,2.8574495810068816,1.8454057461011226,1.9484613053737179,5.454916737420817,4.473129785760862,4.860436751491271
96,4.746976294496909,2.1379998547618513,5.033406066892636,4.7822308486037866,4.196065536815945,4.304116368104397,2.547518983849776,4.736443695548886,2.565225350721973,0.09705474859513563,3.7623514775513236,1.929468772928577,1.5047912643794015,1.4796093325188884,2.13383780927605,4.007750880166077,5.696510539763886,2.7899320952565576,1.5885372527248407
97,6.1450248594892996,1.8352669869874936,4.150204183195315,3.862962819425158,4.92353887183066,6.171490053153086,1.8454870068936053,2.8942907149352095,1.3106993932921542,0.8485151064154979,6.268768308779349,0.1517215497300266,0.8804865264789155,2.686750741452074,4.451768953541268,3.4405510311278165,1.8777761909295378,5.064508363327936,2.202841562420145
98,4.3984401888781655,0.013509488912728962,2.5995096030059983,2.7822210031545347,2.8852563371904454,5.133522040333662,2.755912857960217,5.000105351353469,0.17353640059986852,1.6966904811568422,4.040994769560074,2.4910746923029294,1.668704437322696,3.9315051199688797,4.235180776950075,2.25136194601767,5.178387919472659,3.862822184074505,2.6215380850414585
99,3.470367131407115,2.2246873211895544,3.13265379316904,2.2417524105530493,2.9616361128550492,4.547011222814899,2.711067836945968,5.297386220115241,2.751555389728362,-0.8428917191190586,5.517662533949521,0.2037242535278141,2.9618210634441846,3.0051941489988336,4.495856786738475,1.526795659833557,5.45067361354667,4.471586205717179,3.503668361981154
