,1,2,3,4,5,6,7,9,10,11,12,13,14,15,16,17,18,19
0,1.114205651197585,0.43899416029929095,8.046793504811188,2.2913707773405543,7.739850707539931,7.263981305130212,-0.012365616242778321,1.442097233116086,-1.1109945518365643,1.3696385080311047,12.461109732674574,8.748792831672489,6.066685420954944,5.463636203267498,-0.05171090556233082,1.2475952189319965,8.111795314965681,1.7818262482910978
1,-4.984682207596448,-1.739337027017293,5.003599582492823,-0.26121406196775715,-0.009013745708678744,7.4872853884658745,-0.2550223203861725,2.5759496496350023,-0.334799315607587,-8.542646683911904,5.033509278661363,0.0456252397045982,-1.6504323415268662,-3.360997214212453,-1.4263223078266116,1.9609342661257327,1.3863551992020584,-0.48349187712867225
2,0.7931600629001113,2.3076074333016745,4.373998203960717,-1.294602892560201,2.976453935580474,4.307687504791648,3.034848384357509,5.984614826689719,-3.9889894993824573,2.3895120803591605,3.919748803263703,5.489797238962635,5.124211230436348,2.4698067553803713,3.7272121453061566,6.491063722672758,2.441831318263257,-1.017880308347769
3,-2.090173397966152,3.403623233340132,3.9716445986240467,0.36278465030281626,0.41642815505581776,4.385313624760192,2.0560223511437457,4.220611232452065,-3.493205848577957,-0.8992166276109725,3.3890588084574076,5.843256526095606,2.609820108675293,5.725980806315597,8.166988325190689,5.730035624011761,6.655780059852116,3.3849745726168634
4,-0.26078677596004873,4.57631093845684,12.537571037604007,2.7932940902663144,7.158912640815194,4.7116489876578935,1.439185893114523,-0.1789997719635732,-1.0970292461438076,-1.661727259998789,5.807534527117074,0.3581349556073037,6.764917585555526,11.41571847966412,1.6767694100579007,3.775257564480392,3.6767844156352982,2.533410272025569
5,4.112644956041203,4.3813548637669335,11.459826638207996,-0.7503375236805041,4.57770682624991,6.077012065713599,-0.9612308210165575,3.699162832841585,0.6158462093885229,2.308495356004439,2.1369731122624023,7.197882524309504,3.5773520878787934,2.399087402633231,4.247595201826257,4.072806217861402,2.802012379688958,0.43875173620507124
6,-3.113497626007634,1.1813513774785271,11.472732794335844,2.4481048796325435,-0.16655863831269668,6.33674525200561,1.564031481258287,-0.8947014043163737,0.4518575079563969,-0.7831218090378376,7.355353965737066,6.668690795817931,5.5821355707708085,5.389511863338013,3.9014306961441907,9.611195850651876,6.825893037392196,-0.261173603118388
7,0.030969909756556724,0.5443546054115931,4.779476379215033,3.299471904523246,3.5518215474462007,8.16799208818273,-5.267008539833119,-2.583235390940905,1.2347249485524499,4.348270392363128,5.604102145586067,1.5136123786407052,6.987824521979192,2.0791437454012365,-0.4503537855392383,9.320786675334777,4.823862646978,-0.8887424911836541
8,2.2966368833544113,0.4513587716987204,7.36658741234979,0.03325425453024211,4.720794221237117,5.79002807764514,4.381424138933565,-0.5224936442309382,2.2293843203697357,6.51515640878099,4.415234326590691,4.714552246469566,3.9110511670052865,5.251486521037702,1.0775780349106525,5.477037452919195,1.0365513373189534,-1.2043581130150907
9,2.4305867808424417,-0.9587664016127524,9.35721196469481,5.578048927014752,6.615173831913266,5.357440126668612,3.4971364871330266,3.651082280656956,2.547942953509112,7.085962546481779,6.05851053367679,6.9576017845701905,5.044915316413945,3.061613763825126,8.890564767043486,5.786679148101613,11.739991742749643,2.854917859832426
10,3.1402774149344617,-0.5065474106883829,11.763298967303351,5.161397744963491,2.358414454742193,8.86253438838075,2.5281041313851627,5.597266914611545,0.45262280975281133,-0.34679627509485966,8.196854479904617,3.868666074844449,3.613401294686762,3.992432385912857,-0.25870974281305203,7.035610189907008,7.739617603248983,2.3130805206154283
11,3.835968227156725,1.6858485442058402,14.354139445287181,-2.0640885890544105,7.8601145383934305,3.7871124646165093,0.17851937029632936,4.027006361640271,5.618874552004115,2.6002257573937015,-2.464165236609519,8.517826420675295,9.3479926643646,3.040393066390952,2.98925653501588,5.499489176073974,2.7650129633202876,-0.8050918448545876
12,0.8890647636052609,4.5409043458689275,16.806210900858748,-2.3371727861122427,1.2433103989132577,5.159156980748875,-2.979528345028344,0.7414430485897112,4.666994674183254,2.347491270204126,7.1873174543732254,1.0099540882529183,3.4687999607322832,6.7612113455407625,3.7631132573846178,8.563825326988876,10.590660651267465,3.237921300748976
13,-5.840116486065527,-0.6434222288930806,3.443012064889518,6.37943242246288,3.755706851356437,8.941908850962893,-2.963033307569753,6.9012979490556425,2.6245082367616024,1.9090189354162572,-0.065520482730137,2.205971910888375,5.406252580524343,0.9351413297138165,6.63564810873379,8.249963174011999,5.328463360527453,0.7214937026540524
14,2.14194959691948,1.06386977221595,5.615914625306664,0.06604329782530682,3.823640031905312,5.932928268295296,-0.3967732712575605,0.3249479647059842,-2.7174574889181127,-0.3245464453070328,7.548870454515503,2.442239872452388,1.242501244955831,2.153718596042509,-2.780831137963161,-2.701371675863277,7.545030212492545,-4.6082728976072875
15,0.9111776774184542,5.106068496696833,7.8894397587833565,-5.610337349969004,3.5291427006831744,9.31579178879527,1.6771104202294342,2.2812670037405915,4.295277840770002,-3.0418440810732617,5.256381044416688,9.825663065754387,0.12744502756167275,1.2954104526823516,5.208398947287311,6.080838364148193,4.7200274146538135,5.386839649595442
16,4.938310637571601,4.264707857222337,11.655231330657443,2.40942443225485,2.0615710781224115,1.0369551980852645,-0.4921985607756555,0.6477907088218899,1.3727080285178377,0.9798538715495708,8.848370073630583,4.339817257281705,6.213057864555079,4.107044872864503,4.156427348453684,7.397700500474881,0.2603146748097487,-2.9923889710832547
17,1.9030912777962856,1.8487488509062318,4.2907578632037096,-0.7874912107264453,5.170354647050138,7.020658795344925,1.5315397786189364,0.9312664221740713,-0.19538431655981678,-3.6992475805650717,5.552366102576546,1.129792747997378,1.6446028544137778,1.2074825149740767,-5.390925961775563,1.2014104262456966,1.1072436280499032,-3.0734977357264475
18,3.5114233742750653,2.9417757502472592,11.79611761397437,-0.5587723822025739,5.226931722307832,10.630324182071561,0.4439135672099159,3.3890213789211887,3.018161391023263,7.279187634093985,3.9028096772527943,4.734964625191638,10.521936725643611,7.068306258744313,8.87635182096405,13.616951770134076,3.281690300426657,1.7507011999129498
19,6.747433372129091,1.7439676044685624,4.3315157398870126,-0.6641435001766185,7.1831490695855305,11.69464384946102,7.930940924726377,-0.19789731430424728,1.3373329128554694,-1.651565482242881,3.52081845664949,6.139888530714468,6.150967383548654,4.735235431766024,3.437817325988935,7.274519776486331,7.725015825496175,-0.5220894057033396
20,5.436210510841221,-1.4090400670737209,13.058129106381124,3.0784076054541387,1.4241165635434818,3.5415108019827137,-0.47513133335733626,-4.4319977678343685,0.23807334215553633,-0.35635416640023765,5.565304722671863,-0.37545429466285807,2.1261454173762693,4.240583090129461,6.608618826039308,9.280586292066276,5.8909428889401765,1.3948194579931876
21,-3.1689556912356514,-4.046273352273374,6.592044804824455,2.0463964006940616,2.0627434208515716,5.285858951596183,-5.2277257472690675,1.5730559286239267,2.6256272597297636,1.4620416485441492,0.8560640917441065,1.790877378497072,3.53640485251442,3.395751670627363,10.901737390654803,8.249605489392483,3.8884633722362647,4.359019314742876
22,0.5984920501875677,3.320940864680562,3.0107566849379372,5.240269201985951,2.775848316517412,-1.0448902974878997,-0.6990600816914104,1.2618778821751209,1.9811919335027588,-3.038232783160172,0.6382354329120972,6.627056404609396,7.253148573272044,0.6643067831790774,5.7309486980471815,11.748890053795783,6.912821184453852,7.4566584228303086
23,-3.950539085227237,-1.0051848617874581,7.872655239312145,4.696415758582996,0.8713619251559503,4.743166333259574,-2.9245281564835093,-2.6162976676966636,4.3763119032393,0.33261513713266,5.829895714300816,9.02942066217479,6.3401704321700105,11.207081195053043,6.3129463958172085,4.4439126876951285,1.6693546204026046,2.6766461250665796
24,6.216371781259695,2.4356652996198767,4.519721047809251,3.507956578384409,-0.09250656976772298,10.37669681479173,-0.5842594761469434,4.599356224048689,-0.33087738315169535,3.386003860045172,2.982735950274464,5.540102540794771,8.33988325021317,6.148050756143105,4.371151277664349,9.092475021749387,3.3225302994126693,4.004972327213659
25,2.214052709328091,4.235532430731624,1.9310481652407727,-3.574258865203835,2.285932570599022,7.533907015453762,1.518170331802935,-0.3108600896851428,4.154152114648105,-1.4693805623303968,3.648561736053039,1.970761611641599,4.669305601460588,8.073326037826622,2.9682593717519294,1.9676402700831055,4.9434132639966375,0.40726095036301513
26,-2.142498874971155,1.8085304117802403,8.526921659317733,0.59245038334711,0.958977707749689,7.108520910643517,-5.895160575526775,0.6814047754147201,2.874375512857748,2.1147608356733225,5.262806620119918,6.035212258760711,7.7382466083441255,1.925409192508132,-2.438498245075877,9.45107116553426,0.7374215841412894,-3.5373446743768735
27,-7.509722063425862,2.7703696803729505,4.558777366627689,0.6584197324912189,0.2617682838198201,1.5819058423373962,-4.024507411799814,-5.008651373713161,-0.298483774267303,0.5161911649202977,1.8031775464915833,0.8986833190568295,-0.5032234590890239,-0.3876530227475732,4.663705941495587,5.331542344586628,1.8445032021566208,-1.247976285581674
28,-6.486533895568347,2.2386030852676697,1.7121744534572843,0.44401423805282225,5.501362624354826,2.261258771227354,-2.3078028662627728,6.7974896685075885,-1.9364520966619798,0.6628544227223279,0.7477857923125106,0.8552378254168236,2.700475963157652,5.640536226892726,4.198359823829166,5.651673605164929,5.873939328614453,-2.1917254336541334
29,2.645224843832737,1.6831889864966392,5.565889954343724,3.6002148912052334,3.1429574674858234,8.470291287534096,-0.6432275290286844,3.2486874338466283,1.4063112569829341,-1.5118322910107698,8.521838606756063,-0.35298973261990607,-1.6113990058493854,-0.7801465921702886,0.9582965605706937,3.739893577810668,6.939482926928818,0.21461645905203186
30,1.0534178128022664,-1.3893644192665713,8.373559024637208,-0.3776998087755232,7.452970023724067,3.5662279689665386,0.056984009522548895,5.337710327781156,5.118838436626792,1.8694897580582568,8.607063647508898,4.450347702731379,7.3216669151217815,5.92986282595328,4.628374392987695,13.675051808401136,8.03624183870484,3.6188452796967425
31,4.685485429156076,3.646301408516788,8.851075125194594,0.6242613963009827,3.8854959346082745,5.6332458169351,2.8323223639397024,1.2226276232678301,6.358438951587172,1.4345167634581353,7.658366737575081,1.6690069315139624,4.775384359244386,-0.5988299930174765,4.121138911963597,3.047032566291927,7.543106362379788,1.7717133285875224
32,4.067491716063704,2.1155494361470693,3.8600545931835466,1.0701766518505689,10.275481757669848,8.4322776046956,4.169987317551098,5.191717085392964,3.7486825118402978,3.2783073544228376,6.490689861839471,7.202886542211903,4.228532055302717,9.338296375990462,6.12583162693649,6.991370613065804,8.917822321953542,0.016604101431075158
33,-7.970314514164523,5.834323297512714,1.845138878306729,-2.8398700968570627,5.743431727715796,0.11109060624633571,0.09554592361534589,-0.26049148608662576,4.794046889533517,-2.5210720629624963,2.2746434743143826,-0.7676938738485641,-1.405439838191255,0.6254944481293232,-1.4671312195464594,9.016081044427423,5.1123646396637,-0.7401040385916873
34,1.4586157174703906,2.5789762550760593,7.330605553659716,-1.45980781694458,7.275532668203572,8.396001644181917,2.0471955791218184,2.553608504476264,3.5059183158972465,3.430011783933292,5.737153988326768,4.114254739475711,1.2165911430979675,6.6771117549721595,9.345755052280317,4.419258741191538,8.014564704475545,2.051742680883738
35,4.84801052404783,-1.169861767368885,3.839520725885747,2.207822648630893,5.592067031756514,3.3634055951876096,2.6817507874752278,-0.8808120062056535,5.720883160586478,-1.5726870970151179,7.933792069395587,4.226428138218012,0.9756468269756176,8.550305320802023,3.0895737048539136,6.270160104830833,4.0886282836701,-1.438451016722479
36,1.6744140759225798,6.1522895290646815,3.2983163867270964,3.063808405795599,3.6791276608027994,-1.8477459595096626,-2.613419945222487,5.594776711155326,1.8124577247444709,2.837935636543386,1.8668960981395535,7.742464200042305,8.772480219196837,2.572953633620498,6.882494427692991,5.211631572586146,3.9258896926643128,-0.9852567494578621
37,2.2093454647206467,1.705979628108299,6.071810738053683,-1.4971207380588465,4.392935496546636,7.379583676273141,0.316661298911864,-2.629722584953164,1.615046651632635,-2.3191073926816808,7.308471055165191,3.330614925762842,2.181275658424074,7.027716690550366,0.9078744200949276,10.84044384040623,8.126862499566908,-1.4658686920037498
38,-4.417033494578583,-0.17757489448338393,6.221292490518572,4.489413593114545,5.29189818009636,7.152850094263939,-3.137387598673028,-0.16126764234423874,4.699673608961158,5.326170474498891,3.965928866526899,2.1997126426180866,1.491331572217422,1.7827917720563282,-0.8237220536697913,7.5920179136866945,9.325362195245381,0.6255660206918847
39,5.531456800716591,-1.2128191618212236,-6.83056619580298,1.259701765807504,5.4215233242940855,2.8534238259030045,-2.797559192307534,-0.5191516193327809,-2.5086385032885614,-5.004117617409131,5.575542419510633,-3.0956696501146364,3.424977958178138,3.2878109375631546,-1.418337729368921,0.11266898337730824,7.155499254183299,-4.586088099518167
40,3.6574425014619174,2.6102416019985686,9.696886348550528,2.5537836517074504,3.6168698975217377,5.665916002448974,3.390905239130852,1.7464743994258471,3.03687336015236,-0.9785105662899527,3.145458454664659,2.3843347796517986,3.2719321779394734,4.507314160465986,4.836195797645374,8.498303975420981,3.6194861225153847,2.8366399525132624
41,0.6724149364242193,0.6493360163850804,6.938069179596614,2.1435947809211373,-1.190304811685312,3.813083742952239,0.9443601750941644,-3.8637303055843897,3.341590686721345,-3.9620470698514483,4.294705928271996,5.972432744739578,3.099853988537136,3.2848168414661165,8.712276568717648,11.189007855884597,2.1810964631682292,0.2598045949439842
42,-1.9442823062652912,1.2457060467611882,10.820148982729922,4.550908104349366,3.6081140022165,2.8266762975254203,1.6819813116236664,2.8722862204282125,4.739536788299823,5.048101078693129,3.119620914226296,1.0550330181901808,2.727645505380549,6.162243636708132,5.499789019798067,7.780023776097382,3.987759463776574,7.458471421001546
43,6.184469207641544,-3.797138072190836,6.570230461803773,3.2698008808908754,-1.3690732881317533,9.61282227481452,3.7851055830464295,1.8219399743333133,-2.544682390703916,7.7734279717283625,6.982975643748059,2.102905673929346,1.9693638978976633,-0.24227951431092487,-0.9472663227112501,1.3569573502978578,11.704316781013183,-2.9211253787283575
44,1.8810804706595232,2.3369565021592047,6.868010159671431,-5.354794822230417,2.3616107593089115,6.5131075423261064,-3.4705348337337854,3.677650744889955,-0.16779213353193811,-1.6354084290548476,-2.166522499429748,0.6872360680249434,3.0015055563337416,1.9799425300893665,2.4144719295458903,4.456581167113215,8.868551271242826,-0.27644562857617516
45,-2.3644298220736872,1.734554777000254,9.269667480225454,3.1211467089464193,5.430221812901165,8.370196296054038,2.3447445796924344,1.2828862339260492,4.861297274864225,-0.5179165719173222,3.222949932269253,0.40174157479776884,4.539698671317891,5.80968521319652,5.070540409965826,5.055636318242527,3.866530579349905,1.6376478546642783
46,2.178599179226013,2.020773624626952,13.04030891803853,0.7740333078713719,3.1848575446528207,5.36078321352624,7.126503292525529,2.5014493574522403,2.0081709287527865,1.6837150138278338,5.443078296929346,7.248885900272166,5.708910077737757,1.2420785441334905,2.1368211135986246,7.834000290508035,6.362280196070849,1.503234665975503
47,0.09661876711673706,1.6268195221761772,4.962163954656139,-1.2634232140676138,4.115111966063601,2.9432404163114723,3.7244751380080507,-1.963388637744152,-0.3702783426409175,-1.774499837233352,2.8376341357043486,1.367572152381393,3.374449881595901,4.047265176380529,-0.7141614127813729,3.9140968719634324,7.430868149373522,-0.7877670581775201
48,0.10610591737087816,0.7638062319722078,11.81575424121051,1.9069523962174146,0.2878616853176976,6.513819761460555,-0.8233780064339297,-0.4317619608278942,3.8473556008052188,-1.2377326755661238,3.570352546236659,3.2463022246025752,2.5197141971408756,6.107410576157234,3.641629943222451,7.26888910732956,8.597852015714878,2.151140136939227
49,4.564456186832119,1.778749350226633,5.402844684099648,-0.08210893444442852,5.3738059078885385,4.016824102838765,1.7264167871594454,-1.4514537863857395,-3.354272152355996,-0.12559545173865572,6.356208366420825,3.624312452676678,8.836238704338255,3.7564296410779803,4.110392245039003,5.2504354235750785,-0.686613202077428,-0.7367271682255734
50,2.659423339383877,1.241294123992451,6.445407978364646,-3.080624262476753,7.168022034673593,5.105226974439206,0.7660268396323893,4.702331735193802,1.4832986383758804,-1.9181991382246415,-3.657254284577087,3.217185267767996,2.7046990442987076,1.9763516084052064,-0.04335278757905181,5.243139641394272,5.865373735256449,2.6884375226631647
51,0.2150109910337138,3.017634430976088,4.263607622215913,-7.401414736095503,7.965828030489497,3.76778993927234,3.9212951650421513,-0.028176441011110942,0.5723523475481285,1.0260253994173676,3.054143770197739,1.3634707686147398,10.164334136997262,2.169074957031831,1.9809744404874423,7.619576634791677,7.4501339575024765,0.08481701511695494
52,1.9704354919708678,-0.28049683583091406,5.941164313251198,3.9516768300704017,1.3352622668648806,5.979883883514503,1.022317528211749,-0.9022899379755196,-1.8413480035192853,1.007233618093264,6.353393455652776,5.244555723356534,6.120353696184944,4.2118474057817785,1.5134013872572396,4.769233385879548,1.6839301465070609,-3.325508021382776
53,1.1455905251551743,4.753645869494635,7.040349077982574,2.7650967419314494,9.370830701986575,4.7001287922718635,-4.271966662826003,-2.211746779833665,1.8151640797794877,1.2203632472804529,9.880226507564114,4.569847592908335,0.42229971107952036,6.588269782489537,1.698112170471207,12.093810936493668,5.077524839094317,3.021124508925929
54,2.383471921611635,3.5581976774844737,8.380229513711532,0.19404666438869464,2.5808822427572915,2.3170631133152426,2.7239284866045566,2.7344577903474914,0.35441888520189735,-3.976544187165698,2.272160121641694,3.1331824876967516,3.3569635654998757,3.9374324397470244,5.314878093754814,7.565525705999045,9.094931102084015,-2.4131361134464875
55,-3.947999556459246,-6.526501046660393,10.538058480244734,1.5927591763692228,5.169806897105447,2.8756372751908805,-0.24566660891255165,0.17902374961246603,3.7533551608092734,0.448715587760931,2.0351821205691882,7.196407646758262,3.538062613631678,7.015705684884171,5.52056364360228,5.639018429344132,2.9900514511754537,2.4632300816180503
56,0.4069217722814944,-2.050049534424483,9.96778745699163,-1.4174340110002426,2.549612035811075,7.645064364956987,-0.575366682324705,2.6579280325365198,6.283720548576403,1.1253941762652204,-4.433272806320389,5.71134747662061,2.900769496330361,5.183609139369093,2.397971069648568,9.087839350382938,2.6908229629068217,7.35384560903285
57,2.1272130181007367,2.51883416811234,6.590979806428861,5.303665679547609,2.1102609558986107,5.863687110705742,1.4167828160104121,6.333054374866352,1.713547852668632,0.4520838627487176,5.253663400235751,3.0781585465993566,4.547113254386378,8.124132877570915,5.467836268647381,3.987475131919182,5.410515543837631,2.940258973020851
58,2.998281754235592,-1.8394213089055516,11.545291240308483,5.325144908537301,7.157198369145522,4.53843417459519,1.1620670869095604,0.06306722845231727,-1.518723829386905,4.08117985321411,3.6009816593546646,2.0576241409423695,4.503551356137359,3.1659942669483,1.8644607306616168,5.981073941095641,11.476337317442443,-0.2509911917242649
59,2.7248226823604464,1.6690137351659828,10.967714444609284,-1.4863602054393372,4.712831320072869,6.415611450895911,-0.6693106085331648,2.726332070220467,5.216823403609149,4.038523719630081,3.893125365330114,-2.660847139244505,6.100129356382463,8.464112380540879,5.122149091527503,6.876997556649004,1.0225190840960536,5.320799075681834
60,-1.1781554436366015,1.737297137395639,10.010023521083754,2.9261927489203994,6.387555807873923,3.9131581950643457,1.202293387893683,0.7535052653689966,3.546712849305697,5.680533871468579,3.0537430560555867,2.1111370261570963,5.370583035107475,3.493996990388105,7.765026084712244,9.866156118706161,1.9893647200532416,0.7601903665236579
61,-3.749526947676337,4.489147953024871,8.30332614383826,-0.9604016188601183,-1.3122439667537105,4.4455489822164225,-0.3920526607750029,5.0267827141202535,4.71358787702666,-1.545188730284036,10.02317641949708,4.635506214406499,1.7853919715688762,0.9390918675099229,4.449233423183722,0.48172369676286486,-0.7434538862765381,1.504595903306358
62,-1.4864497434296267,-2.6559429490343924,11.098375159704423,-1.71268971318589,3.212019031984675,3.6824976468013233,-0.20906861518288222,2.6989638518260737,1.6861142529399844,2.1128923056381232,1.8590070382930721,6.186635705083022,2.0917918825966,2.606499615142852,2.0109542408882435,2.465567760244097,3.3217757373409826,1.0650264678650727
63,4.027795216742272,-1.0716719544525422,3.708078696349855,1.5193050238405879,-1.3211411499540642,7.233946045336033,-2.754089219150945,0.01549435312746894,3.4693269515991796,0.010894089000096141,6.592123352014841,0.09178229858708775,5.852991736287653,3.937782074508479,2.262901376644515,11.055531467953038,5.441924036611518,4.053084078094461
64,-1.4032290672266838,-1.120239555990848,5.880165622670891,0.12850973137242605,3.2027878618011636,7.596425206329398,-0.5319146234888058,5.632455247421202,-0.17509529064535778,5.026125718615772,3.4247648072821173,-3.454947388115124,6.484735945329832,0.15850287934644114,4.090601691367785,-0.001138103183545347,3.471018921616994,-3.756711061330429
65,-0.8642994160283595,1.9404183547247924,9.86877339767784,7.056345308036116,4.573039945337758,12.49549982009611,-3.0180175776285476,0.16183932733346196,4.9669941844428,0.9331846528509931,2.3082001740475797,1.905180840569161,5.72777527814392,3.236877440868742,2.686348816260648,6.322478087759984,9.957623944078343,-1.0238459673227678
66,2.9037091856260093,4.160244290635134,6.7109883013095,-3.9881139353589057,3.4625708512960625,8.459403066468933,0.6885706946328009,11.31845263681424,-0.5243822123453481,-0.4088703153827038,7.4218455373405225,1.545508838850193,1.706553464953162,1.6786068900564728,6.0799518701637645,4.815669455789447,9.376684914842741,-0.8277020264737194
67,2.20903991597619,3.78787193844464,17.01699653083448,-0.6384671470133378,1.3336155396714573,6.482173803319406,0.9884925718949575,6.081414314690561,4.527425396062394,1.228133323207266,8.677019691844372,2.4662566638349874,5.769875749083198,3.6012991056536494,3.111745637840189,6.340989345063611,7.408312405232726,3.0403281319229993
68,2.3308176504106504,-4.501502263818152,5.324825717690245,1.0392263701909354,5.375598951329715,2.1218999090387696,1.8115613032200562,-0.8154162981473725,-0.7646105119929769,-5.83518449520778,7.146882657040727,4.367722147374345,1.2010794213653968,2.7889680932373766,8.470686846241321,6.112982348186713,4.918290952243659,-2.0838859803211998
69,-3.411595753907193,3.667310862125412,8.136371972258544,2.0419263468298774,2.3559792223504714,7.731976632309694,2.0981709342591968,-2.9379222230572624,2.2752878645984627,1.0689770424328242,4.947088752620439,2.109784332116579,0.6361276179578388,1.9608203451923338,1.0643448563754183,10.64065696874311,6.2279290039604085,1.6602002674636596
70,2.8779388623355824,-0.21530671170706128,6.262735680070515,0.9510381842414823,2.449702028191296,3.101918132893722,3.8440176046169166,4.880537515157341,1.2355897467265864,3.395020357665201,4.317395096107546,9.7710984194275,9.540320397668575,4.279266075342619,6.877183451187421,5.1498036522484565,7.198937279752025,3.4697470838305184
71,0.14980987293740167,2.8022538974494884,7.363677623097565,-0.6200624910585897,6.62084219333142,6.468680110077444,2.2977656256080516,5.268869209510068,4.044401534435565,4.596451539775944,6.417407658992392,8.364390256634152,-0.9653106037556487,1.3719702219359076,1.8210511681622283,2.021536330296547,4.828459912067446,1.4654442826487302
72,-4.55547583963465,2.1688825234610745,7.037039827976759,-1.8845448979534143,1.1564308115680517,2.172417437886117,10.825134195434192,1.8353173179340505,-0.43537515220713385,5.58989426768264,4.4120984804377485,1.525634860993176,-1.3814940005622778,-1.9759883497960455,-3.210215038674414,4.012116811780643,5.536059979207593,-2.9984365481236934
73,0.11119328447012572,2.759038525575256,3.1678892074847083,0.8465363616226746,4.191658897726645,6.334971503441322,0.6885899105936604,-2.4105807073505923,0.8111504274655754,0.3774031020117483,5.015655556385003,8.805742016621437,2.4753949735846517,5.15275776841287,-0.14460507785607835,10.203944009598269,4.270576445116486,2.5337871900864615
74,1.7077361498967991,0.7930469859529827,9.741166690954275,2.13662337782662,3.193992349090292,8.599836593111377,2.152980587902544,-0.8755606782753422,0.7764249919423523,4.162622470857359,7.288266151853345,3.8879759220847303,4.944003645437581,3.0350889508504273,6.943166621995185,4.171504467324126,5.733887984912512,-7.3464077792152604
75,1.0537448745541693,1.7916357680882358,7.281851861458071,0.716907273848554,-1.1489735865896478,9.2936585005701,4.319377834027262,-0.04982936085328227,4.1719445760252984,-0.4361195720484945,4.366421881787865,2.8481668056342437,4.12949890602532,6.984857344898746,2.2447245355782997,5.5026829166495865,5.081976733751004,2.714459840943189
76,2.7127405898918884,3.3092586561037214,11.414522056050078,-0.4162365906254506,0.7269108905383654,5.82659967782913,-5.647031785735631,1.1447212340740645,-1.2560984393295498,-2.217381156139042,1.7555757366698657,2.7734892438173824,3.6032826673953164,10.080500917720036,3.8375147352625687,7.420881167514899,2.7215794774370505,4.853830690937002
77,3.525721269706626,4.38982170440215,6.8739229945869065,4.844363251504751,0.9889934555952484,3.857970699573675,-6.277421202019569,-0.2658493814318541,2.67484331587212,-1.1532934558271233,4.7740393855897905,-2.503471612894778,7.386150164107794,5.757880979167485,9.239768234137287,6.148927646879228,5.4530516220294025,-0.9286599872699797
78,-1.4489047334881808,0.7251668141361898,8.289996926634648,4.1344341649941105,2.9749664579162682,12.665733217392024,-2.293263707819161,4.428225343916823,2.5500189258087573,-3.5036683596000344,0.3010150519532715,4.075759846832371,5.585287880447923,2.68815093634214,4.548918641952564,7.674253584848442,-0.9232348226542495,3.758781287367464
79,3.3489765869014114,-2.0815333347801728,6.608886441865883,-2.7430197979454105,8.015598601502333,7.042452737104891,6.217639139872857,3.129390073985015,2.935923449091647,3.891605652134716,6.121042244255094,6.007639272013435,6.624292035891612,-2.3933699593986386,3.1390498079967326,1.4191645574692213,12.03882118072574,-0.34122318008488817
80,1.333702173283159,-2.4642216298185886,4.348231399046497,2.8288716128144187,2.9007395406461938,14.014321224989956,0.3975528159451622,1.2180742697721667,2.8734563635277177,1.651018644615336,0.6486406838621424,5.088635405961921,8.453490173536776,1.3678867540713875,5.164614174703444,6.425586608595264,4.160023514867789,-1.6273283080893923
81,-3.5945298749408194,4.0878608974427495,10.917462541761694,0.11921721715691125,3.349565243720436,4.937842604725949,0.20621760356035324,0.000648005379323191,6.013938353027952,3.523319212896557,6.6292734038029595,5.498405893667471,2.561747405388348,0.6860174874425211,5.681961415389973,7.127901145025926,2.9083226357383802,2.082104301792651
82,7.4374839023967105,1.146507705943735,8.63667009029397,4.76347816642299,5.782082490054741,3.754421764578781,-3.1678529724770117,-3.162287087505768,0.29062556480222357,4.084124983691122,10.824982553112463,3.759464947675345,8.62113002642243,3.8585011244310965,3.5980051786104053,8.069056566050072,8.159085658455151,0.7862509504676959
83,-0.85742664871995,2.439939412350819,8.026289674058425,0.26135470550411455,1.8820196165772234,10.65494799084918,-3.599191055897219,-0.4599992159824421,2.659465552425194,-1.341458054746704,4.45389141834225,4.775993979313432,4.823405326933747,2.7239512585085346,0.1512519490922517,5.2034696440300054,4.144288933527627,-0.3886470023201942
84,0.989395072472711,-2.4391869102271153,6.248314921631196,1.4318598226671924,4.497888566533676,9.891610178599887,0.24315861206078615,4.226354202892203,2.241593667641328,1.6223156630777655,1.1701039434952705,3.5261072891596594,6.361887743720392,2.210765722192714,5.1461969972861485,5.806748189268154,4.138055090579325,-4.165325133695969
85,-2.660313097519263,4.132893446307387,12.62947534363808,6.069267547442321,5.881848995566136,2.7283061638253856,5.348137108270802,0.3862102873669553,0.2963595338002425,5.19638868767694,2.4498296519978515,7.805235055917214,9.735329093165966,4.665127783031308,3.053843277342615,7.36134442845478,7.337355639159021,2.6908335108948087
86,3.654938709089441,-1.9460980664538727,10.488647992377501,5.28829953452946,0.19761676865509115,7.126961553799228,0.49891059108195207,5.296611397003058,2.0717849156524206,-4.89302078715453,4.794362028003409,3.318278462291178,6.2335276985656,7.9363918510875875,4.65540962347286,12.868425663374724,6.164232152201957,7.688106606485753
87,1.4549126684736458,1.4744762421923927,7.884407799964306,-0.8256459623283254,6.959965066710892,2.5719347434839186,0.7853138958031822,-0.13980071092112478,-3.178311171062175,1.0505627431419482,3.6916874415083205,5.672653120580337,4.820390981124641,1.3880752621722876,7.371285662622451,6.67421996807721,7.164493547610498,2.400959527239504
88,-0.5944945167832845,-1.3841741585852265,4.67082018544859,0.22206869259891304,-1.1126985862956476,8.120673705693244,0.12276141915122896,-7.484385014179706,0.7887687084139525,2.867898093611374,8.320019770455831,3.2380952699496564,7.900127116210799,1.0360963993566634,1.6630225966387702,5.648400849263093,2.909141299453624,1.1564247520263493
89,1.6806416419133423,-3.4970685786542735,5.590429592661396,3.446194989190907,8.521508445045193,7.983056986787254,5.031080166329509,2.0278161441993516,5.097598434269832,4.696076255812381,4.163019173931709,9.623219580648925,4.229834491228939,4.230060517390502,7.785256267257785,3.5516632007705446,-0.07248425160570893,4.371094997386739
90,3.68506164699108,-3.0176033635054136,6.410378765810358,3.028741122290099,5.769183067863189,7.464950077002488,-1.6403228251226973,7.611957181233542,-0.5728931623977074,3.7682830376445153,5.343821813255054,4.084413803112353,4.30763713470378,0.4997711868253729,2.3483919560079283,6.28913964954908,5.188956541798278,-3.4003566825644924
91,1.6810790884263098,0.790006612198439,8.362800328057725,-1.5480448424274396,11.389669785605726,7.94146877461653,1.5219197123244614,1.243322724063448,1.1330347646397534,6.649371395125247,2.7883807145499824,3.3462368151818955,5.20067307706586,8.375896006832907,9.882554791574234,5.734556502400883,8.08825419117595,-2.9200740546884862
92,2.6317333333148385,1.8066201203469063,1.1639148924377247,-1.5684237746260983,-4.010513564672548,6.591807407747778,-2.1865503506224457,3.2146400979668734,8.014766425033452,0.6636777499647153,4.756723516641516,3.2198555843061736,2.184128577009403,3.7344917518334473,2.244211455285272,6.758569008161607,12.10238410848727,-2.906212630875978
93,3.2410226863574607,-2.002594043220327,12.133863221701741,1.0010324722521184,2.5358932996953643,4.4557937721299155,-2.976129331636449,4.171522940731002,-0.8986482400235207,6.696776543617891,-3.2200478349520205,2.9310966385309767,5.572513561010125,0.7847373126109964,1.7018787869641339,3.7786989005239247,1.3402507525869294,-0.47399813719946726
94,0.6290954937753271,0.2130295738192145,7.19578399905398,-1.767437053741311,3.375222637768195,3.106423842166301,3.387500336164563,2.9905665034262197,0.055755936658131056,1.6741870993318386,5.858335214458622,-0.670355710169368,2.3789251323478346,2.8810753262968327,2.1361564728808258,9.297366847133269,3.228367318532423,-0.9553825382639034
95,6.486970788866861,1.4673036608777048,8.99721533799572,5.398607805256423,7.244592772379692,5.502314396829249,4.391236113893647,2.24123871100899,1.1251618169490663,-3.6014479786743667,6.672944442981578,3.3400552985182497,3.8710800591723578,6.527173856811359,6.460504152159516,5.435211194126415,5.068908409254289,6.857814126755794
96,-0.07901188662787884,3.398297749099795,11.50680306820766,7.578234874664058,-0.49223137130247485,0.11295339619244515,-5.138748161771948,4.542311219496302,2.678920931842578,-2.2492476558886128,6.359841392582689,10.502404805058442,4.421562097839635,0.9258508536802901,4.46918517635516,7.5800569776688045,2.317500931873349,1.9236604036416824
97,0.4926059923970877,1.1289357540440652,7.410339907898881,2.995623349742159,1.5095533565240613,-0.33089025964297747,-0.9978902542468294,-3.4860250548590193,-0.42264719630722414,-2.8123284499219174,8.582821621549254,-1.4560163595244768,2.715941318334539,3.6224022384335655,-2.642178012594009,6.126938742175502,7.979123142852039,0.6943456124689606
98,-0.23773278723386004,4.196328757954289,4.62368842762568,0.7559963128045335,0.4818645057288893,4.040325004678277,-0.9211984155169203,0.31698395385548594,0.6488577748299689,1.6889648740785765,4.425331825170432,1.526177717327649,-1.3946853323262038,-0.5743234562165611,6.8817237208872335,7.953301997394056,7.8074325220054455,-3.6677903377482775
99,3.2459212161237003,5.023500079908503,8.98606609089306,5.049359910177799,2.9872579723164465,5.221824917389957,0.8061619331689712,1.2595447814724272,3.1244002853970945,1.9426247117221418,7.793751617058544,-1.5046348983594822,-0.6409133936049027,-0.28925620971866506,4.966609858497563,11.569545439087715,4.167801630826318,2.193320251605253
