,0,1,2,vars,t
0,0.0,0.0,0.0,0,0
1,0.0,0.0,0.0,1,0
2,0.0,0.0,0.0,2,0
0,0.0,0.5041258281091279,0.045013639957238054,0,1
1,0.5041258281091276,0.0,0.01888517945963292,1,1
2,0.04501363995723805,0.018885179459632917,0.0,2,1
0,0.0,0.3934764212577586,0.025947054994061525,0,2
1,0.2600592821516898,0.0,0.011807346993276253,1,2
2,0.015914472439258268,0.011477246487315322,0.0,2,2
0,0.0,0.5237156108094891,0.018609063116818755,0,3
1,0.1835627216654775,0.0,0.015434491430614414,1,3
2,0.005177474477530883,0.01507921578743306,0.0,2,3
0,0.0,0.730504957684141,0.016773337616389373,0,4
1,0.18826402134215556,0.0,0.0233102231822271,1,4
2,0.004000848369731068,0.024948272495652797,0.0,2,4
0,0.0,0.9466699221710905,0.013088454395048549,0,5
1,0.21631238906451275,0.0,0.03052306542176591,1,5
2,0.0035190118392670806,0.03652765799417445,0.0,2,5
0,0.0,1.1734425953732708,0.0072516723101436085,0,6
1,0.23588448256426112,0.0,0.03813906009366526,1,6
2,0.001514693066506959,0.05345788945092127,0.0,2,6
0,0.0,1.2460566618188096,0.0035990774855032426,0,7
1,0.24030223042983712,0.0,0.03992664677153139,1,7
2,-0.000520037683634812,0.06099099691879168,0.0,2,7
0,0.0,1.1375714528830068,0.0033708937907659577,0,8
1,0.20106886322458997,0.0,0.03905201601128316,1,8
2,-0.0014493741169292805,0.0691747430124203,0.0,2,8
0,0.0,1.1717042933498532,0.0,0,9
1,0.2261002616118342,0.0,0.037744995021795395,1,9
2,-0.0010221027920573843,0.07117104962597301,0.0,2,9
0,0.0,0.3427598315948051,0.0,0,10
1,0.02267680427170665,0.0,0.03515062061235818,1,10
2,0.0,0.08630403385508446,0.0,2,10
0,0.0,1.1381419725265949,0.0,0,11
1,0.21463983211816928,0.0,0.03764547839601984,1,11
2,-0.0009490193213321466,0.07171161278345127,0.0,2,11
0,0.0,1.2445842905915832,0.00016459178899193243,0,12
1,0.2538656264008483,0.0,0.03910262622643485,1,12
2,-0.0009130184518980701,0.07422756612409154,0.0,2,12
0,0.0,1.1831002474967687,0.00021812048979958433,0,13
1,0.2293055162013923,0.0,0.03992302650424338,1,13
2,-0.0005130261726735057,0.07733144317437476,0.0,2,13
0,0.0,1.1655973159863264,1.3758036898682283e-05,0,14
1,0.21834539167509212,0.0,0.04241421562311079,1,14
2,-0.00027076172026799,0.08259128744151475,0.0,2,14
0,0.0,1.147005645391347,0.0,0,15
1,0.21399837989885478,0.0,0.04621685792771076,1,15
2,0.0,0.08879929308974767,0.0,2,15
0,0.0,1.1582760006267874,0.0,0,16
1,0.22165591468620965,0.0,0.04721596441262084,1,16
2,0.0,0.08886695946077575,0.0,2,16
0,0.0,1.1617924455745166,0.0,0,17
1,0.22597338205984296,0.0,0.04776192394580101,1,17
2,0.0,0.08864943687011588,0.0,2,17
0,0.0,1.1608399971474146,0.0,0,18
1,0.2258260492350782,0.0,0.04774209180382307,1,18
2,0.0,0.08855309588934678,0.0,2,18
0,0.0,1.1595980277733073,0.0,0,19
1,0.22553946482692122,0.0,0.047688710348554604,1,19
2,0.0,0.08836862161800241,0.0,2,19
0,0.0,1.1594374648765138,0.0,0,20
1,0.22547589754136027,0.0,0.047663368896180475,1,20
2,0.0,0.0882719041753364,0.0,2,20
0,0.0,1.1596742297021858,0.0,0,21
1,0.22547275206523312,0.0,0.047633592649601535,1,21
2,0.0,0.08812589134714922,0.0,2,21
0,0.0,1.159943662758655,0.0,0,22
1,0.2255171068624124,0.0,0.047641448731363716,1,22
2,0.0,0.08811369333146031,0.0,2,22
0,0.0,1.1600580220236771,0.0,0,23
1,0.2255382574345228,0.0,0.04765560183178533,1,23
2,0.0,0.0881290791126632,0.0,2,23
0,0.0,1.160083262446452,0.0,0,24
1,0.2255397105708277,0.0,0.0476715424632395,1,24
2,0.0,0.08814740830329656,0.0,2,24
0,0.0,1.160083262446452,0.0,0,25
1,0.2255397105708277,0.0,0.0476715424632395,1,25
2,0.0,0.08814740830329656,0.0,2,25
0,0.0,1.160083262446452,0.0,0,26
1,0.2255397105708277,0.0,0.0476715424632395,1,26
2,0.0,0.08814740830329656,0.0,2,26
0,0.0,-0.05565686531513468,0.0,0,27
1,0.0005779542788652213,0.0,0.039948367378641395,1,27
2,0.0,0.07742006816609345,0.0,2,27
0,0.0,1.042379418449447,0.0,0,28
1,0.18425356406383717,0.0,0.04683740831532687,1,28
2,0.0,0.08695163625927656,0.0,2,28
0,0.0,1.0469752904215361,0.0,0,29
1,0.18635498963169095,0.0,0.046945457908372616,1,29
2,0.0,0.08692851013434645,0.0,2,29
0,0.0,1.0511208427969176,0.0,0,30
1,0.1882668381447471,0.0,0.047043303527978704,1,30
2,0.0,0.08690728304068263,0.0,2,30
0,0.0,1.0351646994572736,0.0,0,31
1,0.1833685696807377,0.0,0.04721707707020303,1,31
2,0.0,0.08685603680197324,0.0,2,31
0,0.0,1.0158458465383198,0.0,0,32
1,0.17768694700016685,0.0,0.04764645667172349,1,32
2,0.0,0.08690972335204171,0.0,2,32
0,0.0,1.013411276201542,0.0,0,33
1,0.1771621951532219,0.0,0.047919429741613506,1,33
2,0.0,0.08703086707393608,0.0,2,33
0,0.0,1.0066943219013604,0.0,0,34
1,0.17648926044428656,0.0,0.049601833093091505,1,34
2,0.0,0.08780807903108324,0.0,2,34
0,0.0,1.0083022242399264,0.0,0,35
1,0.17732310793700745,0.0,0.0500087493672027,1,35
2,0.0,0.08797745299894771,0.0,2,35
0,0.0,1.0096340102337407,0.0,0,36
1,0.1777605795268415,0.0,0.05004195270338438,1,36
2,0.0,0.08797323303599759,0.0,2,36
0,0.0,1.0098630336886618,0.0,0,37
1,0.1778151283330732,0.0,0.05002620286787468,1,37
2,0.0,0.087951009434533,0.0,2,37
0,0.0,1.010157695017652,0.0,0,38
1,0.17786790229309873,0.0,0.04999496142952528,1,38
2,0.0,0.08788538778605245,0.0,2,38
0,0.0,1.0102129452206825,0.0,0,39
1,0.17785079548321392,0.0,0.04997584696852272,1,39
2,0.0,0.0878115558049105,0.0,2,39
0,0.0,1.0100652624063078,0.0,0,40
1,0.17779528987236545,0.0,0.049979416122230017,1,40
2,0.0,0.08778144057428498,0.0,2,40
0,0.0,1.0099795081985756,0.0,0,41
1,0.17777071678288295,0.0,0.04998668152399995,1,41
2,0.0,0.08778419939705687,0.0,2,41
0,0.0,1.0099795081985756,0.0,0,42
1,0.17777071678288295,0.0,0.04998668152399995,1,42
2,0.0,0.08778419939705687,0.0,2,42
0,0.0,1.160083262446452,0.0,0,43
1,0.2255397105708277,0.0,0.0476715424632395,1,43
2,0.0,0.08814740830329656,0.0,2,43
0,0.0,-2.20448857220087,0.0,0,44
1,1.664768861534846,0.0,0.015130811583926634,1,44
2,0.0,0.044894387629625075,0.0,2,44
0,0.0,0.2908384507694032,0.0,0,45
1,0.016588844108903746,0.0,0.038742026814656515,1,45
2,0.0,0.07645139205412384,0.0,2,45
0,0.0,0.5653943818387602,0.0,0,46
1,0.059646321837230024,0.0,0.04320692515923893,1,46
2,0.0,0.08143739354018868,0.0,2,46
0,0.0,0.8091117523223463,0.0,0,47
1,0.11533733259028757,0.0,0.04541006521469706,1,47
2,0.0,0.08371943011539429,0.0,2,47
0,0.0,0.7226598319937304,0.0,0,48
1,0.09331217805143135,0.0,0.044753849148364895,1,48
2,0.0,0.08271930034317998,0.0,2,48
0,0.0,0.7247848760973891,0.0,0,49
1,0.0934068962541893,0.0,0.04486583637827789,1,49
2,0.0,0.08253992137812013,0.0,2,49
0,0.0,0.7237873448820927,0.0,0,50
1,0.09390388121941867,0.0,0.04558585221105851,1,50
2,0.0,0.08128323229207017,0.0,2,50
0,0.0,0.7213740661149823,0.0,0,51
1,0.09505887762256511,0.0,0.047177061365427986,1,51
2,0.0,0.07819914057167192,0.0,2,51
0,0.0,0.6958987816822231,0.00032786178078754344,0,52
1,0.08880168537874364,0.0,0.04753622359110521,1,52
2,0.0,0.0775443581288511,0.0,2,52
0,0.0,0.6836714511460061,0.0006234400224745696,0,53
1,0.08587491711691558,0.0,0.04782945512906293,1,53
2,0.0,0.07721525908829871,0.0,2,53
0,0.0,0.6814537071163473,0.0008212640254533524,0,54
1,0.0853638814383336,0.0,0.04801384744034303,1,54
2,0.0,0.07710354928105252,0.0,2,54
0,0.0,0.6804699104888937,0.0013819007122866697,0,55
1,0.08520733007762504,0.0,0.04851831997015013,1,55
2,0.0,0.07668579382012558,0.0,2,55
0,0.0,0.6819746467583109,0.001747543801738576,0,56
1,0.08565215875266687,0.0,0.04882079426008307,1,56
2,0.0,0.07593558848008995,0.0,2,56
0,0.0,0.685219266879557,0.0023566663373145425,0,57
1,0.08661613221752278,0.0,0.04923752670221112,1,57
2,0.0,0.0737226423944597,0.0,2,57
0,0.0,0.6864089651873585,0.002714884327557101,0,58
1,0.08703394565140271,0.0,0.049353447314930875,1,58
2,0.0,0.07126759145594296,0.0,2,58
0,0.0,0.6853469481693107,0.0027360843839380924,0,59
1,0.08675241048578382,0.0,0.049191198795501816,1,59
2,0.0,0.06971772157192611,0.0,2,59
0,0.0,0.684863126581676,0.0026435924698111997,0,60
1,0.08656855923746322,0.0,0.04907966419196181,1,60
2,0.0,0.06959551596183515,0.0,2,60
0,0.0,0.6848011086876233,0.0026112189673069205,0,61
1,0.08651134200067681,0.0,0.04904271968125459,1,61
2,0.0,0.06963696146286812,0.0,2,61
0,0.0,0.684907062226076,0.0025943322499416424,0,62
1,0.08646441370550763,0.0,0.04900340244639863,1,62
2,0.0,0.06965481035840847,0.0,2,62
0,0.0,0.685251993761776,0.0026049428009378927,0,63
1,0.08643607308135562,0.0,0.048967941391976404,1,63
2,0.0,0.06961365529635101,0.0,2,63
0,0.0,0.6855072404886485,0.002631939093662909,0,64
1,0.08644973206562108,0.0,0.04897411924165541,1,64
2,0.0,0.06955716908828097,0.0,2,64
0,0.0,0.6855727254529201,0.0026449488443545336,0,65
1,0.08646290331928974,0.0,0.04899083524805087,1,65
2,0.0,0.0695383990341184,0.0,2,65
0,0.0,0.6855732068442194,0.002647442419013822,0,66
1,0.08646529423694757,0.0,0.049001412536365106,1,66
2,0.0,0.0695405625292067,0.0,2,66
0,0.0,0.6855732068442194,0.002647442419013822,0,67
1,0.08646529423694757,0.0,0.049001412536365106,1,67
2,0.0,0.0695405625292067,0.0,2,67
0,0.0,1.160083262446452,0.0,0,68
1,0.2255397105708277,0.0,0.0476715424632395,1,68
2,0.0,0.08814740830329656,0.0,2,68
0,0.0,-2.1840549580311186,0.0,0,69
1,1.3320697899489262,0.0,0.019075488141595844,1,69
2,0.0,0.047048823710456184,0.0,2,69
0,0.0,-0.10436411199964406,0.0,0,70
1,0.00222547721667508,0.0,0.0354401649230364,1,70
2,0.0,0.07046160700984704,0.0,2,70
0,0.0,-0.018044384146737032,6.210952972812508e-06,0,71
1,6.591020572099625e-05,0.0,0.036709359284899046,1,71
2,0.0,0.0719818526767052,0.0,2,71
0,0.0,0.7355931258644433,4.689199249745656e-05,0,72
1,0.09609766944178122,0.0,0.04870677995446956,1,72
2,0.0,0.08651785110747386,0.0,2,72
0,0.0,0.30855645199002585,2.1858082371050657e-05,0,73
1,0.01819861757659318,0.0,0.04180393886487786,1,73
2,0.0,0.07821240251453815,0.0,2,73
0,0.0,0.4464339134001235,2.8719059661212078e-05,0,74
1,0.03665228148361105,0.0,0.04252273449452694,1,74
2,0.0,0.07840539119551194,0.0,2,74
0,0.0,0.37704765433697496,2.5240675859888524e-05,0,75
1,0.026652279465243827,0.0,0.042161088532976156,1,75
2,0.0,0.07830300560502049,0.0,2,75
0,0.0,0.38054084340816885,3.378781432584504e-05,0,76
1,0.02691760808798447,0.0,0.041606017299563,1,76
2,0.0,0.07717668162280286,0.0,2,76
0,0.0,0.3947313700167615,6.754606095330152e-05,0,77
1,0.027996686438626312,0.0,0.03943427790177386,1,77
2,0.0,0.07277913897497432,0.0,2,77
0,0.0,0.3798662740027552,0.0005005551137638043,0,78
1,0.024864257468560236,0.0,0.017591941686841528,1,78
2,0.0,0.034888716646483325,0.0,2,78
0,0.0,0.4017404800333192,0.0008618759488218388,0,79
1,0.027842982110773636,0.0,0.0177178930315491,1,79
2,0.0,0.0345169720453516,0.0,2,79
0,0.0,0.23776191287191878,0.0022667656204517794,0,80
1,0.009864807471538003,0.0,0.01641289585488355,1,80
2,0.0,0.03019273829175462,0.0,2,80
0,0.0,0.38677803070721406,0.0009898191346946021,0,81
1,0.02582462358173405,0.0,0.017598333293642607,1,81
2,0.0,0.0340897227446956,0.0,2,81
0,0.0,0.40902212862009935,0.0015266268724064825,0,82
1,0.028931682191215655,0.0,0.01779298620415132,1,82
2,0.0,0.03350366520404079,0.0,2,82
0,0.0,0.3985012034474956,0.00301274998485722,0,83
1,0.02784012987331902,0.0,0.024182480892193367,1,83
2,0.0,0.042171257142650936,0.0,2,83
0,0.0,0.38601671242544633,0.003744346068268597,0,84
1,0.026431121910788367,0.0,0.02994538014238936,1,84
2,0.0,0.0478686974307841,0.0,2,84
0,0.0,0.3708915136487843,0.003953960889663908,0,85
1,0.024728715975610195,0.0,0.03664151626782483,1,85
2,0.0,0.051770951389316706,0.0,2,85
0,0.0,0.36470052540963666,0.0038976071777101517,0,86
1,0.024053934501302197,0.0,0.03881685627959584,1,86
2,0.0,0.05097058521144142,0.0,2,86
0,0.0,0.362530675460954,0.004099747762138174,0,87
1,0.02389246403316774,0.0,0.03986960259358722,1,87
2,0.0,0.04868386159415221,0.0,2,87
0,0.0,0.36237351321868694,0.005104223506391858,0,88
1,0.024064927765121424,0.0,0.04063055671743052,1,88
2,0.0,0.044332041892053954,0.0,2,88
0,0.0,0.36489119800033815,0.007627315203867855,0,89
1,0.024638465012543385,0.0,0.0408081733510796,1,89
2,0.0,0.03871928231957267,0.0,2,89
0,0.0,0.3685685888740768,0.008947271503649715,0,90
1,0.025088422266771514,0.0,0.04030993561407724,1,90
2,0.0,0.037446471255183814,0.0,2,90
0,0.0,0.3697250780822898,0.009060433489869969,0,91
1,0.025159005904662825,0.0,0.03999275004218742,1,91
2,0.0,0.03776677245885846,0.0,2,91
0,0.0,0.36960590274839566,0.009048049995846663,0,92
1,0.025114292656351785,0.0,0.03994994073366677,1,92
2,0.0,0.03782206844348353,0.0,2,92
0,0.0,0.3696704264562208,0.009034306721231107,0,93
1,0.02504623559202682,0.0,0.03997757372781913,1,93
2,0.0,0.03794673019364791,0.0,2,93
0,0.0,0.36965461289968365,0.00906771035163796,0,94
1,0.024993593325615363,0.0,0.04006282256634682,1,94
2,0.0,0.03790591587470261,0.0,2,94
0,0.0,0.3700119342037854,0.009087282382668772,0,95
1,0.025020986657313733,0.0,0.04015793004088572,1,95
2,0.0,0.03788286571857892,0.0,2,95
0,0.0,0.3698136046854574,0.009103053489127997,0,96
1,0.025001731312355956,0.0,0.04016057393884858,1,96
2,0.0,0.03783469973141742,0.0,2,96
0,0.0,0.3698188429416007,0.009101533451783488,0,97
1,0.02500370777193929,0.0,0.04016100129418433,1,97
2,0.0,0.03783656282529673,0.0,2,97
0,0.0,0.3698188429416007,0.009101533451783488,0,98
1,0.02500370777193929,0.0,0.04016100129418433,1,98
2,0.0,0.03783656282529673,0.0,2,98
0,0.0,0.3698188429416007,0.009101533451783488,0,99
1,0.02500370777193929,0.0,0.04016100129418433,1,99
2,0.0,0.03783656282529673,0.0,2,99
0,0.0,-3.125835456894195,0.002850225026227843,0,100
1,1.7047038915558164,0.0,0.014583768100559991,1,100
2,0.0,0.012549656819237446,0.0,2,100
0,0.0,-0.28393930683380797,0.007330726271574828,0,101
1,0.015179424126289328,0.0,0.03281079498815803,1,101
2,0.0,0.030520092414666324,0.0,2,101
0,0.0,0.24983708680764596,0.008755795640692798,0,102
1,0.011665109627559291,0.0,0.038708839582948795,1,102
2,0.0,0.036390202343514554,0.0,2,102
0,0.0,0.2719906349027275,0.008783379717286884,0,103
1,0.013742088481664206,0.0,0.03874248723202058,1,103
2,0.0,0.0363916618344962,0.0,2,103
0,0.0,0.28081000393591665,0.008754565809338038,0,104
1,0.014607202184230852,0.0,0.038463738405290604,1,104
2,0.0,0.036063659239009734,0.0,2,104
0,0.0,0.29598090097903873,0.008618186084136259,0,105
1,0.016131032904035104,0.0,0.037254913676473086,1,105
2,0.0,0.03468360415361866,0.0,2,105
0,0.0,0.23664184950693518,0.008276199186264634,0,106
1,0.010357182410163913,0.0,0.03407502221728097,1,106
2,0.0,0.031128769891755174,0.0,2,106
0,0.0,0.26430373125387835,0.008431467270353227,0,107
1,0.012867282738307294,0.0,0.035034670491980856,1,107
2,0.0,0.0321915296930584,0.0,2,107
0,0.0,0.2664348734825816,0.008488072024208666,0,108
1,0.013070676272947125,0.0,0.035006713405655324,1,108
2,0.0,0.032155592637187015,0.0,2,108
0,0.0,0.2706727268401933,0.008725242653483399,0,109
1,0.013474509560687834,0.0,0.03466974763162948,1,109
2,0.0,0.03175500471650429,0.0,2,109
0,0.0,0.2743104690856381,0.009172842624162875,0,110
1,0.013815017244832624,0.0,0.033847652514743004,1,110
2,0.0,0.030785653994936883,0.0,2,110
0,0.0,0.2746351640498634,0.009727449514630171,0,111
1,0.013823447107386306,0.0,0.032760179123153016,1,111
2,0.0,0.029425700306449715,0.0,2,111
0,0.0,0.27266932476435135,0.010205795260484847,0,112
1,0.013605017431771534,0.0,0.03230738274207789,1,112
2,0.0,0.028303246126652637,0.0,2,112
0,0.0,0.26907132883598417,0.010810725152905716,0,113
1,0.013231434883485016,0.0,0.03228761142578552,1,113
2,0.0,0.027157671335111773,0.0,2,113
0,0.0,0.26744788314461915,0.011166244887788517,0,114
1,0.013068409288719841,0.0,0.0327296322235788,1,114
2,0.0,0.02676213771696436,0.0,2,114
0,0.0,0.26695257168413183,0.011721136563522087,0,115
1,0.013031162074115626,0.0,0.033743859630789824,1,115
2,0.0,0.02660763751809748,0.0,2,115
0,0.0,0.2674995386833933,0.012286272222638096,0,116
1,0.013138899039534255,0.0,0.034547466751865576,1,116
2,0.0,0.026853319623209037,0.0,2,116
0,0.0,0.26817372135761486,0.012270006847522302,0,117
1,0.013215495665763329,0.0,0.03463928276396902,1,117
2,0.0,0.0269565258486257,0.0,2,117
0,0.0,0.2687569383967848,0.012233672125768988,0,118
1,0.013279992004081791,0.0,0.0346434747917575,1,118
2,0.0,0.026982911615449204,0.0,2,118
0,0.0,0.26899877525399296,0.012219884450267112,0,119
1,0.013309687671887166,0.0,0.03462040448284395,1,119
2,0.0,0.026952975506098074,0.0,2,119
0,0.0,0.2691529900731398,0.012209595593069006,0,120
1,0.013342812345807418,0.0,0.03456809171648617,1,120
2,0.0,0.026860349055749976,0.0,2,120
0,0.0,0.2687628023621448,0.012210924863362919,0,121
1,0.013330358427204177,0.0,0.03455653145534556,1,121
2,0.0,0.02681066729434469,0.0,2,121
0,0.0,0.2684845793688603,0.01225572353988934,0,122
1,0.013313155845627193,0.0,0.03449588386532133,1,122
2,0.0,0.026721324201322026,0.0,2,122
0,0.0,0.2683515369682756,0.012270249343447509,0,123
1,0.013301017537953375,0.0,0.03449746844417558,1,123
2,0.0,0.026725477397699607,0.0,2,123
0,0.0,0.2683317448362727,0.012270901639855784,0,124
1,0.013298627203518487,0.0,0.034498737821638155,1,124
2,0.0,0.02673137188355759,0.0,2,124
0,0.0,0.2683317448362727,0.012270901639855784,0,125
1,0.013298627203518487,0.0,0.034498737821638155,1,125
2,0.0,0.02673137188355759,0.0,2,125
0,0.0,0.3698188429416007,0.009101533451783488,0,126
1,0.02500370777193929,0.0,0.04016100129418433,1,126
2,0.0,0.03783656282529673,0.0,2,126
0,0.0,-3.673934414857691,0.00175930720629813,0,127
1,2.592827947741948,0.0,0.007750716297321392,1,127
2,0.0,0.006598081942727501,0.0,2,127
0,0.0,-0.4016271079484903,0.006826421567475975,0,128
1,0.03087815900533764,0.0,0.03010471681716074,1,128
2,0.0,0.02802842601377949,0.0,2,128
0,0.0,0.040411714205425456,0.008078813939255637,0,129
1,0.0006289345402058715,0.0,0.035608674015806745,1,129
2,0.0,0.033392709201325255,0.0,2,129
0,0.0,0.07675005152131903,0.008153218102997102,0,130
1,0.0014156385094696122,0.0,0.03558975523485032,1,130
2,0.0,0.03333088423329077,0.0,2,130
0,0.0,0.15899162917478935,0.00808284538877013,0,131
1,0.00491968765906272,0.0,0.03426909556595024,1,131
2,0.0,0.03179964558992448,0.0,2,131
0,0.0,0.1396035757207563,0.007977850592240312,0,132
1,0.003864577349570688,0.0,0.033614606360050134,1,132
2,0.0,0.031121622407041093,0.0,2,132
0,0.0,0.1357883644226126,0.007776774536236373,0,133
1,0.0036603048989536017,0.0,0.03230009412160006,1,133
2,0.0,0.02969610789101691,0.0,2,133
0,0.0,0.13763186309250972,0.007000473025995389,0,134
1,0.0036938501761087906,0.0,0.026863230905584432,1,134
2,0.0,0.02379265410246988,0.0,2,134
0,0.0,0.1464198571922678,0.0069201896386684,0,135
1,0.004116737067754803,0.0,0.02360882118135024,1,135
2,0.0,0.0200824490225997,0.0,2,135
0,0.0,0.11149776975240837,0.007179351619999501,0,136
1,0.002506899807161868,0.0,0.015722705441491805,1,136
2,0.0,0.012709487553236386,0.0,2,136
0,0.0,0.13157787227644138,0.007072169199683241,0,137
1,0.003369401112315199,0.0,0.019993814926759702,1,137
2,0.0,0.01657167809409662,0.0,2,137
0,0.0,0.1535138823413643,0.007338963447471098,0,138
1,0.004476802344100626,0.0,0.01955571034117504,1,138
2,0.0,0.015986779817239248,0.0,2,138
0,0.0,0.15970703968334282,0.00762926662465725,0,139
1,0.004823626213327154,0.0,0.018868192153388606,1,139
2,0.0,0.015691422933372272,0.0,2,139
0,0.0,0.15965956307165943,0.008320543837419314,0,140
1,0.004870379720641396,0.0,0.02088010120804888,1,140
2,0.0,0.01809117758035709,0.0,2,140
0,0.0,0.1518597219397317,0.009280414517360442,0,141
1,0.004508821553452972,0.0,0.02238963013108251,1,141
2,0.0,0.019694568686886772,0.0,2,141
0,0.0,0.1496514239743775,0.009390215349493003,0,142
1,0.004393754806119661,0.0,0.02230025644149437,1,142
2,0.0,0.019439481247875597,0.0,2,142
0,0.0,0.14485195258649272,0.00976304479351672,0,143
1,0.004146393655822096,0.0,0.02196304896841191,1,143
2,0.0,0.018402576003386177,0.0,2,143
0,0.0,0.1435317798404433,0.0101525742805942,0,144
1,0.004078882605269404,0.0,0.021739480234075594,1,144
2,0.0,0.017458998962270846,0.0,2,144
0,0.0,0.14428892999744364,0.011260586717246035,0,145
1,0.004128516598800541,0.0,0.021589685204639032,1,145
2,0.0,0.015758996409218753,0.0,2,145
0,0.0,0.14667752382202276,0.01294801333007081,0,146
1,0.004302424380909004,0.0,0.022417891373531333,1,146
2,0.0,0.01481376993696649,0.0,2,146
0,0.0,0.15039340684459762,0.01446710246842658,0,147
1,0.004565004607911179,0.0,0.023936683737578388,1,147
2,0.0,0.014883746123938953,0.0,2,147
0,0.0,0.15123742305630508,0.014689808415943594,0,148
1,0.004630467374602155,0.0,0.024553213759413318,1,148
2,0.0,0.015248706890076694,0.0,2,148
0,0.0,0.1509987753061083,0.014735571960804925,0,149
1,0.0046256842784032385,0.0,0.024666889906239085,1,149
2,0.0,0.015315178669251804,0.0,2,149
0,0.0,0.14963271413853219,0.014881947381001015,0,150
1,0.004591912466193102,0.0,0.025077548975615593,1,150
2,0.0,0.015391194156254624,0.0,2,150
0,0.0,0.1486296267335805,0.014950426589567982,0,151
1,0.00457329658135903,0.0,0.025147555077985606,1,151
2,0.0,0.015263761714536897,0.0,2,151
0,0.0,0.14854030721053962,0.01494756831636971,0,152
1,0.004591224873954458,0.0,0.02495291271833337,1,152
2,0.0,0.015056444068201854,0.0,2,152
0,0.0,0.14953759678024905,0.014914258197009199,0,153
1,0.0046590402800582315,0.0,0.024665171632416338,1,153
2,0.0,0.014933117134342299,0.0,2,153
0,0.0,0.14984681435339264,0.014989089995846947,0,154
1,0.0046806045876607695,0.0,0.024524286397350194,1,154
2,0.0,0.01483953535282611,0.0,2,154
0,0.0,0.1499460420114105,0.015003279951549462,0,155
1,0.0046873933802434285,0.0,0.024496401652586205,1,155
2,0.0,0.014868456092209917,0.0,2,155
0,0.0,0.149803823130414,0.015037148602635678,0,156
1,0.004682278935102458,0.0,0.02450032672080439,1,156
2,0.0,0.014868107324350453,0.0,2,156
0,0.0,0.14979519531990462,0.015036244593697906,0,157
1,0.004682219031896524,0.0,0.02450596376999773,1,157
2,0.0,0.014873005250386342,0.0,2,157
0,0.0,0.14979519531990462,0.015036244593697906,0,158
1,0.004682219031896524,0.0,0.02450596376999773,1,158
2,0.0,0.014873005250386342,0.0,2,158
0,0.0,0.14979519531990462,0.015036244593697906,0,159
1,0.004682219031896524,0.0,0.02450596376999773,1,159
2,0.0,0.014873005250386342,0.0,2,159
0,0.0,-2.9283430176344156,0.0006068925524465575,0,160
1,1.3474603441893853,0.0,-0.0012369745316623785,1,160
2,0.0,7.104386544404444e-05,0.0,2,160
0,0.0,-0.39246289838181597,0.011110320697567557,0,161
1,0.027028474990826626,0.0,0.01761402344265941,1,161
2,0.0,0.00902967756533844,0.0,2,161
0,0.0,0.07327072544895549,0.01444215070846825,0,162
1,0.0017120408483446159,0.0,0.023457988096528676,1,162
2,0.0,0.013939296245293206,0.0,2,162
0,0.0,0.10650310098332766,0.014611769817095138,0,163
1,0.002748629690092443,0.0,0.023787138703929116,1,163
2,0.0,0.014228838629851692,0.0,2,163
0,0.0,0.11233640259392816,0.014550841933257709,0,164
1,0.00296082616614648,0.0,0.023699581312260878,1,164
2,0.0,0.014149967880749322,0.0,2,164
0,0.0,0.11818102750771828,0.014318820816222492,0,165
1,0.003168999736691402,0.0,0.023259325475057397,1,165
2,0.0,0.013761387334606153,0.0,2,165
0,0.0,0.10447124089647121,0.013495490244431429,0,166
1,0.0025714333428944187,0.0,0.021671225413313695,1,166
2,0.0,0.012395398902473029,0.0,2,166
0,0.0,0.10632908896089487,0.013503451042366789,0,167
1,0.002639266226842065,0.0,0.02161339708135908,1,167
2,0.0,0.012360968487230374,0.0,2,167
0,0.0,0.10975722707422397,0.013455401085764937,0,168
1,0.002762257557499568,0.0,0.0212298635168193,1,168
2,0.0,0.012095340191502857,0.0,2,168
0,0.0,0.1113006076899933,0.013373070849864005,0,169
1,0.002814038574729741,0.0,0.020691609814540768,1,169
2,0.0,0.011720485569537649,0.0,2,169
0,0.0,0.1111136409258201,0.013419796586352246,0,170
1,0.0028126531462183317,0.0,0.020075277666656215,1,170
2,0.0,0.011347822885167985,0.0,2,170
0,0.0,0.11018452602866753,0.013732399617823457,0,171
1,0.002807631511033961,0.0,0.019606088904685504,1,171
2,0.0,0.011162725128355503,0.0,2,171
0,0.0,0.10943815871382087,0.014087362021112944,0,172
1,0.0028127797041160967,0.0,0.019453616190277297,1,172
2,0.0,0.011180433242797617,0.0,2,172
0,0.0,0.10935760075376694,0.014262564384415565,0,173
1,0.002824402634060263,0.0,0.01951331288344078,1,173
2,0.0,0.011249287566938429,0.0,2,173
0,0.0,0.1094265595018328,0.014420562611961991,0,174
1,0.0028370067904506134,0.0,0.019623432684520242,1,174
2,0.0,0.011300493732723706,0.0,2,174
0,0.0,0.10957261001583937,0.014659922751753337,0,175
1,0.0028529956926948877,0.0,0.01981164375554988,1,175
2,0.0,0.011322477608016713,0.0,2,175
0,0.0,0.10958027522098726,0.014885161976331074,0,176
1,0.0028575046158582735,0.0,0.01997463977704633,1,176
2,0.0,0.011249480464165787,0.0,2,176
0,0.0,0.10924632914735923,0.014997080344939566,0,177
1,0.002841577951534065,0.0,0.02000540721368754,1,177
2,0.0,0.01108323651612736,0.0,2,177
0,0.0,0.10925619742922038,0.01495115713924131,0,178
1,0.00283629682739175,0.0,0.01997053420275811,1,178
2,0.0,0.011014040800303122,0.0,2,178
0,0.0,0.10917391492546688,0.014921721317447434,0,179
1,0.0028316321602337323,0.0,0.019960733265193945,1,179
2,0.0,0.011005389583778386,0.0,2,179
0,0.0,0.10920708432019499,0.014905587764413156,0,180
1,0.002832571104273024,0.0,0.01994220333271582,1,180
2,0.0,0.01099619875639908,0.0,2,180
0,0.0,0.10913170150976374,0.014899833384968768,0,181
1,0.0028311857522295533,0.0,0.019934569574490166,1,181
2,0.0,0.010990945189026033,0.0,2,181
0,0.0,0.10920762795083609,0.014916325232115724,0,182
1,0.0028371603804396824,0.0,0.019936104686105377,1,182
2,0.0,0.010983349139067507,0.0,2,182
0,0.0,0.10918584456838368,0.014950286391381061,0,183
1,0.0028394227783619,0.0,0.019952734657164697,1,183
2,0.0,0.010984846771959293,0.0,2,183
0,0.0,0.10922356604404626,0.014960821214333038,0,184
1,0.002841250588350795,0.0,0.019961996895730517,1,184
2,0.0,0.010987013092384671,0.0,2,184
0,0.0,0.10920267803180177,0.01496135832598951,0,185
1,0.0028404984863869076,0.0,0.01996229206758935,1,185
2,0.0,0.010987677121574255,0.0,2,185
0,0.0,0.10920267803180177,0.01496135832598951,0,186
1,0.0028404984863869076,0.0,0.01996229206758935,1,186
2,0.0,0.010987677121574255,0.0,2,186
0,0.0,0.14979519531990462,0.015036244593697906,0,187
1,0.004682219031896524,0.0,0.02450596376999773,1,187
2,0.0,0.014873005250386342,0.0,2,187
0,0.0,-4.740022420333685,-0.0011373467477015689,0,188
1,3.2535184407191644,0.0,-0.0026975162193026425,1,188
2,0.0,0.0006090582102466749,0.0,2,188
0,0.0,-0.6668355218210937,0.009414250948274203,0,189
1,0.07737421281562289,0.0,0.015456671329912072,1,189
2,0.0,0.00765470802344216,0.0,2,189
0,0.0,-0.0376373968781481,0.013601971445139431,0,190
1,0.0009673658019235935,0.0,0.022190211418929844,1,190
2,0.0,0.012939853040802106,0.0,2,190
0,0.0,0.007787467748535303,0.013533482550693301,0,191
1,0.0007263804468708347,0.0,0.02203233425481156,1,191
2,0.0,0.012771255610653478,0.0,2,191
0,0.0,0.04853810013360447,0.013179023294280948,0,192
1,0.0010864978568363875,0.0,0.021305416355441947,1,192
2,0.0,0.012117441672163727,0.0,2,192
0,0.0,0.052921493142133964,0.012737721780208097,0,193
1,0.0011245107396847364,0.0,0.02045682366950906,1,193
2,0.0,0.011394217518242919,0.0,2,193
0,0.0,0.05899337002814126,0.010778590064685397,0,194
1,0.0010821325185108417,0.0,0.016111077700313524,1,194
2,0.0,0.007973270166372885,0.0,2,194
0,0.0,0.06327660967301459,0.010961056136138608,0,195
1,0.0011882918001310514,0.0,0.014413061936265053,1,195
2,0.0,0.0069789834265088346,0.0,2,195
0,0.0,0.04117633889577004,0.009966918082989395,0,196
1,0.000716456413746481,0.0,0.0097254086240064,1,196
2,0.0,0.004312205995607559,0.0,2,196
0,0.0,0.05431010901690811,0.010551670738264638,0,197
1,0.0009752571672222141,0.0,0.012472942332558218,1,197
2,0.0,0.005784503266239944,0.0,2,197
0,0.0,0.06263292963152875,0.010912536709070936,0,198
1,0.001169950822978213,0.0,0.012347332663602236,1,198
2,0.0,0.005818653345349317,0.0,2,198
0,0.0,0.06286007522329506,0.010917949264340822,0,199
1,0.0011729086166889096,0.0,0.012305088767629308,1,199
2,0.0,0.005772323952313429,0.0,2,199
0,0.0,0.0,0.010411713941135919,0,200
1,0.0004612087230492237,0.0,0.007068480884407638,1,200
2,0.0,0.003517357824393203,0.0,2,200
0,0.0,0.058395510064171215,0.010881165954355584,0,201
1,0.0010768786103852136,0.0,0.011915221624268847,1,201
2,0.0,0.005571677726597636,0.0,2,201
0,0.0,0.016522486575209872,0.010895363148712702,0,202
1,0.0005436056304988773,0.0,0.012113210188936109,1,202
2,0.0,0.005701715271972372,0.0,2,202
0,0.0,0.05619380436737023,0.010881907907074904,0,203
1,0.0010338603469880949,0.0,0.01192567903029769,1,203
2,0.0,0.0055784756983482415,0.0,2,203
0,0.0,0.01680282837229565,0.010900650702167775,0,204
1,0.0005455980279247681,0.0,0.012214653478403038,1,204
2,0.0,0.005753896215331591,0.0,2,204
0,0.0,0.05619182917612083,0.010881908842635856,0,205
1,0.001033822532613809,0.0,0.011925693581715071,1,205
2,0.0,0.005578484409284071,0.0,2,205
0,0.0,0.05619182917612083,0.010881908842635856,0,206
1,0.001033822532613809,0.0,0.011925693581715071,1,206
2,0.0,0.005578484409284071,0.0,2,206
0,0.0,0.05619182917612083,0.010881908842635856,0,207
1,0.001033822532613809,0.0,0.011925693581715071,1,207
2,0.0,0.005578484409284071,0.0,2,207
0,0.0,-1.8773095555072528,0.0,0,208
1,0.563294735900161,0.0,-0.002857134704038756,1,208
2,0.0,0.00023027589453848867,0.0,2,208
0,0.0,-0.27943748526039713,0.00854992206945914,0,209
1,0.013579669762782342,0.0,0.00878456066272301,1,209
2,0.0,0.003400247771598131,0.0,2,209
0,0.0,0.00998703627396618,0.010549832794179393,0,210
1,0.0004863806836039062,0.0,0.011477103471411417,1,210
2,0.0,0.0052423501633934375,0.0,2,210
0,0.0,0.0440059480464449,0.010793992673740328,0,211
1,0.00081885577054477,0.0,0.011806878848619097,1,211
2,0.0,0.005488694528134671,0.0,2,211
0,0.0,0.044219744704623205,0.010768512242746534,0,212
1,0.0008198427730037272,0.0,0.011777895750249767,1,212
2,0.0,0.005464360955700971,0.0,2,212
0,0.0,0.045075084543028734,0.01066669970670399,0,213
1,0.0008239999952427588,0.0,0.01166210686387178,1,213
2,0.0,0.005367594793958139,0.0,2,213
0,0.0,0.04824277284412898,0.010291417043318863,0,214
1,0.0008422950154371443,0.0,0.011235574716953127,1,214
2,0.0,0.005017360543537682,0.0,2,214
0,0.0,0.0,0.008713551987075022,0,215
1,0.0003242290758057731,0.0,0.009535439851308461,1,215
2,0.0,0.0036889369800098353,0.0,2,215
0,0.0,0.04115104010895242,0.010056491356583505,0,216
1,0.0007150123317902986,0.0,0.010981900304136151,1,216
2,0.0,0.004808267014962456,0.0,2,216
0,0.0,0.04136044738517283,0.010044873921999306,0,217
1,0.0007168292163452756,0.0,0.01098514047091338,1,217
2,0.0,0.004803945837835067,0.0,2,217
0,0.0,0.04219841549312692,0.00999835809890976,0,218
1,0.0007242554409701692,0.0,0.010998106168515476,1,218
2,0.0,0.004786726543343671,0.0,2,218
0,0.0,0.04555571563651712,0.00981155633530435,0,219
1,0.0007565019954676465,0.0,0.011050049508961154,1,219
2,0.0,0.004718899201767544,0.0,2,219
0,0.0,0.05783230481583169,0.007949544330087347,0,220
1,0.000816523776427666,0.0,0.0057476962479393766,1,220
2,0.0,0.002024492578225241,0.0,2,220
0,0.0,0.04740565032654905,0.009533497030008059,0,221
1,0.0007605797453867684,0.0,0.01025008159282552,1,221
2,0.0,0.004219726912523112,0.0,2,221
0,0.0,0.057090295083062646,0.008495591879670417,0,222
1,0.0008356936031055285,0.0,0.005720218434779529,1,222
2,0.0,0.0021729803407173082,0.0,2,222
0,0.0,0.04765580328127701,0.00950724094125432,0,223
1,0.0007620420249831267,0.0,0.010133966780393579,1,223
2,0.0,0.004154208413847243,0.0,2,223
0,0.0,0.0,0.008143754384963526,0,224
1,0.0002719730030397102,0.0,0.005812579407270873,1,224
2,0.0,0.002103813289364657,0.0,2,224
0,0.0,0.04541023030605258,0.009443544539443089,0,225
1,0.0007211101989654422,0.0,0.009930217677825058,1,225
2,0.0,0.0040363965977582,0.0,2,225
0,0.0,0.04467149315453637,0.009415164105845407,0,226
1,0.0007047995480688264,0.0,0.010304136763803555,1,226
2,0.0,0.004162009618514352,0.0,2,226
0,0.0,0.04410002976583408,0.009879961295124952,0,227
1,0.0007302468734676443,0.0,0.010502451977925363,1,227
2,0.0,0.004389031135796976,0.0,2,227
0,0.0,0.0433949743644629,0.010622554980443573,0,228
1,0.0007728452889703423,0.0,0.010463655094267657,1,228
2,0.0,0.0045597693246893145,0.0,2,228
0,0.0,0.04343117904575743,0.010978873790640584,0,229
1,0.0007954124077845102,0.0,0.010249827235006545,1,229
2,0.0,0.0045137653598557904,0.0,2,229
0,0.0,0.04374017816913402,0.011356829841177475,0,230
1,0.0008148943970888192,0.0,0.009978195688114058,1,230
2,0.0,0.004353774849400558,0.0,2,230
0,0.0,0.04404319588787887,0.011739761297506205,0,231
1,0.0008224644115074126,0.0,0.009835353745859166,1,231
2,0.0,0.004120834775922155,0.0,2,231
0,0.0,0.04412027233274191,0.012090734394409308,0,232
1,0.0008097965063932818,0.0,0.010046448410627195,1,232
2,0.0,0.0038551991223639654,0.0,2,232
0,0.0,0.043761871329873324,0.012202929608277588,0,233
1,0.0007860061925419239,0.0,0.01068611255037766,1,233
2,0.0,0.003782780772234649,0.0,2,233
0,0.0,0.04341729424446186,0.012166978355998417,0,234
1,0.0007769013671706604,0.0,0.010943674738847928,1,234
2,0.0,0.0038235948085878347,0.0,2,234
0,0.0,0.04334735451990907,0.012150317963837264,0,235
1,0.0007757040963751832,0.0,0.010970450613301177,1,235
2,0.0,0.003834206628358877,0.0,2,235
0,0.0,0.04337750979165218,0.012127021804169687,0,236
1,0.0007763818568660163,0.0,0.011002167410660891,1,236
2,0.0,0.003847743027257468,0.0,2,236
0,0.0,0.04215461754938831,0.012116442244928837,0,237
1,0.0007610851429814983,0.0,0.010969117978550892,1,237
2,0.0,0.0038404328164407765,0.0,2,237
0,0.0,0.04308979427309007,0.012124542881629207,0,238
1,0.0007727482011169964,0.0,0.010994402864983531,1,238
2,0.0,0.0038460250264811943,0.0,2,238
0,0.0,0.04320517846729551,0.012127325277537154,0,239
1,0.0007753270001110064,0.0,0.010990407530376046,1,239
2,0.0,0.0038426886814870538,0.0,2,239
0,0.0,0.043366673485901584,0.012157983781923332,0,240
1,0.0007795083497441048,0.0,0.010951484048849219,1,240
2,0.0,0.003821595913656873,0.0,2,240
0,0.0,0.04338738695913968,0.01217453856430542,0,241
1,0.0007803260637456597,0.0,0.010930660830010971,1,241
2,0.0,0.003811422979544164,0.0,2,241
0,0.0,0.04338040610635479,0.01218007353911588,0,242
1,0.0007803865849354693,0.0,0.010926052942077364,1,242
2,0.0,0.0038097257923720884,0.0,2,242
0,0.0,0.04337875260582367,0.012180267182720288,0,243
1,0.0007803599348040499,0.0,0.010926057528902647,1,243
2,0.0,0.0038097417775382167,0.0,2,243
0,0.0,0.04337875260582367,0.012180267182720288,0,244
1,0.0007803599348040499,0.0,0.010926057528902647,1,244
2,0.0,0.0038097417775382167,0.0,2,244
0,0.0,0.05619182917612083,0.010881908842635856,0,245
1,0.001033822532613809,0.0,0.011925693581715071,1,245
2,0.0,0.005578484409284071,0.0,2,245
0,0.0,-5.062323551240829,-0.00708563471441759,0,246
1,3.4043407047971557,0.0,-0.009315936306301805,1,246
2,0.0,0.012444840342253573,0.0,2,246
0,0.0,-0.7593770919031381,0.003963866240617744,0,247
1,0.097802472750529,0.0,0.004317973439849976,1,247
2,0.0,0.0009609149600415454,0.0,2,247
0,0.0,-0.09650809168659456,0.009401670398685493,0,248
1,0.0019700907541894456,0.0,0.010298128066960432,1,248
2,0.0,0.0043755355945588985,0.0,2,248
0,0.0,0.003229095923749473,0.010358762147674684,0,249
1,0.00045738026603799384,0.0,0.011350152426179587,1,249
2,0.0,0.0051424280810195575,0.0,2,249
0,0.0,0.009543943460682602,0.010164891709599612,0,250
1,0.0004554228304520832,0.0,0.011133033202155581,1,250
2,0.0,0.004970204490140087,0.0,2,250
0,0.0,0.022549390989836306,0.009273010212008654,0,251
1,0.00045762596729765313,0.0,0.010124878097315104,1,251
2,0.0,0.004206480948766158,0.0,2,251
0,0.0,0.026988585009024412,0.0082501203926178,0,252
1,0.00042229448928212754,0.0,0.00894063125669145,1,252
2,0.0,0.003379732962059904,0.0,2,252
0,0.0,0.023410307167178138,0.007327943308806273,0,253
1,0.000329688826459962,0.0,0.007559640162699486,1,253
2,0.0,0.0025477248932957537,0.0,2,253
0,0.0,0.02273791530404897,0.007058304440259878,0,254
1,0.00030647390081115487,0.0,0.007009612132465853,1,254
2,0.0,0.0022610106609229383,0.0,2,254
0,0.0,0.022670004664871533,0.006938936112476784,0,255
1,0.0002965222173066458,0.0,0.0064408949700878685,1,255
2,0.0,0.00201780068122687,0.0,2,255
0,0.0,0.023404088576541044,0.007092085618185763,0,256
1,0.00031071642502648953,0.0,0.006116268044679129,1,256
2,0.0,0.0019632505740177744,0.0,2,256
0,0.0,0.024911014817203727,0.00740894481548137,0,257
1,0.00034098560736031425,0.0,0.005444688454684536,1,257
2,0.0,0.0018701874680728595,0.0,2,257
0,0.0,0.022915841727383406,0.007759437703790737,0,258
1,0.00034584778557704513,0.0,0.005700955824937228,1,258
2,0.0,0.002032048696792915,0.0,2,258
0,0.0,0.02200709286192827,0.007846730738803777,0,259
1,0.00034261258231629306,0.0,0.006118329863119014,1,259
2,0.0,0.002147906715732024,0.0,2,259
0,0.0,0.02036106608049939,0.007548937793402199,0,260
1,0.0003042150843579681,0.0,0.007459874805515702,1,260
2,0.0,0.0023540323478783826,0.0,2,260
0,0.0,0.020408615985856193,0.007233349820546397,0,261
1,0.0002785741576188925,0.0,0.008128312321297407,1,261
2,0.0,0.0023765926232734193,0.0,2,261
0,0.0,0.01989295373355123,0.00588511028989879,0,262
1,0.00018626843950764088,0.0,0.004663454226430087,1,262
2,0.0,0.0009368571305450504,0.0,2,262
0,0.0,0.020181936305331355,0.0066979337758398295,0,263
1,0.00023638896803737308,0.0,0.006710909374037813,1,263
2,0.0,0.00165946839348056,0.0,2,263
0,0.0,0.02607479825719238,0.006681898638413289,0,264
1,0.0002783708071587223,0.0,0.006984678964007197,1,264
2,0.0,0.0016898511055759033,0.0,2,264
0,0.0,0.015228293837121468,0.00660535358238235,0,265
1,0.00019967928548276226,0.0,0.006850414015270996,1,265
2,0.0,0.0016352458570056709,0.0,2,265
0,0.0,0.02415661565394475,0.006668371775210826,0,266
1,0.0002615915723678191,0.0,0.0069609477103266615,1,266
2,0.0,0.0016801258199039234,0.0,2,266
0,0.0,0.024349839286312576,0.006714782441658951,0,267
1,0.00026464882351160513,0.0,0.00684051892723307,1,267
2,0.0,0.0016501777253128229,0.0,2,267
0,0.0,0.024456955953715102,0.007854421807831047,0,268
1,0.00031549853695424934,0.0,0.00601348709773293,1,268
2,0.0,0.0016337640252810572,0.0,2,268
0,0.0,0.023630937672593794,0.008380201956433783,0,269
1,0.000332773414273483,0.0,0.005970143838251574,1,269
2,0.0,0.0017048929424865575,0.0,2,269
0,0.0,0.022803814083251793,0.008749813259529744,0,270
1,0.0003402675350590322,0.0,0.006090829840753635,1,270
2,0.0,0.0017529149269872788,0.0,2,270
0,0.0,0.021766382997749186,0.00929762770990138,0,271
1,0.0003445712255347092,0.0,0.006390006019551085,1,271
2,0.0,0.0017634126980016775,0.0,2,271
0,0.0,0.021201792406625352,0.009818622074221612,0,272
1,0.0003321380643352652,0.0,0.006830180832469387,1,272
2,0.0,0.0016238865135074106,0.0,2,272
0,0.0,0.02229300586839696,0.009619083704681126,0,273
1,0.00030162042310686405,0.0,0.00716959429585951,1,273
2,0.0,0.0013835687148436037,0.0,2,273
0,0.0,0.02328508243420869,0.009332473059943973,0,274
1,0.00029911579261039976,0.0,0.0072569342431243865,1,274
2,0.0,0.0013716587965799608,0.0,2,274
0,0.0,0.023667190528185608,0.009201721168525079,0,275
1,0.0002982847633072491,0.0,0.007177467974906462,1,275
2,0.0,0.001355439339305322,0.0,2,275
0,0.0,0.023646007241286026,0.0091873620727471,0,276
1,0.00029780293834772136,0.0,0.007162851681684732,1,276
2,0.0,0.0013534071441231883,0.0,2,276
0,0.0,0.02363958908068695,0.009169047953391735,0,277
1,0.00029749590111742373,0.0,0.0071338706930247665,1,277
2,0.0,0.0013499973316176627,0.0,2,277
0,0.0,0.023602190236495152,0.009152101244931198,0,278
1,0.00029705201860291935,0.0,0.007104801538891059,1,278
2,0.0,0.0013457907609530134,0.0,2,278
0,0.0,0.023608366832213155,0.00914653465230798,0,279
1,0.00029766758064523767,0.0,0.00706610709216554,1,279
2,0.0,0.0013406649397476368,0.0,2,279
0,0.0,0.02306701811113396,0.009133944466238705,0,280
1,0.00029290523204599883,0.0,0.007143736620271593,1,280
2,0.0,0.001341418471564898,0.0,2,280
0,0.0,0.02347460974799884,0.009161184803433418,0,281
1,0.00029754719525741283,0.0,0.00711295731630975,1,281
2,0.0,0.0013439409521424114,0.0,2,281
0,0.0,0.02361428623918457,0.009188574526009925,0,282
1,0.00029941170556441513,0.0,0.007131332848987693,1,282
2,0.0,0.0013466080944186949,0.0,2,282
0,0.0,0.023610959692226208,0.009204882679027457,0,283
1,0.00029975156911995424,0.0,0.0071520406813288025,1,283
2,0.0,0.001348591181639621,0.0,2,283
0,0.0,0.023592574030612646,0.009207328841916237,0,284
1,0.00029964789177375684,0.0,0.007155495348643316,1,284
2,0.0,0.001348789138819534,0.0,2,284
0,0.0,0.02358996726588704,0.009207453014661152,0,285
1,0.00029962611449887755,0.0,0.00715569531966346,1,285
2,0.0,0.0013487992627810783,0.0,2,285
0,0.0,0.02358996726588704,0.009207453014661152,0,286
1,0.00029962611449887755,0.0,0.00715569531966346,1,286
2,0.0,0.0013487992627810783,0.0,2,286
0,0.0,0.05619182917612083,0.010881908842635856,0,287
1,0.001033822532613809,0.0,0.011925693581715071,1,287
2,0.0,0.005578484409284071,0.0,2,287
0,0.0,-4.864642122253338,-0.009448274133089981,0,288
1,3.282484537066526,0.0,-0.011974234993433695,1,288
2,0.0,0.014313675074121662,0.0,2,288
0,0.0,-0.735208327917652,0.004056982725736331,0,289
1,0.09233413712562977,0.0,0.004640866945067437,1,289
2,0.0,0.0010036138951186983,0.0,2,289
0,0.0,-0.09329258539096777,0.009443358690489158,0,290
1,0.0018691946664704296,0.0,0.010395164114367477,1,290
2,0.0,0.004394471369917037,0.0,2,290
0,0.0,-0.005895966100559478,0.010276041980336385,0,291
1,0.0004542871868614865,0.0,0.011281037064775339,1,291
2,0.0,0.005067780356679746,0.0,2,291
0,0.0,-0.0026870925347354893,0.009956860399051715,0,292
1,0.00042456325837986,0.0,0.010937247535487984,1,292
2,0.0,0.004800855762393886,0.0,2,292
0,0.0,0.009356524958297701,0.007562904880104426,0,293
1,0.00026976453598908095,0.0,0.00834606230819268,1,293
2,0.0,0.0029643535853020363,0.0,2,293
0,0.0,0.011593587075822826,0.006062426851740962,0,294
1,0.00019047464733321244,0.0,0.006680083234518832,1,294
2,0.0,0.0019681146106965497,0.0,2,294
0,0.0,0.011720363492899226,0.0048519748718374965,0,295
1,0.00013179445176846977,0.0,0.005218033784447519,1,295
2,0.0,0.0012470327664804437,0.0,2,295
0,0.0,0.011366261677073521,0.004199518980720703,0,296
1,0.00010320203559615109,0.0,0.004324375767139104,1,296
2,0.0,0.0008921481335536676,0.0,2,296
0,0.0,0.011052428658780958,0.0039215606861447184,0,297
1,9.120321526200385e-05,0.0,0.003818523205485533,1,297
2,0.0,0.0007290186603039017,0.0,2,297
0,0.0,0.010820625667628075,0.0038513374761254553,0,298
1,8.71845679984171e-05,0.0,0.0035128816481790896,1,298
2,0.0,0.0006514219172781354,0.0,2,298
0,0.0,0.010421867533200005,0.0038963142440727712,0,299
1,8.552742802027007e-05,0.0,0.003017774072216751,1,299
2,0.0,0.0005591449732789748,0.0,2,299
0,0.0,0.009762900153266068,0.004128560854043239,0,300
1,8.87935047849907e-05,0.0,0.002093097197797476,1,300
2,0.0,0.0004659490244415845,0.0,2,300
0,0.0,0.00983770816605126,0.004331536366318732,0,301
1,9.595440089219299e-05,0.0,0.00220914758186462,1,301
2,0.0,0.0005105765762341058,0.0,2,301
0,0.0,0.0,0.006040205272231382,0,302
1,0.0001462602194102965,0.0,0.0028919183083794256,1,302
2,0.0,0.0008945941015321836,0.0,2,302
0,0.0,0.013466468190620326,0.005487325742631892,0,303
1,0.00015200961903039326,0.0,0.002702299045542652,1,303
2,0.0,0.0007523283538881384,0.0,2,303
0,0.0,0.0,0.005888017373674189,0,304
1,0.0001368449857344512,0.0,0.0024292926684354073,1,304
2,0.0,0.0007908374512707414,0.0,2,304
0,0.0,0.008552545793958918,0.005632166705823517,0,305
1,0.00013923473089184102,0.0,0.002603950252637359,1,305
2,0.0,0.0007654459204332839,0.0,2,305
0,0.0,0.008782093474399025,0.005495340261377406,0,306
1,0.00013351399424968313,0.0,0.0025935844133138587,1,306
2,0.0,0.0007316773316139704,0.0,2,306
0,0.0,0.009158740165249353,0.004331304491134368,0,307
1,8.63119179053972e-05,0.0,0.0033243108640059783,1,307
2,0.0,0.0005647386703639378,0.0,2,307
0,0.0,0.009114925057719948,0.0037076524882230554,0,308
1,6.477566868575899e-05,0.0,0.0038878439451950192,1,308
2,0.0,0.00051989218363869,0.0,2,308
0,0.0,0.009151520095465484,0.0002297112638568706,0,309
1,1.4063194197763807e-05,0.0,0.004591464473114442,1,309
2,0.0,0.0003285119990905358,0.0,2,309
0,0.0,0.009118667033167735,0.0033911196496117578,0,310
1,5.5930112953161806e-05,0.0,0.003956115476002272,1,310
2,0.0,0.0004814912147694402,0.0,2,310
0,0.0,0.008699848474399634,0.0019239606033108387,0,311
1,2.5348897955425845e-05,0.0,0.004645564443608381,1,311
2,0.0,0.0004172638434508764,0.0,2,311
0,0.0,0.009061144237871164,0.003199724369136729,0,312
1,5.0828699008799575e-05,0.0,0.004047812278607007,1,312
2,0.0,0.0004673829520948859,0.0,2,312
0,0.0,0.011546915380590477,0.0033963779592884333,0,313
1,6.38252433597849e-05,0.0,0.004117513513304481,1,313
2,0.0,0.0004953840106103446,0.0,2,313
0,0.0,0.01195928452264776,0.0035654457650450425,0,314
1,6.966038531436634e-05,0.0,0.003964489337786646,1,314
2,0.0,0.0004932467290477429,0.0,2,314
0,0.0,0.01342722400903353,0.004076010733639314,0,315
1,8.816308514826298e-05,0.0,0.0033845639728087035,1,315
2,0.0,0.0004652423724372894,0.0,2,315
0,0.0,0.012701238776798046,0.004701531646937093,0,316
1,9.749635558849199e-05,0.0,0.0025092300769533264,1,316
2,0.0,0.0004128415116527201,0.0,2,316
0,0.0,0.013095220165615516,0.0056509592742393575,0,317
1,0.00010845124593960173,0.0,0.0,1,317
2,0.0,0.00032801106172348913,0.0,2,317
0,0.0,0.01286747740326074,0.0050989524653098734,0,318
1,0.00010223533121750319,0.0,0.0015872978416142595,1,318
2,0.0,0.00035583166970584295,0.0,2,318
0,0.0,0.011513937928950438,0.0052126393059117905,0,319
1,9.947514182507658e-05,0.0,0.0025744460688438054,1,319
2,0.0,0.0004184886643642782,0.0,2,319
0,0.0,0.010416064220104626,0.005191620594387034,0,320
1,8.897494948097543e-05,0.0,0.0033908647266614874,1,320
2,0.0,0.00042858276004939657,0.0,2,320
0,0.0,0.010385106607768759,0.005007607575792451,0,321
1,7.126286825369763e-05,0.0,0.004358019765827055,1,321
2,0.0,0.00037162902070604566,0.0,2,321
0,0.0,0.008897734036414522,0.0063996556362211614,0,322
1,9.150311950183137e-05,0.0,0.0037613019229458654,1,322
2,0.0,0.0003927843084610408,0.0,2,322
0,0.0,0.009783322562783149,0.005548534256622394,0,323
1,7.860230929789538e-05,0.0,0.004137540201254412,1,323
2,0.0,0.000377009166966649,0.0,2,323
0,0.0,0.011493428723587704,0.005388921998011743,0,324
1,7.837308026549736e-05,0.0,0.003915225068373927,1,324
2,0.0,0.0003298424402359895,0.0,2,324
0,0.0,0.011609307467263647,0.0054353793223079466,0,325
1,8.03503538051103e-05,0.0,0.003928564715250965,1,325
2,0.0,0.0003385659656646056,0.0,2,325
0,0.0,0.011570594813731926,0.0054342753375872495,0,326
1,8.02252541137797e-05,0.0,0.003925183271960965,1,326
2,0.0,0.00033855605613526506,0.0,2,326
0,0.0,0.011381276768743469,0.005428500668584638,0,327
1,7.961432381690028e-05,0.0,0.003909292750622254,1,327
2,0.0,0.0003383314482838496,0.0,2,327
0,0.0,0.011171241041476434,0.005422693368933742,0,328
1,7.899766677390156e-05,0.0,0.00389141384498078,1,328
2,0.0,0.0003379537787401335,0.0,2,328
0,0.0,0.010926689870688058,0.005415943002970864,0,329
1,7.835806232949882e-05,0.0,0.0038714795077283387,1,329
2,0.0,0.0003369365442710953,0.0,2,329
0,0.0,0.010864674768815962,0.00541446017083671,0,330
1,7.839107014111225e-05,0.0,0.0038645249153603707,1,330
2,0.0,0.0003351999594750841,0.0,2,330
0,0.0,0.011171608254716506,0.005409628798018785,0,331
1,7.909630430803816e-05,0.0,0.00389154582696185,1,331
2,0.0,0.0003312776482506905,0.0,2,331
0,0.0,0.011452549960723882,0.0054290193818977315,0,332
1,8.049444922940645e-05,0.0,0.0039264508651273965,1,332
2,0.0,0.00033377526968156416,0.0,2,332
0,0.0,0.011536545382062306,0.005433798632014705,0,333
1,8.083278466001076e-05,0.0,0.0039336547829884475,1,333
2,0.0,0.00033426691064766904,0.0,2,333
0,0.0,0.011543189703655374,0.0054339235314834694,0,334
1,8.084539836598182e-05,0.0,0.003933744657910121,1,334
2,0.0,0.00033427292305495684,0.0,2,334
0,0.0,0.011542966367978287,0.005433826256897677,0,335
1,8.084210842218656e-05,0.0,0.00393363373614669,1,335
2,0.0,0.00033426353796912374,0.0,2,335
0,0.0,0.011542966367978287,0.005433826256897677,0,336
1,8.084210842218656e-05,0.0,0.00393363373614669,1,336
2,0.0,0.00033426353796912374,0.0,2,336
0,0.0,0.011542966367978287,0.005433826256897677,0,337
1,8.084210842218656e-05,0.0,0.00393363373614669,1,337
2,0.0,0.00033426353796912374,0.0,2,337
0,0.0,-4.606271226447655,-0.11692159657078649,0,338
1,2.7491047432481333,0.0,-0.08087811316468359,1,338
2,0.0,0.15831250460311685,0.0,2,338
0,0.0,-0.7218619888183968,-0.01909833601543047,0,339
1,0.084507320227313,0.0,-0.011205770691068385,1,339
2,0.0,0.003758068952061143,0.0,2,339
0,0.0,-0.11475615441393211,0.001086693050143618,0,340
1,0.0021351814292184827,0.0,0.0012646858522824137,1,340
2,0.0,2.108413174916017e-05,0.0,2,340
0,0.0,-0.010477438601226543,0.004672709473909707,0,341
1,6.16441892777048e-05,0.0,0.0034664199264113687,1,341
2,0.0,0.00025193202052431165,0.0,2,341
0,0.0,0.006334903802881834,0.005253695871567975,0,342
1,6.191386898954326e-05,0.0,0.00382306092060653,1,342
2,0.0,0.0003137318393492189,0.0,2,342
0,0.0,0.006877692776917061,0.0051339834326434245,0,343
1,6.0581566050806964e-05,0.0,0.003745107097737788,1,343
2,0.0,0.0003001513413332257,0.0,2,343
0,0.0,0.008837447460775456,0.0042964497376404625,0,344
1,4.972399473505936e-05,0.0,0.0031943889241774085,1,344
2,0.0,0.00021326682688738776,0.0,2,344
0,0.0,0.008984855096496278,0.00412616920424785,0,345
1,4.726557031695807e-05,0.0,0.003064525499925717,1,345
2,0.0,0.00019652020592791556,0.0,2,345
0,0.0,0.0,0.0033780743232231947,0,346
1,2.2894332965768402e-05,0.0,0.002288784225759775,1,346
2,0.0,0.00012338291036878855,0.0,2,346
0,0.0,0.007237261910991347,0.003980772578205872,0,347
1,4.030090534962433e-05,0.0,0.002913744923103369,1,347
2,0.0,0.00018092284567526796,0.0,2,347
0,0.0,0.007980921752230516,0.003996086642178245,0,348
1,4.2377850631805104e-05,0.0,0.002924900857549533,1,348
2,0.0,0.00018230885546233067,0.0,2,348
0,0.0,0.007936424330735386,0.004050946605060123,0,349
1,4.314395367589019e-05,0.0,0.0029412575624415214,1,349
2,0.0,0.0001862205724034015,0.0,2,349
0,0.0,0.007834813626760726,0.004176281576089767,0,350
1,4.494099568680838e-05,0.0,0.002978625150698515,1,350
2,0.0,0.0001953303088152522,0.0,2,350
0,0.0,0.007883943088667354,0.004132116838864133,0,351
1,4.431686186268908e-05,0.0,0.002890508425798965,1,351
2,0.0,0.00018857571298633007,0.0,2,351
0,0.0,0.008121479038206446,0.003994165786006408,0,352
1,4.2657727593171715e-05,0.0,0.0028145526175290133,1,352
2,0.0,0.00017688888933027887,0.0,2,352
0,0.0,0.008147320533512971,0.003971115923207338,0,353
1,4.234501671130245e-05,0.0,0.002809474147754604,1,353
2,0.0,0.0001752387743250115,0.0,2,353
0,0.0,0.008179692242917874,0.003934044192620837,0,354
1,4.180304973116175e-05,0.0,0.0028134906963505476,1,354
2,0.0,0.00017297752415456832,0.0,2,354
0,0.0,0.008213294989314493,0.003884288233199928,0,355
1,4.101454148031009e-05,0.0,0.0028361833675672465,1,355
2,0.0,0.00017037736958526618,0.0,2,355
0,0.0,0.008237897472441271,0.0038339887848699078,0,356
1,4.009895053455612e-05,0.0,0.0028803130339738196,1,356
2,0.0,0.00016788281369545032,0.0,2,356
0,0.0,0.008254896234673206,0.0038050234894553923,0,357
1,3.9297583721033206e-05,0.0,0.002927889187179502,1,357
2,0.0,0.00016514812718190108,0.0,2,357
0,0.0,0.008306506436519314,0.003844601917702567,0,358
1,3.9380961536221507e-05,0.0,0.002889971801780848,1,358
2,0.0,0.00016061583621085581,0.0,2,358
0,0.0,0.008089240696988043,0.003970700422344193,0,359
1,4.0334444362232615e-05,0.0,0.0029381466811457756,1,359
2,0.0,0.00016660699363016385,0.0,2,359
0,0.0,0.00827597880581407,0.004006293996619606,0,360
1,4.141499447753437e-05,0.0,0.0028935541066333463,1,360
2,0.0,0.000167042548839803,0.0,2,360
0,0.0,0.008175194620182381,0.004013695590061524,0,361
1,4.1302705347793944e-05,0.0,0.002870622583639043,1,361
2,0.0,0.00016681456134359202,0.0,2,361
0,0.0,0.008141014926885763,0.004017807738296202,0,362
1,4.1283041443837326e-05,0.0,0.00286054243297624,1,362
2,0.0,0.00016668013351096208,0.0,2,362
0,0.0,0.008141064222850809,0.004017741710662436,0,363
1,4.128115265923685e-05,0.0,0.002860314243061437,1,363
2,0.0,0.00016665964763174637,0.0,2,363
0,0.0,0.008141064222850809,0.004017741710662436,0,364
1,4.128115265923685e-05,0.0,0.002860314243061437,1,364
2,0.0,0.00016665964763174637,0.0,2,364
0,0.0,0.011542966367978287,0.005433826256897677,0,365
1,8.084210842218656e-05,0.0,0.00393363373614669,1,365
2,0.0,0.00033426353796912374,0.0,2,365
0,0.0,-4.68301420589401,-0.12088693556638347,0,366
1,2.825787402925968,0.0,-0.09296344944458736,1,366
2,0.0,0.20252241404689875,0.0,2,366
0,0.0,-0.7314288250128694,-0.021458094036494874,0,367
1,0.08690781943396447,0.0,-0.014381067216581656,1,367
2,0.0,0.005237391490069126,0.0,2,367
0,0.0,-0.11678620151351579,0.0005980603941418346,0,368
1,0.0022095466069880867,0.0,0.0006581052153504336,1,368
2,0.0,6.009108489642045e-06,0.0,2,368
0,0.0,-0.013842916845667264,0.004471442304384319,0,369
1,7.122488082332175e-05,0.0,0.0032818867007397322,1,369
2,0.0,0.00022910567465001506,0.0,2,369
0,0.0,-0.001900326295246316,0.004454582817959155,0,370
1,4.046457731804799e-05,0.0,0.0032677326233984325,1,370
2,0.0,0.0002271936260015949,0.0,2,370
0,0.0,0.000575244324125442,0.004212494803661055,0,371
1,3.571945453228037e-05,0.0,0.003100871153419243,1,371
2,0.0,0.0002037074054168715,0.0,2,371
0,0.0,0.0036045194270530054,0.00342063980685062,0,372
1,2.5627986841216495e-05,0.0,0.0025527042220838594,1,372
2,0.0,0.00013573577228393987,0.0,2,372
0,0.0,0.003845776075645906,0.0028105796374718237,0,373
1,1.8273582931855997e-05,0.0,0.0021172785050192796,1,373
2,0.0,9.225702301213928e-05,0.0,2,373
0,0.0,0.004764625412377167,0.0025429500621130495,0,374
1,1.6673117464977457e-05,0.0,0.0019015607521289237,1,374
2,0.0,7.509446087961726e-05,0.0,2,374
0,0.0,0.004969297715177792,0.0024178209697209656,0,375
1,1.574472736446429e-05,0.0,0.0017821456052811344,1,375
2,0.0,6.714225981698457e-05,0.0,2,375
0,0.0,0.0054507426010663,0.0022584678216373273,0,376
1,1.5049263633609498e-05,0.0,0.001600092988275178,1,376
2,0.0,5.687533684621577e-05,0.0,2,376
0,0.0,0.0,0.001968240824118015,0,377
1,7.74991289853491e-06,0.0,0.0012342715650197223,1,377
2,0.0,3.975767165658003e-05,0.0,2,377
0,0.0,0.003926858956856107,0.002177511175754887,0,378
1,1.2005294796587297e-05,0.0,0.001498032438830753,1,378
2,0.0,5.175316952977099e-05,0.0,2,378
0,0.0,0.0,0.0019456538323024705,0,379
1,7.567184388920328e-06,0.0,0.0011464454381007636,1,379
2,0.0,3.747063379854918e-05,0.0,2,379
0,0.0,0.00375111847889983,0.0021671643039778915,0,380
1,1.1695295079694454e-05,0.0,0.001482338961119509,1,380
2,0.0,5.105570961265368e-05,0.0,2,380
0,0.0,0.0,0.0019401395755597546,0,381
1,7.523512986194606e-06,0.0,0.0011369226429979624,1,381
2,0.0,3.714296586995198e-05,0.0,2,381
0,0.0,0.0037259233424474384,0.002165643916302428,0,382
1,1.1651380682282332e-05,0.0,0.0014800251637620057,1,382
2,0.0,5.095350397627517e-05,0.0,2,382
0,0.0,0.004522065219105899,0.0021055472229386833,0,383
1,1.2190273465142641e-05,0.0,0.0013788593585294185,1,383
2,0.0,4.6791657880754396e-05,0.0,2,383
0,0.0,0.0048133586607196355,0.0022581377295884933,0,384
1,1.3963656024511295e-05,0.0,0.0015071942706524747,1,384
2,0.0,5.446813510665813e-05,0.0,2,384
0,0.0,0.004296749968352242,0.0025872305702108076,0,385
1,1.638118860999941e-05,0.0,0.0017603109164437852,1,385
2,0.0,7.229232655627497e-05,0.0,2,385
0,0.0,0.003517569053622134,0.00269140541812287,0,386
1,1.6467542206545623e-05,0.0,0.001745292167201765,1,386
2,0.0,7.56657896396628e-05,0.0,2,386
0,0.0,0.0035966178600555137,0.002571180289307265,0,387
1,1.5285798395916105e-05,0.0,0.0015778924500372505,1,387
2,0.0,6.676758762458772e-05,0.0,2,387
0,0.0,0.0040750571565927865,0.002483631974195509,0,388
1,1.4991619705520158e-05,0.0,0.001564358843701972,1,388
2,0.0,6.32122932585666e-05,0.0,2,388
0,0.0,0.004734208804660462,0.002402244824586144,0,389
1,1.5131911489929137e-05,0.0,0.001579406272088737,1,389
2,0.0,6.066135493713471e-05,0.0,2,389
0,0.0,0.00479672147857874,0.002402749762324438,0,390
1,1.5232171738261691e-05,0.0,0.0015927746747091147,1,390
2,0.0,6.0995816151955786e-05,0.0,2,390
0,0.0,0.004840263599301342,0.002406986681217554,0,391
1,1.5338380205106156e-05,0.0,0.001621546001556115,1,391
2,0.0,6.183251071895152e-05,0.0,2,391
0,0.0,0.004832734736900331,0.0024023073817814825,0,392
1,1.5277572078562334e-05,0.0,0.0016536740263948552,1,392
2,0.0,6.244340190469103e-05,0.0,2,392
0,0.0,0.004759951832456354,0.0023728984435242464,0,393
1,1.4871348641496497e-05,0.0,0.0017079519646041208,1,393
2,0.0,6.27226572535708e-05,0.0,2,393
0,0.0,0.004659246380801189,0.002340082734783211,0,394
1,1.4392784186856881e-05,0.0,0.0017422529126749145,1,394
2,0.0,6.237749262732651e-05,0.0,2,394
0,0.0,0.004549771862284742,0.002308229816465192,0,395
1,1.3914105660164609e-05,0.0,0.0017583504560682965,1,395
2,0.0,6.157370407748761e-05,0.0,2,395
0,0.0,0.004444003424098867,0.0022786894222864267,0,396
1,1.34612947972906e-05,0.0,0.0017616673784270171,1,396
2,0.0,6.044944116844644e-05,0.0,2,396
0,0.0,0.00429570320623984,0.002243454033768933,0,397
1,1.2870802866950735e-05,0.0,0.0017585949718230368,1,397
2,0.0,5.8697272375281615e-05,0.0,2,397
0,0.0,0.004105004397028868,0.0022085902938756455,0,398
1,1.216312298330824e-05,0.0,0.0017483304477872628,1,398
2,0.0,5.6157427848858574e-05,0.0,2,398
0,0.0,0.003966332450784288,0.002203570795456908,0,399
1,1.1677286407507718e-05,0.0,0.0017317459204619899,1,399
2,0.0,5.346780841942627e-05,0.0,2,399
0,0.0,0.004193795527646984,0.0022412616297270943,0,400
1,1.1950198990658831e-05,0.0,0.0017462240803134458,1,400
2,0.0,5.2249890491749506e-05,0.0,2,400
0,0.0,0.004178832123258008,0.0024912259105807836,0,401
1,1.3843771717523627e-05,0.0,0.0016515623228806104,1,401
2,0.0,5.590655197053279e-05,0.0,2,401
0,0.0,0.005213309348641716,0.002390593578689554,0,402
1,1.4435247581526344e-05,0.0,0.001857353168953147,1,402
2,0.0,5.69309518954911e-05,0.0,2,402
0,0.0,0.004621434245052155,0.0024483933367641475,0,403
1,1.4050735259988196e-05,0.0,0.0017392611655735859,1,403
2,0.0,5.626406647625663e-05,0.0,2,403
0,0.0,0.0046695233612529755,0.002439080822493652,0,404
1,1.413610896121364e-05,0.0,0.00173268293233255,1,404
2,0.0,5.652056872437939e-05,0.0,2,404
0,0.0,0.004740915250389674,0.002440978881812473,0,405
1,1.4281418407968977e-05,0.0,0.0017080406347669158,1,405
2,0.0,5.616961005119793e-05,0.0,2,405
0,0.0,0.004731415898652485,0.0024411828483584075,0,406
1,1.4269188033060652e-05,0.0,0.0017113121616647085,1,406
2,0.0,5.62526209607492e-05,0.0,2,406
0,0.0,0.004730858091020421,0.0024413997561528082,0,407
1,1.427098980190692e-05,0.0,0.0017115611094213167,1,407
2,0.0,5.6270148967219895e-05,0.0,2,407
0,0.0,0.004730858091020421,0.0024413997561528082,0,408
1,1.427098980190692e-05,0.0,0.0017115611094213167,1,408
2,0.0,5.6270148967219895e-05,0.0,2,408
0,0.0,0.004730858091020421,0.0024413997561528082,0,409
1,1.427098980190692e-05,0.0,0.0017115611094213167,1,409
2,0.0,5.6270148967219895e-05,0.0,2,409
0,0.0,-2.81895866202199,-0.09908115334603532,0,410
1,1.1513287852971532,0.0,-0.057670362371801995,1,410
2,0.0,0.08143231879467003,0.0,2,410
0,0.0,-0.46091746570273523,-0.015879134166547487,0,411
1,0.0343971131172892,0.0,-0.008399369858432166,1,411
2,0.0,0.0020450754043026824,0.0,2,411
0,0.0,-0.07465921960437549,-0.000707612703352938,0,412
1,0.0008944404724329866,0.0,-2.264689312963595e-05,1,412
2,0.0,3.1097046988086496e-06,0.0,2,412
0,0.0,-0.009135225891054734,0.0018908007035335387,0,413
1,1.9787162882187415e-05,0.0,0.0014083597501400446,1,413
2,0.0,3.5259181581213514e-05,0.0,2,413
0,0.0,0.0028470359070460593,0.0023665820996712906,0,414
1,1.1338229132253131e-05,0.0,0.0016703610266949017,1,414
2,0.0,5.312414519769012e-05,0.0,2,414
0,0.0,0.003197344089759501,0.0023243316563483826,0,415
1,1.1322446027770632e-05,0.0,0.001644019022684893,1,415
2,0.0,5.1320118580026755e-05,0.0,2,415
0,0.0,0.00406772551691405,0.00206926418009924,0,416
1,1.0327647157773603e-05,0.0,0.0014867815290174097,1,416
2,0.0,4.1128693360243166e-05,0.0,2,416
0,0.0,0.004065557806256083,0.0019462220511198068,0,417
1,9.439249887311287e-06,0.0,0.0014085402102286973,1,417
2,0.0,3.657200715535085e-05,0.0,2,417
0,0.0,0.0019038577087262878,0.0018058154599524324,0,418
1,6.426182626973215e-06,0.0,0.0013103298802698083,1,418
2,0.0,3.154281523012197e-05,0.0,2,418
0,0.0,0.0031936293977471546,0.0018895897410987203,0,419
1,8.035141710874064e-06,0.0,0.0013689274772046354,1,419
2,0.0,3.4498719917928766e-05,0.0,2,419
0,0.0,0.0032016284150313255,0.0018972165049989458,0,420
1,8.095055298585257e-06,0.0,0.0013727151525202836,1,420
2,0.0,3.474580507295954e-05,0.0,2,420
0,0.0,0.00294065219124059,0.00163491489580571,0,421
1,6.175863468778438e-06,0.0,0.0010427560101468392,1,421
2,0.0,2.372978399663577e-05,0.0,2,421
0,0.0,0.0031034555304646472,0.0017985623982983295,0,422
1,7.34159189503894e-06,0.0,0.0012486128538345435,1,422
2,0.0,3.033263083761038e-05,0.0,2,422
0,0.0,0.0033404772358804104,0.0018098019125519337,0,423
1,7.658554132083733e-06,0.0,0.0012055204630252022,1,423
2,0.0,2.9880926046558353e-05,0.0,2,423
0,0.0,0.003544678014623951,0.0018730022251880094,0,424
1,8.301228515110987e-06,0.0,0.0012670269998046255,1,424
2,0.0,3.2328097755721425e-05,0.0,2,424
0,0.0,0.003548423135121937,0.0018716603051092448,0,425
1,8.296400603415649e-06,0.0,0.0012697962104419756,1,425
2,0.0,3.234283351051599e-05,0.0,2,425
0,0.0,0.0035563858020935973,0.0018515990809191332,0,426
1,8.170597716922672e-06,0.0,0.001293837653417162,1,426
2,0.0,3.228031320508904e-05,0.0,2,426
0,0.0,0.0035487603006293046,0.001849869556970016,0,427
1,8.14990434780554e-06,0.0,0.0012952794178043034,1,427
2,0.0,3.226143308389044e-05,0.0,2,427
0,0.0,0.003503078235507654,0.001842763637983357,0,428
1,8.046618953633043e-06,0.0,0.0013013427571869872,1,428
2,0.0,3.216906830511945e-05,0.0,2,428
0,0.0,0.0034707661057078736,0.0018390000937442653,0,429
1,7.979440228426315e-06,0.0,0.0013052977781683108,1,429
2,0.0,3.2105449996026896e-05,0.0,2,429
0,0.0,0.003413413664613738,0.0018346702958145387,0,430
1,7.867296896872402e-06,0.0,0.0013122205832723367,1,430
2,0.0,3.1975778692182395e-05,0.0,2,430
0,0.0,0.0033884650718965527,0.0018330234280242528,0,431
1,7.796163186498366e-06,0.0,0.0013152176085789188,1,431
2,0.0,3.174501389264953e-05,0.0,2,431
0,0.0,0.003431148432497383,0.0018407305003040008,0,432
1,7.85325472019912e-06,0.0,0.0013103164249814753,1,432
2,0.0,3.154260130752957e-05,0.0,2,432
0,0.0,0.003507073875970007,0.001852521655457558,0,433
1,7.998943583863273e-06,0.0,0.0013008878962358467,1,433
2,0.0,3.153556946963682e-05,0.0,2,433
0,0.0,0.0035424554137701548,0.001857560245296475,0,434
1,8.074392106810274e-06,0.0,0.0012964258511675012,1,434
2,0.0,3.159285618305618e-05,0.0,2,434
0,0.0,0.0035467868640221448,0.0018580093138424291,0,435
1,8.084505225459304e-06,0.0,0.0012959022454981605,1,435
2,0.0,3.161048763930688e-05,0.0,2,435
0,0.0,0.0035467402879043436,0.0018579229333506658,0,436
1,8.084188199160738e-06,0.0,0.0012959286802639814,1,436
2,0.0,3.1611156947893334e-05,0.0,2,436
0,0.0,0.0035467402879043436,0.0018579229333506658,0,437
1,8.084188199160738e-06,0.0,0.0012959286802639814,1,437
2,0.0,3.1611156947893334e-05,0.0,2,437
0,0.0,0.004730858091020421,0.0024413997561528082,0,438
1,1.427098980190692e-05,0.0,0.0017115611094213167,1,438
2,0.0,5.6270148967219895e-05,0.0,2,438
0,0.0,-4.6318647611422135,-0.1759326535506051,0,439
1,2.748661918887462,0.0,-0.1289850226993057,1,439
2,0.0,0.27441904665942213,0.0,2,439
0,0.0,-0.7283942962311452,-0.030503289344944392,0,440
1,0.08594283760771167,0.0,-0.019778254385297976,1,440
2,0.0,0.008416836636283948,0.0,2,440
0,0.0,-0.11944934084128857,-0.0032139247332643775,0,441
1,0.002305501231346822,0.0,-0.001958107390602833,1,441
2,0.0,8.951730396178893e-05,0.0,2,441
0,0.0,-0.017774910423995847,0.001414879183058266,0,442
1,5.423686346827217e-05,0.0,0.0010455809939004007,1,442
2,0.0,1.963083088589487e-05,0.0,2,442
0,0.0,-0.0014123881931037733,0.0021611334193215427,0,443
1,8.691824634260986e-06,0.0,0.0015297331210469315,1,443
2,0.0,4.4392953063565484e-05,0.0,2,443
0,0.0,-0.00012211690546955998,0.002039612806922996,0,444
1,7.459501794273578e-06,0.0,0.001449769210680716,1,444
2,0.0,3.965749774663839e-05,0.0,2,444
0,0.0,0.001512352867673327,0.0016843400599753317,0,445
1,5.4524100264742345e-06,0.0,0.001214955044252474,1,445
2,0.0,2.7329582762999606e-05,0.0,2,445
0,0.0,0.0019939495238020274,0.001397168628082968,0,446
1,4.136851595307631e-06,0.0,0.001021059541330337,1,446
2,0.0,1.8983447385168135e-05,0.0,2,446
0,0.0,0.0021256068948763535,0.0012322482637811625,0,447
1,3.4463485209681186e-06,0.0,0.0008992730849313294,1,447
2,0.0,1.4751022501920186e-05,0.0,2,447
0,0.0,0.0022272057055228653,0.0011603883621265226,0,448
1,3.2088928671657283e-06,0.0,0.0008393264845371939,1,448
2,0.0,1.299618611341465e-05,0.0,2,448
0,0.0,0.002370026388294725,0.0010754043634321842,0,449
1,2.973212838499889e-06,0.0,0.0007608513142470678,1,449
2,0.0,1.0986976224296728e-05,0.0,2,449
0,0.0,0.0,0.0009238837783380756,0,450
1,1.5290788493940155e-06,0.0,0.0006129713370528269,1,450
2,0.0,7.762947660927025e-06,0.0,2,450
0,0.0,0.0017903964408600857,0.0010383604185640234,0,451
1,2.446062658760098e-06,0.0,0.0007246965666739785,1,451
2,0.0,1.0145383708244843e-05,0.0,2,451
0,0.0,0.0,0.0009207340392975805,0,452
1,1.5186133375455305e-06,0.0,0.000597204177195644,1,452
2,0.0,7.600572167859174e-06,0.0,2,452
0,0.0,0.0017741599713278632,0.0010372941129058177,0,453
1,2.4328113684869736e-06,0.0,0.0007235407935832629,1,453
2,0.0,1.0120566415203077e-05,0.0,2,453
0,0.0,0.0,0.0009195723413865944,0,454
1,1.5147762702908688e-06,0.0,0.0005960866822275785,1,454
2,0.0,7.578486124548163e-06,0.0,2,454
0,0.0,0.0017710918187029345,0.0010370906084510786,0,455
1,2.430309789988005e-06,0.0,0.0007233204591227148,1,455
2,0.0,1.0115835993760499e-05,0.0,2,455
0,0.0,0.0017710918187029345,0.0010370906084510786,0,456
1,2.430309789988005e-06,0.0,0.0007233204591227148,1,456
2,0.0,1.0115835993760499e-05,0.0,2,456
0,0.0,0.0017710918187029345,0.0010370906084510786,0,457
1,2.430309789988005e-06,0.0,0.0007233204591227148,1,457
2,0.0,1.0115835993760499e-05,0.0,2,457
0,0.0,-0.2303521148033709,-0.021883320475072007,0,458
1,0.00929796516778146,0.0,-0.004056688061312479,1,458
2,0.0,0.0029217871094507474,0.0,2,458
0,0.0,-0.037874746091470214,-0.002777267966210601,0,459
1,0.00024355422940915478,0.0,-7.315299953162592e-05,1,459
2,0.0,4.737453613858709e-05,0.0,2,459
0,0.0,-0.0052074788207316335,0.0003687141735317842,0,460
1,4.589865235287042e-06,0.0,0.0005837167557513746,1,460
2,0.0,3.0886229359722026e-06,0.0,2,460
0,0.0,0.001603017148691577,0.0010210084468283082,0,461
1,2.2800402853529143e-06,0.0,0.0007199611672609048,1,461
2,0.0,9.878534061265685e-06,0.0,2,461
0,0.0,0.001667031672775202,0.001016205816721316,0,462
1,2.296067609552795e-06,0.0,0.0007152835873330422,1,462
2,0.0,9.773645811621094e-06,0.0,2,462
0,0.0,0.002034726880496054,0.0009491148452139127,0,463
1,2.2779557585426274e-06,0.0,0.0006633077494289034,1,463
2,0.0,8.48388736850235e-06,0.0,2,463
0,0.0,0.0021502688368551658,0.0009111681079314912,0,464
1,2.2289699583251584e-06,0.0,0.0006277175877316995,1,464
2,0.0,7.743322318467062e-06,0.0,2,464
0,0.0,0.0,0.0008393437885118257,0,465
1,1.2626519197140377e-06,0.0,0.0005073245761582609,1,465
2,0.0,6.063029157145345e-06,0.0,2,465
0,0.0,0.0014420634360974456,0.0008875105438922166,0,466
1,1.744959066688717e-06,0.0,0.0005880626083971753,1,466
2,0.0,7.161717328693157e-06,0.0,2,466
0,0.0,0.0,0.0007975243049077942,0,467
1,1.140027319845229e-06,0.0,0.0004477057462205442,1,467
2,0.0,5.263291310575443e-06,0.0,2,467
0,0.0,0.001367196345404421,0.0008828382156585107,0,468
1,1.6964313223144543e-06,0.0,0.0005807749553508673,1,468
2,0.0,7.05428755046593e-06,0.0,2,468
0,0.0,0.0,0.0007999445608316043,0,469
1,1.1469680125073545e-06,0.0,0.0004464593009686157,1,469
2,0.0,5.279936052565706e-06,0.0,2,469
0,0.0,0.001352819990451464,0.0008819664635344619,0,470
1,1.6874079671622804e-06,0.0,0.0005793624342481392,1,470
2,0.0,7.033947924893683e-06,0.0,2,470
0,0.0,0.0,0.0007990591729097932,0,471
1,1.1444330067925282e-06,0.0,0.0004447397658674773,1,471
2,0.0,5.261057128441418e-06,0.0,2,471
0,0.0,0.0013488343584786028,0.0008817221742319096,0,472
1,1.6849103516594034e-06,0.0,0.0005789657668913957,1,472
2,0.0,7.028248195226493e-06,0.0,2,472
0,0.0,0.0013488343584786028,0.0008817221742319096,0,473
1,1.6849103516594034e-06,0.0,0.0005789657668913957,1,473
2,0.0,7.028248195226493e-06,0.0,2,473
0,0.0,0.0017710918187029345,0.0010370906084510786,0,474
1,2.430309789988005e-06,0.0,0.0007233204591227148,1,474
2,0.0,1.0115835993760499e-05,0.0,2,474
0,0.0,-4.363881274633885,-0.20251464141290446,0,475
1,2.4943947035158853,0.0,-0.14561060465144085,1,475
2,0.0,0.34473643237058893,0.0,2,475
0,0.0,-0.6920196982999348,-0.03542174021736008,0,476
1,0.07831567568327207,0.0,-0.022819217745081714,1,476
2,0.0,0.011191939717904704,0.0,2,476
0,0.0,-0.11467712910040784,-0.005126341344621113,0,477
1,0.0021547179442888563,0.0,-0.0032382055519250795,1,477
2,0.0,0.00023212584499581116,0.0,2,477
0,0.0,-0.018424542783573743,-3.2437882164785375e-05,0,478
1,5.441702375551723e-05,0.0,3.597781130707566e-05,1,478
2,0.0,1.5069549231848138e-08,0.0,2,478
0,0.0,-0.0022184874799999407,0.0008257926711883258,0,479
1,2.011043015517269e-06,0.0,0.0005875284443992175,1,479
2,0.0,6.5029188365867695e-06,0.0,2,479
0,0.0,-2.6094246811554367e-05,0.0009419062631983977,0,480
1,1.590043822904329e-06,0.0,0.000662149623546512,1,480
2,0.0,8.389747063463341e-06,0.0,2,480
0,0.0,0.0001894721491140958,0.0008810435238570949,0,481
1,1.3968584083440936e-06,0.0,0.0006225245015517173,1,481
2,0.0,7.366504178231683e-06,0.0,2,481
0,0.0,0.0007032260619159791,0.0006805663881284224,0,482
1,9.093223443187245e-07,0.0,0.0004899487098170295,1,482
2,0.0,4.453711871125622e-06,0.0,2,482
0,0.0,0.0009008452173714345,0.0006022986273551825,0,483
1,7.801848375227197e-07,0.0,0.00043546748891874624,1,483
2,0.0,3.498857376537009e-06,0.0,2,483
0,0.0,0.00102324194263425,0.0005595975791993409,0,484
1,7.290030409332044e-07,0.0,0.00040301185601030864,1,484
2,0.0,3.0117406689364708e-06,0.0,2,484
0,0.0,0.001124503584035556,0.0005277520714125708,0,485
1,7.017786843138583e-07,0.0,0.0003763356774978467,1,485
2,0.0,2.659766108247312e-06,0.0,2,485
0,0.0,0.001311667205464404,0.00047173426274959885,0,486
1,6.744489143388702e-07,0.0,0.0003257954954818445,1,486
2,0.0,2.0781117382078315e-06,0.0,2,486
0,0.0,0.0,0.0003836877593025346,0,487
1,2.635892943058851e-07,0.0,0.00024183367015929996,1,487
2,0.0,1.2962165371237788e-06,0.0,2,487
0,0.0,0.0009036631112577742,0.0004443565465074932,0,488
1,4.845697810686605e-07,0.0,0.0002996872688124979,1,488
2,0.0,1.8145982693751824e-06,0.0,2,488
0,0.0,0.0,0.0003594890128873828,0,489
1,2.3133585712444225e-07,0.0,0.00021083976928254106,1,489
2,0.0,1.092069354841383e-06,0.0,2,489
0,0.0,0.000817469296559528,0.0004362658190264614,0,490
1,4.4800777088626424e-07,0.0,0.00029121682486462844,1,490
2,0.0,1.7373234403711916e-06,0.0,2,490
0,0.0,0.0,0.00035572251801023556,0,491
1,2.2650504915294625e-07,0.0,0.00020674194834769644,1,491
2,0.0,1.0640717111090956e-06,0.0,2,491
0,0.0,0.0008019174141061069,0.00043473435485835905,0,492
1,4.4157784894740216e-07,0.0,0.0002896105470534892,1,492
2,0.0,1.7228839038817096e-06,0.0,2,492
0,0.0,0.0,0.0003546608679044959,0,493
1,2.2515321001359112e-07,0.0,0.00020574904774053228,1,493
2,0.0,1.056696095534757e-06,0.0,2,493
0,0.0,0.000799294594301987,0.00043447260227957374,0,494
1,4.4049650736893636e-07,0.0,0.0002893364018224027,1,494
2,0.0,1.720423811402983e-06,0.0,2,494
0,0.0,0.000799294594301987,0.00043447260227957374,0,495
1,4.4049650736893636e-07,0.0,0.0002893364018224027,1,495
2,0.0,1.720423811402983e-06,0.0,2,495
0,0.0,0.000799294594301987,0.00043447260227957374,0,496
1,4.4049650736893636e-07,0.0,0.0002893364018224027,1,496
2,0.0,1.720423811402983e-06,0.0,2,496
0,0.0,0.3190258715114211,0.014600594791778177,0,497
1,0.016548591493885125,0.0,0.014790449376349499,1,497
2,0.0,0.002530970402562535,0.0,2,497
0,0.0,0.05361256120651045,0.0026803773229301443,0,498
1,0.0004729969484174171,0.0,0.0025931067825455765,1,498
2,0.0,8.755243243910939e-05,0.0,2,498
0,0.0,0.009170058333575194,0.0007876227585584862,0,499
1,1.4585888138259896e-05,0.0,0.0006517619891427394,1,499
2,0.0,6.626785902631608e-06,0.0,2,499
0,0.0,0.0014978817790407685,0.00046390428579256427,0,500
1,7.450232496734152e-07,0.0,0.00031954376802145095,1,500
2,0.0,2.0050343361420202e-06,0.0,2,500
0,0.0,0.0008610272809442819,0.00043707312008037995,0,501
1,4.6098053833148135e-07,0.0,0.0002920054768994246,1,501
2,0.0,1.7446589625299337e-06,0.0,2,501
0,0.0,0.0008561180868279665,0.0004405815829275501,0,502
1,4.651438825571965e-07,0.0,0.000295590393444775,1,502
2,0.0,1.777611284205801e-06,0.0,2,502
0,0.0,0.0008364813029919121,0.0004546155230164632,0,503
1,4.823154511073929e-07,0.0,0.0003099301449045205,1,503
2,0.0,1.912640139675553e-06,0.0,2,503
0,0.0,0.0,0.0005046383611972163,0,504
1,4.56138251255299e-07,0.0,0.0003738949217391803,1,504
2,0.0,2.498528711566275e-06,0.0,2,504
0,0.0,0.0005875808895436595,0.0004695008672942343,0,505
1,4.501474408136364e-07,0.0,0.0003289641444751661,1,505
2,0.0,2.078087950908389e-06,0.0,2,505
0,0.0,0.0006368731113435099,0.0005092426757688141,0,506
1,5.294783929646429e-07,0.0,0.00037202136491439145,1,506
2,0.0,2.5179084596221397e-06,0.0,2,506
0,0.0,0.0006994964060633064,0.0004929152849524305,0,507
1,5.135859844040369e-07,0.0,0.00035837982185293725,1,507
2,0.0,2.350903332675e-06,0.0,2,507
0,0.0,0.0007920836196255285,0.0004500593962278741,0,508
1,4.633335420734704e-07,0.0,0.000326321357937785,1,508
2,0.0,1.955930647567144e-06,0.0,2,508
0,0.0,0.0008744281054605883,0.00041458048501220824,0,509
1,4.3035973026045837e-07,0.0,0.00030231885715055023,1,509
2,0.0,1.6663513791876192e-06,0.0,2,509
0,0.0,0.0010849090545381151,0.00031728750940267003,0,510
1,3.6885423635477894e-07,0.0,5.312701683268496e-05,1,510
2,0.0,6.40813610789443e-07,0.0,2,510
0,0.0,0.0009455732150156777,0.0003817034673750964,0,511
1,4.041886284034307e-07,0.0,0.0002181109161131977,1,511
2,0.0,1.2148597701541538e-06,0.0,2,511
0,0.0,0.0010763210014217998,0.0003313690952204002,0,512
1,3.822263581344531e-07,0.0,9.453512931155146e-05,1,512
2,0.0,7.375918725585835e-07,0.0,2,512
0,0.0,0.0009792499467866434,0.00036874164670061804,0,513
1,3.9714041741344165e-07,0.0,0.00018628791209839075,1,513
2,0.0,1.0696500864934343e-06,0.0,2,513
0,0.0,0.0009520861221322786,0.0003854840295057301,0,514
1,4.1131399354234405e-07,0.0,0.00022548129095837825,1,514
2,0.0,1.254063354232393e-06,0.0,2,514
0,0.0,0.0008343412171975194,0.00048319812361248397,0,515
1,5.29516706314133e-07,0.0,0.000252869426363315,1,515
2,0.0,1.8649641481829976e-06,0.0,2,515
0,0.0,0.0008019990221401809,0.0005074670080776269,0,516
1,5.640092486292763e-07,0.0,0.00025780915186458743,1,516
2,0.0,2.0298288495400085e-06,0.0,2,516
0,0.0,0.0006794537836104491,0.0001695852314935659,0,517
1,1.2540862547203224e-07,0.0,0.00026938273159853086,1,517
2,0.0,6.555027827146452e-07,0.0,2,517
0,0.0,0.0007795046518391049,0.00044549218925820603,0,518
1,4.5253440541148123e-07,0.0,0.00025993212580198975,1,518
2,0.0,1.6716804588371594e-06,0.0,2,518
0,0.0,0.0009449596152214018,0.0004652986907473683,0,519
1,5.304985031318032e-07,0.0,0.00027094785413854245,1,519
2,0.0,1.8213905584744705e-06,0.0,2,519
0,0.0,0.0008364206289618013,0.00044786505330481156,0,520
1,4.710020801555316e-07,0.0,0.00028811649519880545,1,520
2,0.0,1.7861912271089695e-06,0.0,2,520
0,0.0,0.0008276585703685831,0.0004449173806969378,0,521
1,4.639441651309287e-07,0.0,0.00030369494402749926,1,521
2,0.0,1.8306355949379495e-06,0.0,2,521
0,0.0,0.0008294480058073704,0.00044622227714281,0,522
1,4.6647746311946334e-07,0.0,0.0003095126182796009,1,522
2,0.0,1.861177542006823e-06,0.0,2,522
0,0.0,0.0008355877762072658,0.0004454385743313471,0,523
1,4.6682483811719804e-07,0.0,0.00031360114936680755,1,523
2,0.0,1.8733619664702308e-06,0.0,2,523
0,0.0,0.0008430237025359266,0.0004455136033618951,0,524
1,4.688177703018566e-07,0.0,0.00032019171914866103,1,524
2,0.0,1.900378036004955e-06,0.0,2,524
0,0.0,0.0008562278153306616,0.0004453145126336786,0,525
1,4.7173495677892994e-07,0.0,0.0003304086219132623,1,525
2,0.0,1.9403764898095566e-06,0.0,2,525
0,0.0,0.000876200061892561,0.0004452952781912951,0,526
1,4.7627141406973687e-07,0.0,0.00034597200402086334,1,526
2,0.0,2.0019914254543982e-06,0.0,2,526
0,0.0,0.000903015598384587,0.0004454035313491622,0,527
1,4.81678064275243e-07,0.0,0.00036676270289430756,1,527
2,0.0,2.0803499211656533e-06,0.0,2,527
0,0.0,0.0008556682890773358,0.00043609670983511887,0,528
1,4.489594275613798e-07,0.0,0.0003692534254864179,1,528
2,0.0,2.002427838708049e-06,0.0,2,528
0,0.0,0.0008370696345245375,0.0004459311893876972,0,529
1,4.4658978008448346e-07,0.0,0.00030203511336407185,1,529
2,0.0,1.6806030868655879e-06,0.0,2,529
0,0.0,0.0008031508836003263,0.0004599279116055868,0,530
1,4.591427663509036e-07,0.0,0.00031148412313980613,1,530
2,0.0,1.7881060936614021e-06,0.0,2,530
0,0.0,0.0008197802779668869,0.0004530663098853072,0,531
1,4.528600536475917e-07,0.0,0.0003068519158883723,1,531
2,0.0,1.7349849590575873e-06,0.0,2,531
0,0.0,0.0008414085035526074,0.0004529524900620696,0,532
1,4.584843686494052e-07,0.0,0.0003105670686802761,1,532
2,0.0,1.7488169328918098e-06,0.0,2,532
0,0.0,0.0008349946224180067,0.0004521679977450092,0,533
1,4.5552311562470375e-07,0.0,0.0003106345025409455,1,533
2,0.0,1.7446933142183605e-06,0.0,2,533
0,0.0,0.0008336783117581664,0.00045162301604550044,0,534
1,4.5432294429551195e-07,0.0,0.00031119400108305724,1,534
2,0.0,1.7438732115993962e-06,0.0,2,534
0,0.0,0.0008336783117581664,0.00045162301604550044,0,535
1,4.5432294429551195e-07,0.0,0.00031119400108305724,1,535
2,0.0,1.7438732115993962e-06,0.0,2,535
0,0.0,0.000799294594301987,0.00043447260227957374,0,536
1,4.4049650736893636e-07,0.0,0.0002893364018224027,1,536
2,0.0,1.720423811402983e-06,0.0,2,536
0,0.0,-4.634490600878989,-0.19648791100554008,0,537
1,2.744846399524018,0.0,-0.13174303750779778,1,537
2,0.0,0.2962178685820421,0.0,2,537
0,0.0,-0.730822489426411,-0.034233097924005904,0,538
1,0.08679913151677679,0.0,-0.02044804655863178,1,538
2,0.0,0.009922036315680722,0.0,2,538
0,0.0,-0.12150407021359294,-0.005383620429396899,0,539
1,0.0024175277731937586,0.0,-0.003173800297538041,1,539
2,0.0,0.0002456578498626907,0.0,2,539
0,0.0,-0.01993633109264759,-0.0005518941269481079,0,540
1,6.425264199631645e-05,0.0,-0.00029771326108523043,1,540
2,0.0,2.4691612479739263e-06,0.0,2,540
0,0.0,-0.0029583749401323653,0.00025573019309621693,0,541
1,1.5199720416658257e-06,0.0,0.00018295542192657088,1,541
2,0.0,6.255438840549445e-07,0.0,2,541
0,0.0,-0.00011859008641776089,0.00039081148426563326,0,542
1,2.7580931853443347e-07,0.0,0.0002633508784932677,1,542
2,0.0,1.4027006914305424e-06,0.0,2,542
0,0.0,0.00013986589125539875,0.0003772020049697959,0,543
1,2.579698830579854e-07,0.0,0.00025509161113108816,1,543
2,0.0,1.3097712687488215e-06,0.0,2,543
0,0.0,0.00041380741399507095,0.0003368465408621451,0,544
1,2.3067005479322592e-07,0.0,0.000230797928823231,1,544
2,0.0,1.0535796607842958e-06,0.0,2,544
0,0.0,0.0004881745922776577,0.0002948993452345548,0,545
1,1.9395806809254643e-07,0.0,0.00020555662909608831,1,545
2,0.0,8.169278374036826e-07,0.0,2,545
0,0.0,0.00048373294405661046,0.0002709542077342968,0,546
1,1.689963170994458e-07,0.0,0.00019122799497278136,1,546
2,0.0,6.955608540830959e-07,0.0,2,546
0,0.0,0.0004953913808889776,0.00025546698058238275,0,547
1,1.5622135499001258e-07,0.0,0.00018213007227506735,1,547
2,0.0,6.226831684208881e-07,0.0,2,547
0,0.0,0.0005205714226337326,0.00023206499394100747,0,548
1,1.3988108589272407e-07,0.0,0.00016867373071346686,1,548
2,0.0,5.208947704484292e-07,0.0,2,548
0,0.0,0.0,0.00018697002762413026,0,549
1,6.258918195989107e-08,0.0,0.00014313950853084832,1,549
2,0.0,3.5134938055485153e-07,0.0,2,549
0,0.0,0.0004092030662707917,0.0002224192287158627,0,550
1,1.1542846514844378e-07,0.0,0.00016321192742023484,1,550
2,0.0,4.817813653669809e-07,0.0,2,550
0,0.0,0.00048294516464224296,0.00021484212694578388,0,551
1,1.2003595587491926e-07,0.0,0.00015913597265968972,1,551
2,0.0,4.525857099447495e-07,0.0,2,551
0,0.0,0.0005047478508903718,0.00023365553459751376,0,552
1,1.3859623216341148e-07,0.0,0.00017054385589028797,1,552
2,0.0,5.295843039482251e-07,0.0,2,552
0,0.0,0.0004466231072055918,0.0002738596183941174,0,553
1,1.6626058795580325e-07,0.0,0.0001951957173561304,1,553
2,0.0,7.152063754041875e-07,0.0,2,553
0,0.0,0.0003785287503794874,0.00028651108389262726,0,554
1,1.699295968561279e-07,0.0,0.00020317143513583184,1,554
2,0.0,7.798734114036338e-07,0.0,2,554
0,0.0,3.412062637698967e-05,0.00032551078348406104,0,555
1,1.897022974545298e-07,0.0,0.00013424685272722805,1,555
2,0.0,7.729163191261626e-07,0.0,2,555
0,0.0,0.00015760537235113339,0.0003165056412283283,0,556
1,1.8315394443253765e-07,0.0,0.00013312507381335947,1,556
2,0.0,7.352354237520415e-07,0.0,2,556
0,0.0,0.00047745117535610685,0.00029395575058117863,0,557
1,1.9108201271660454e-07,0.0,0.00013454166594217346,1,557
2,0.0,6.527254417030914e-07,0.0,2,557
0,0.0,0.0004839010518551623,0.0002869138600235628,0,558
1,1.84756308144722e-07,0.0,0.00012881841686901432,1,558
2,0.0,6.175199749250578e-07,0.0,2,558
0,0.0,0.0004920570106384262,0.00027252669219372274,0,559
1,1.7162936776038493e-07,0.0,0.00013002089985241402,1,559
2,0.0,5.698412921554786e-07,0.0,2,559
0,0.0,0.0005045150250196397,0.000240305410619536,0,560
1,1.4404449280813659e-07,0.0,0.00014055373576182898,1,560
2,0.0,4.864768753651916e-07,0.0,2,560
0,0.0,0.0005172319327627409,0.00023821646623030013,0,561
1,1.443265002127079e-07,0.0,0.00014733425125426015,1,561
2,0.0,4.930815692301324e-07,0.0,2,561
0,0.0,0.0004800818548807328,0.0002574087708834773,0,562
1,1.5539631029069378e-07,0.0,0.00016601226002622383,1,562
2,0.0,5.903286491425951e-07,0.0,2,562
0,0.0,0.00046754522051553523,0.00025710211026163244,0,563
1,1.5320711901681266e-07,0.0,0.00017411496375235795,1,563
2,0.0,6.074850998440917e-07,0.0,2,563
0,0.0,0.0004698532529580799,0.00025531541148459276,0,564
1,1.5191327165480848e-07,0.0,0.00017660965267452845,1,564
2,0.0,6.075722186321823e-07,0.0,2,564
0,0.0,0.00047574342390369886,0.0002530456677426309,0,565
1,1.5073468474900572e-07,0.0,0.00017883597405254304,1,565
2,0.0,6.05604607977952e-07,0.0,2,565
0,0.0,0.00048283436374810056,0.00025045354721589535,0,566
1,1.4947510007739255e-07,0.0,0.00018091281282858217,1,566
2,0.0,6.023577218559367e-07,0.0,2,566
0,0.0,0.0004937432670573116,0.00024650000461333383,0,567
1,1.4763050876829236e-07,0.0,0.00018389819493270934,1,567
2,0.0,5.971103879337078e-07,0.0,2,567
0,0.0,0.0005101124127431071,0.00023981348657518863,0,568
1,1.4434922464073994e-07,0.0,0.0001886785786397245,1,568
2,0.0,5.879756713897268e-07,0.0,2,568
0,0.0,0.0005341706406919046,0.00022940452749882883,0,569
1,1.394087522728411e-07,0.0,0.00019576020764034766,1,569
2,0.0,5.73763021966521e-07,0.0,2,569
0,0.0,0.0005363290728280189,0.000217666092487054,0,570
1,1.2988822504628095e-07,0.0,0.0002029388104341484,1,570
2,0.0,5.554896985703861e-07,0.0,2,570
0,0.0,0.0003846685250035567,0.00022048619085117678,0,571
1,1.0632566509048928e-07,0.0,0.00021721553114367872,1,571
2,0.0,5.700139035678808e-07,0.0,2,571
0,0.0,0.0006282716123019006,0.00025030191653781843,0,572
1,1.6685923177185177e-07,0.0,0.0001888286009226581,1,572
2,0.0,5.602238790603721e-07,0.0,2,572
0,0.0,0.0004677559848776084,0.0002525218960498913,0,573
1,1.4160106189730383e-07,0.0,0.00018900050714043123,1,573
2,0.0,5.733265282746723e-07,0.0,2,573
0,0.0,0.0004733339473376833,0.0002585773211343535,0,574
1,1.476936393494366e-07,0.0,0.000183740421949011,1,574
2,0.0,5.794392461767011e-07,0.0,2,574
0,0.0,0.0004754211376182126,0.0002601104005672038,0,575
1,1.4933341577310375e-07,0.0,0.00018030346206051036,1,575
2,0.0,5.763165182125053e-07,0.0,2,575
0,0.0,0.00047652441837285923,0.0002593060760936257,0,576
1,1.487909451327023e-07,0.0,0.0001785788072131991,1,576
2,0.0,5.701684313955383e-07,0.0,2,576
0,0.0,0.000476597286821022,0.000259144198073575,0,577
1,1.486646099967194e-07,0.0,0.0001784995809645526,1,577
2,0.0,5.695479532872397e-07,0.0,2,577
0,0.0,0.000476597286821022,0.000259144198073575,0,578
1,1.486646099967194e-07,0.0,0.0001784995809645526,1,578
2,0.0,5.695479532872397e-07,0.0,2,578
0,0.0,0.000799294594301987,0.00043447260227957374,0,579
1,4.4049650736893636e-07,0.0,0.0002893364018224027,1,579
2,0.0,1.720423811402983e-06,0.0,2,579
0,0.0,-4.561732269406663,-0.19503790268416957,0,580
1,2.677234876314,0.0,-0.13639104055134732,1,580
2,0.0,0.3071704129248735,0.0,2,580
0,0.0,-0.7205705292973954,-0.034361667720798114,0,581
1,0.08450628970456181,0.0,-0.021445201305762485,1,581
2,0.0,0.010295657309026849,0.0,2,581
0,0.0,-0.11978382665543359,-0.0054179935767479665,0,582
1,0.002351835218359059,0.0,-0.003348159934042633,1,582
2,0.0,0.0002556487052200951,0.0,2,582
0,0.0,-0.019653890838745736,-0.0005585619207038546,0,583
1,6.247415213807747e-05,0.0,-0.0003277774749738829,1,583
2,0.0,2.6394522557253436e-06,0.0,2,583
0,0.0,-0.0029293418321133394,0.0002534344294284167,0,584
1,1.490482821039103e-06,0.0,0.00017683209473681334,1,584
2,0.0,6.037804241848697e-07,0.0,2,584
0,0.0,-0.00035273577986140003,0.00037853724578559844,0,585
1,2.7658646718285706e-07,0.0,0.00025457595791314924,1,585
2,0.0,1.31428771987291e-06,0.0,2,585
0,0.0,-0.00018037103424722653,0.0003481911098153059,0,586
1,2.2235873173216614e-07,0.0,0.00023556448260664433,1,586
2,0.0,1.116343828643145e-06,0.0,2,586
0,0.0,2.7536058848390616e-05,0.00026628018970253057,0,587
1,1.2711771052791992e-07,0.0,0.00018386877823440033,1,587
2,0.0,6.618333682620274e-07,0.0,2,587
0,0.0,0.00010530398002391795,0.00021187425049718335,0,588
1,8.217984212706992e-08,0.0,0.0001487845864894463,1,588
2,0.0,4.2385167632384475e-07,0.0,2,588
0,0.0,0.00015666832802950379,0.0001710191079599254,0,589
1,5.6318514643031375e-08,0.0,0.00012162968799653107,1,589
2,0.0,2.785996483251327e-07,0.0,2,589
0,0.0,0.00019135711234789362,0.00014779517750635005,0,590
1,4.499210283551723e-08,0.0,0.00010567977974953155,1,590
2,0.0,2.0885859719963084e-07,0.0,2,590
0,0.0,0.0002168726026144775,0.00013635580569275075,0,591
1,4.083954099932133e-08,0.0,9.746800182560195e-05,1,591
2,0.0,1.777347148075293e-07,0.0,2,591
0,0.0,0.0002430101107196506,0.00012892241838038823,0,592
1,3.9233961383024365e-08,0.0,9.181133441580621e-05,1,592
2,0.0,1.5846407095215775e-07,0.0,2,592
0,0.0,0.0002981871792394597,0.00011755062250713901,0,593
1,3.899927303220487e-08,0.0,8.270110172506383e-05,1,593
2,0.0,1.3062124183455254e-07,0.0,2,593
0,0.0,0.0003849823958120434,0.0001041053900344788,0,594
1,4.316413378706742e-08,0.0,7.118662753659061e-05,1,594
2,0.0,1.0047555091808097e-07,0.0,2,594
0,0.0,0.0,9.153442235764751e-05,0,595
1,1.5001101912666396e-08,0.0,5.906438439802987e-05,1,595
2,0.0,7.482434757032499e-08,0.0,2,595
0,0.0,0.00022022091578281728,9.872588125359098e-05,0,596
1,2.522601440361248e-08,0.0,6.599910946714016e-05,1,596
2,0.0,8.90203166599966e-08,0.0,2,596
0,0.0,0.0,7.345388465031855e-05,0,597
1,9.657779605329707e-09,0.0,4.1628715417668976e-05,1,597
2,0.0,4.477913818822084e-08,0.0,2,597
0,0.0,0.00015405741159383929,9.11348104628328e-05,0,598
1,1.867449969187437e-08,0.0,5.867874926947739e-05,1,598
2,0.0,7.407323919754269e-08,0.0,2,598
0,0.0,0.0,7.218392464134074e-05,0,599
1,9.326062296232773e-09,0.0,3.973746698566868e-05,1,599
2,0.0,4.261659778353911e-08,0.0,2,599
0,0.0,9.56160159933742e-05,8.394710225913366e-05,0,600
1,1.4081119817782011e-08,0.0,5.14945986515518e-05,1,600
2,0.0,6.10590266975568e-08,0.0,2,600
0,0.0,0.0,6.782732229244347e-05,0,601
1,8.233278497863251e-09,0.0,3.487621589842846e-05,1,601
2,0.0,3.644794554425867e-08,0.0,2,601
0,0.0,0.0,8.532172490775765e-05,0,602
1,1.3023504283406916e-08,0.0,4.282548074062945e-05,1,602
2,0.0,5.704739810335627e-08,0.0,2,602
0,0.0,0.0,9.648173338724399e-05,0,603
1,1.6649456405783623e-08,0.0,4.789628807057421e-05,1,603
2,0.0,7.258656267425773e-08,0.0,2,603
0,0.0,0.0007194106196181286,0.00016902986792015392,0,604
1,1.3405148950546706e-07,0.0,0.00010565281462765644,1,604
2,0.0,2.499651760662614e-07,0.0,2,604
0,0.0,0.00023923703968199638,0.00012060791749081018,0,605
1,3.519048738433387e-08,0.0,6.710342906144685e-05,1,605
2,0.0,1.1948013737933055e-07,0.0,2,605
0,0.0,0.00029672426043694686,0.00013602262204704142,0,606
1,4.720430177346494e-08,0.0,7.833465902703658e-05,1,606
2,0.0,1.5466937195160617e-07,0.0,2,606
0,0.0,0.0,0.00012601675832536692,0,607
1,2.8403370516508795e-08,0.0,6.970431923870043e-05,1,607
2,0.0,1.3005950673456203e-07,0.0,2,607
0,0.0,0.00024424380153022294,0.00013425294148939528,0,608
1,4.179865245475393e-08,0.0,7.680825860652687e-05,1,608
2,0.0,1.5015524758535713e-07,0.0,2,608
0,0.0,0.00023811959691019539,0.00013723045385610375,0,609
1,4.2770994264340035e-08,0.0,7.864945849690333e-05,1,609
2,0.0,1.5703195259810093e-07,0.0,2,609
0,0.0,0.00023058977324761338,0.00014157257025078327,0,610
1,4.436978740452313e-08,0.0,7.956165330214808e-05,1,610
2,0.0,1.6545143804620514e-07,0.0,2,610
0,0.0,0.0002021753276371272,0.00016020344234587367,0,611
1,5.244565083039078e-08,0.0,7.960559295681425e-05,1,611
2,0.0,2.001500662760296e-07,0.0,2,611
0,0.0,0.0001783373651390876,0.00014192838890123222,0,612
1,4.110335069717027e-08,0.0,7.551389840281578e-05,1,612
2,0.0,1.6179743421620361e-07,0.0,2,612
0,0.0,0.00022962267524663827,0.00013350511119972775,0,613
1,4.0308479082078045e-08,0.0,7.795101017239434e-05,1,613
2,0.0,1.4994460912153612e-07,0.0,2,613
0,0.0,0.00024923054427862263,0.0001306161982581523,0,614
1,4.044894591693391e-08,0.0,8.102212402220067e-05,1,614
2,0.0,1.4845054397611309e-07,0.0,2,614
0,0.0,0.00025250113865645397,0.00012954259744542222,0,615
1,4.021241492211783e-08,0.0,8.412021133487308e-05,1,615
2,0.0,1.5009481853353814e-07,0.0,2,615
0,0.0,0.0002463060250605331,0.00012885647610129435,0,616
1,3.939982526061242e-08,0.0,8.884591665914392e-05,1,616
2,0.0,1.543800874102839e-07,0.0,2,616
0,0.0,0.00024046945226001456,0.00012898033317042552,0,617
1,3.9001123798197126e-08,0.0,8.976334116696184e-05,1,617
2,0.0,1.5565260694344986e-07,0.0,2,617
0,0.0,0.00023517139228303803,0.00012910059136655405,0,618
1,3.8652102923325e-08,0.0,9.017581235308492e-05,1,618
2,0.0,1.5632806232409096e-07,0.0,2,618
0,0.0,0.0002316043310814433,0.00012913020554999988,0,619
1,3.839807870485725e-08,0.0,9.037004776673516e-05,1,619
2,0.0,1.5659992897450105e-07,0.0,2,619
0,0.0,0.00022370297591861192,0.00012909820426798983,0,620
1,3.7803502730068516e-08,0.0,9.074331561245675e-05,1,620
2,0.0,1.5697041618288594e-07,0.0,2,620
0,0.0,0.00021269150693591928,0.00012893741209587118,0,621
1,3.695149177636273e-08,0.0,9.12292648007069e-05,1,621
2,0.0,1.5724010755616696e-07,0.0,2,621
0,0.0,0.00019468248406533591,0.00012823564429487717,0,622
1,3.543221236901469e-08,0.0,9.201196584995668e-05,1,622
2,0.0,1.569155964825284e-07,0.0,2,622
0,0.0,0.00016846085932755694,0.00012643741208508087,0,623
1,3.303812793905471e-08,0.0,9.314191202907312e-05,1,623
2,0.0,1.550899305876069e-07,0.0,2,623
0,0.0,0.00013245811798012403,0.00012222148998059025,0,624
1,2.9320644747293134e-08,0.0,9.486438269846892e-05,1,624
2,0.0,1.4988433665124774e-07,0.0,2,624
0,0.0,9.395372497597322e-05,0.00011406919140647102,0,625
1,2.429854696130828e-08,0.0,9.802982199908222e-05,1,625
2,0.0,1.4033491293975562e-07,0.0,2,625
0,0.0,7.299442226563648e-05,0.00010327787724818309,0,626
1,1.932384923990962e-08,0.0,0.00010463087644905753,1,626
2,0.0,1.319384596157796e-07,0.0,2,626
0,0.0,7.523927268563426e-05,0.00010661261313027816,0,627
1,2.0182039398731298e-08,0.0,0.0001101367589133374,1,627
2,0.0,1.3942711688685228e-07,0.0,2,627
0,0.0,0.00037074865969402945,6.261015351396418e-05,0,628
1,2.8240944299998215e-08,0.0,0.0,1,628
2,0.0,2.1232991797952738e-08,0.0,2,628
0,0.0,0.0001323594598680268,9.836199799972698e-05,0,629
1,1.9079176015361255e-08,0.0,8.941938556254944e-05,1,629
2,0.0,1.0330487261986908e-07,0.0,2,629
0,0.0,0.00018314860334165626,0.0001189284284352916,0,630
1,2.8881709848169553e-08,0.0,9.495647588329766e-05,1,630
2,0.0,1.3268318681670272e-07,0.0,2,630
0,0.0,0.00024280625681589717,0.00013419703523537602,0,631
1,3.9353272876114185e-08,0.0,9.288621237603868e-05,1,631
2,0.0,1.518465893644798e-07,0.0,2,631
0,0.0,0.0002403935189562752,0.0001316001509848263,0,632
1,3.8085354665549e-08,0.0,9.117081532332193e-05,1,632
2,0.0,1.4657372773913857e-07,0.0,2,632
0,0.0,0.00024195790957459257,0.00013168594368455984,0,633
1,3.8260702387004594e-08,0.0,9.076695640684354e-05,1,633
2,0.0,1.4638035894181272e-07,0.0,2,633
0,0.0,0.00024180396136037563,0.00013173891403193364,0,634
1,3.82726047788858e-08,0.0,9.074021152194967e-05,1,634
2,0.0,1.4643258298299231e-07,0.0,2,634
0,0.0,0.00024180396136037563,0.00013173891403193364,0,635
1,3.82726047788858e-08,0.0,9.074021152194967e-05,1,635
2,0.0,1.4643258298299231e-07,0.0,2,635
0,0.0,0.00024180396136037563,0.00013173891403193364,0,636
1,3.82726047788858e-08,0.0,9.074021152194967e-05,1,636
2,0.0,1.4643258298299231e-07,0.0,2,636
0,0.0,-4.5907716905661164,-0.19030140239723858,0,637
1,2.6835208509141935,0.0,-0.12264007528506074,1,637
2,0.0,0.25017773174997043,0.0,2,637
0,0.0,-0.7254182331458352,-0.03363600425829405,0,638
1,0.08484155255368114,0.0,-0.01934809599849249,1,638
2,0.0,0.008524119250102956,0.0,2,638
0,0.0,-0.12080962501943426,-0.005531748197259793,0,639
1,0.002374786029924488,0.0,-0.0031533644288264965,1,639
2,0.0,0.00023075210817904128,0.0,2,639
0,0.0,-0.02003932045790045,-0.0008173342032640173,0,640
1,6.506849511044542e-05,0.0,-0.0004528212602203087,1,640
2,0.0,4.965721146959041e-06,0.0,2,640
0,0.0,-0.0032344421505100416,-3.0937752551983185e-05,0,641
1,1.6676980923707904e-06,0.0,-2.4290045301452794e-06,1,641
2,0.0,5.388548511760856e-09,0.0,2,641
0,0.0,-0.00037842045492507,0.00010271442564954547,0,642
1,4.041157787748065e-08,0.0,7.411712432526357e-05,1,642
2,0.0,9.194290944993198e-08,0.0,2,642
0,0.0,0.00011939554190117009,0.00012601059542161877,0,643
1,2.8767356698382857e-08,0.0,8.74594529595951e-05,1,643
2,0.0,1.3466961548487904e-07,0.0,2,643
0,0.0,0.0001406461483816073,0.0001227343977822588,0,644
1,2.828752204299374e-08,0.0,8.54411440336793e-05,1,644
2,0.0,1.28019470057854e-07,0.0,2,644
0,0.0,0.00019148460164800638,0.00010510163959482664,0,645
1,2.427271990386609e-08,0.0,7.460293990002848e-05,1,645
2,0.0,9.515068964613014e-08,0.0,2,645
0,0.0,0.00019122638987528152,9.918713602315622e-05,0,646
1,2.2240720342161087e-08,0.0,7.076266539303414e-05,1,646
2,0.0,8.504593066715972e-08,0.0,2,646
0,0.0,0.00013139819285017262,9.155252076533166e-05,0,647
1,1.6736672054978018e-08,0.0,6.538555058543149e-05,1,647
2,0.0,7.25120584553518e-08,0.0,2,647
0,0.0,0.00015271507029626609,9.424922997047938e-05,0,648
1,1.8537324831723118e-08,0.0,6.715712133009856e-05,1,648
2,0.0,7.672223385600612e-08,0.0,2,648
0,0.0,0.00016142015930871556,9.741374459760036e-05,0,649
1,1.9984941188586788e-08,0.0,6.914214229851154e-05,1,649
2,0.0,8.173660237717948e-08,0.0,2,649
0,0.0,0.00016569450939158233,0.00010118925024903308,0,650
1,2.1458866802576513e-08,0.0,7.050120179746822e-05,1,650
2,0.0,8.706814855855392e-08,0.0,2,650
0,0.0,0.00016997367253456354,0.0001009748673939275,0,651
1,2.161529638079489e-08,0.0,6.720407050415006e-05,1,651
2,0.0,8.410344957096006e-08,0.0,2,651
0,0.0,0.0001727135803937328,9.586322542308826e-05,0,652
1,2.008581652519758e-08,0.0,6.4554700788435e-05,1,652
2,0.0,7.638311103223816e-08,0.0,2,652
0,0.0,0.00017236395174242595,9.412307404099909e-05,0,653
1,1.951491178170663e-08,0.0,6.391497776987082e-05,1,653
2,0.0,7.404130876158274e-08,0.0,2,653
0,0.0,0.00017197695821140286,9.39395018197405e-05,0,654
1,1.943607825883247e-08,0.0,6.400773322911272e-05,1,654
2,0.0,7.391935840005143e-08,0.0,2,654
0,0.0,0.00017197695821140286,9.39395018197405e-05,0,655
1,1.943607825883247e-08,0.0,6.400773322911272e-05,1,655
2,0.0,7.391935840005143e-08,0.0,2,655
0,0.0,0.00024180396136037563,0.00013173891403193364,0,656
1,3.82726047788858e-08,0.0,9.074021152194967e-05,1,656
2,0.0,1.4643258298299231e-07,0.0,2,656
0,0.0,-4.582936576470888,-0.20918996948371787,0,657
1,2.684401573716327,0.0,-0.14993734295335887,1,657
2,0.0,0.32240071508604756,0.0,2,657
0,0.0,-0.7238426089262815,-0.03696941965950248,0,658
1,0.08487013600557879,0.0,-0.023655648226776252,1,658
2,0.0,0.010934103195183904,0.0,2,658
0,0.0,-0.12054737141393948,-0.006090661855675924,0,659
1,0.002375542756144169,0.0,-0.0038720872581816724,1,659
2,0.0,0.00029734864793549975,0.0,2,659
0,0.0,-0.01999973194844612,-0.0009112125268312685,0,660
1,6.508683294710572e-05,0.0,-0.0005733836583018592,1,660
2,0.0,6.615111600562504e-06,0.0,2,660
0,0.0,-0.003237213594174289,-4.752126738223038e-05,0,661
1,1.672725684418962e-06,0.0,-2.3407444012941155e-05,1,661
2,0.0,1.5915341448873404e-08,0.0,2,661
0,0.0,-0.0004280657992749648,9.722307383014164e-05,0,662
1,4.4955878639697225e-08,0.0,6.87615346112415e-05,1,662
2,0.0,8.121439211393355e-08,0.0,2,662
0,0.0,-5.063021258205479e-05,0.00011667088978228728,0,663
1,2.3123049375813938e-08,0.0,8.114533474585977e-05,1,663
2,0.0,1.1560998605093834e-07,0.0,2,663
0,0.0,-1.2751084690286353e-05,0.00010813059945870243,0,664
1,1.9536968365400214e-08,0.0,7.564662314020282e-05,1,664
2,0.0,9.97031714571592e-08,0.0,2,664
0,0.0,5.3502509819452026e-05,8.203413395319869e-05,0,665
1,1.1685711983236497e-08,0.0,5.864277919270165e-05,1,665
2,0.0,5.825698508726703e-08,0.0,2,665
0,0.0,7.923859802881965e-05,6.864995945046748e-05,0,666
1,8.864327348581417e-09,0.0,4.958043755113374e-05,1,666
2,0.0,4.109703035718238e-08,0.0,2,666
0,0.0,9.603059367977122e-05,6.037367087149108e-05,0,667
1,7.551120763242052e-09,0.0,4.3574245226607365e-05,1,667
2,0.0,3.177010644591013e-08,0.0,2,667
0,0.0,0.00010474418482198454,5.676433823825247e-05,0,668
1,7.124218306414351e-09,0.0,4.064386881300187e-05,1,668
2,0.0,2.7925795695947567e-08,0.0,2,668
0,0.0,0.0001163935231232985,5.256676716546357e-05,0,669
1,6.768665371162265e-09,0.0,3.693423504921412e-05,1,669
2,0.0,2.36335796098937e-08,0.0,2,669
0,0.0,4.478336576173272e-05,4.578994827078403e-05,0,670
1,3.818237471255215e-09,0.0,3.059617761866826e-05,1,670
2,0.0,1.7339400565856875e-08,0.0,2,670
0,0.0,9.198499096253572e-05,4.871260355634772e-05,0,671
1,5.307257731059393e-09,0.0,3.288481206542822e-05,1,671
2,0.0,1.975523282532377e-08,0.0,2,671
0,0.0,0.00010740914059404316,5.295191119197218e-05,0,672
1,6.51625209086206e-09,0.0,3.614470026798873e-05,1,672
2,0.0,2.351489545560967e-08,0.0,2,672
0,0.0,9.876858631783239e-05,5.6708419886473586e-05,0,673
1,6.919946473817004e-09,0.0,3.908634618804307e-05,1,673
2,0.0,2.7145689219715946e-08,0.0,2,673
0,0.0,8.522225602611842e-05,5.885098013943894e-05,0,674
1,6.936172263065546e-09,0.0,4.1230429719970047e-05,1,674
2,0.0,2.9562929861035406e-08,0.0,2,674
0,0.0,5.7866077616819315e-05,6.188030532731103e-05,0,675
1,6.923078893052018e-09,0.0,3.709469889158016e-05,1,675
2,0.0,2.9666139475693333e-08,0.0,2,675
0,0.0,6.800007069358179e-05,5.774322004010159e-05,0,676
1,6.3003790465810866e-09,0.0,3.362060779408601e-05,1,676
2,0.0,2.5425291123580232e-08,0.0,2,676
0,0.0,8.742808598121448e-05,5.706345174148359e-05,0,677
1,6.651054380410897e-09,0.0,3.396662046827301e-05,1,677
2,0.0,2.512902766916446e-08,0.0,2,677
0,0.0,0.00010302007102545086,5.7097859690849845e-05,0,678
1,7.1305205490544925e-09,0.0,3.4936419422044397e-05,1,678
2,0.0,2.5551641630221855e-08,0.0,2,678
0,0.0,0.00010200531108771117,5.7032550199665056e-05,0,679
1,7.0849485578330716e-09,0.0,3.504031149884446e-05,1,679
2,0.0,2.555354297794479e-08,0.0,2,679
0,0.0,9.825413184217815e-05,5.631424275110172e-05,0,680
1,6.829447959714159e-09,0.0,3.615380254858469e-05,1,680
2,0.0,2.5573491603658578e-08,0.0,2,680
0,0.0,9.810228669916136e-05,5.550715842376214e-05,0,681
1,6.6740979381323724e-09,0.0,3.724250462914562e-05,1,681
2,0.0,2.554783954133764e-08,0.0,2,681
0,0.0,0.0001002448633280045,5.4973976111071796e-05,0,682
1,6.643478445179863e-09,0.0,3.781313387977174e-05,1,682
2,0.0,2.5475166855664744e-08,0.0,2,682
0,0.0,0.00010065018177350672,5.4964992092535495e-05,0,683
1,6.6547980740387645e-09,0.0,3.782642235509386e-05,1,683
2,0.0,2.5475667041428215e-08,0.0,2,683
0,0.0,0.00010065018177350672,5.4964992092535495e-05,0,684
1,6.6547980740387645e-09,0.0,3.782642235509386e-05,1,684
2,0.0,2.5475667041428215e-08,0.0,2,684
